Project Name,Area (SQFT),Street Name,Type of Sale,Type of Area,Property Type,Number of Units,Postal District,Market Segment,Year,Month,start_floor,end_floor,is_freehold,lease_duration_years,lease_commencement_year,remaining_lease_years,lease_age_at_sale,lease_maturity_ratio,lease_category_encoded,is_peak_season,is_november,quarter,month_sin,month_cos,Transacted Price ($)
THE GAZANIA,904.18,HOW SUN DRIVE,New Sale,Strata,Condominium,1.0,19.0,Outside Central Region,22,1,1,5,1,9999,0,9999,0,0.0,0,0,0,1,0.49999999999999994,0.8660254037844387,1922717.5986726608
CANNINGHILL PIERS,441.32,CLARKE QUAY,New Sale,Strata,Apartment,1.0,6.0,Rest of Central Region,21,11,16,20,0,99,2021,99,0,0.0,1,1,1,4,-0.5000000000000004,0.8660254037844384,1276646.3705029087
PASIR RIS 8,775.01,PASIR RIS DRIVE 8,New Sale,Strata,Apartment,1.0,18.0,Outside Central Region,21,7,6,10,0,99,2021,99,0,0.0,1,0,0,3,-0.4999999999999998,-0.8660254037844388,1268811.2124332567
MAYSPRINGS,1377.79,PETIR ROAD,Resale,Strata,Apartment,1.0,23.0,Outside Central Region,24,9,6,10,0,99,1994,69,30,0.30303030303030304,2,0,0,3,-1.0,-1.8369701987210297e-16,1646317.0362500988
BRADDELL VIEW,1700.71,BRADDELL HILL,Resale,Strata,Apartment,1.0,20.0,Rest of Central Region,24,8,1,5,0,102,1978,56,46,0.45098039215686275,3,0,0,3,-0.8660254037844384,-0.5000000000000004,1767596.8485789225
NOMA,452.09,GUILLEMARD ROAD,New Sale,Strata,Apartment,1.0,14.0,Rest of Central Region,20,8,1,5,1,9999,0,9999,0,0.0,0,0,0,3,-0.8660254037844384,-0.5000000000000004,761412.6569207009
D'LEEDON,1367.03,LEEDON HEIGHTS,Resale,Strata,Condominium,1.0,10.0,Core Central Region,20,9,16,20,0,99,2010,89,10,0.10101010101010101,1,0,0,3,-1.0,-1.8369701987210297e-16,2069331.4601985984
SANT RITZ,958.0,PHENG GECK AVENUE,Resale,Strata,Condominium,1.0,13.0,Rest of Central Region,24,7,6,10,0,99,2012,87,12,0.12121212121212122,1,0,0,3,-0.4999999999999998,-0.8660254037844388,1743553.2481886507
EMERALD OF KATONG,688.9,JALAN TEMBUSU,New Sale,Strata,Condominium,1.0,15.0,Rest of Central Region,24,11,6,10,0,99,2023,98,1,0.010101010101010102,1,1,1,4,-0.5000000000000004,0.8660254037844384,1803345.4411094238
DUCHESS CREST,1840.64,DUCHESS AVENUE,Resale,Strata,Condominium,1.0,10.0,Core Central Region,23,11,1,5,0,99,1995,71,28,0.2828282828282828,2,1,1,4,-0.5000000000000004,0.8660254037844384,3280506.652841153
HILLHAVEN,721.19,HILLVIEW RISE,New Sale,Strata,Condominium,1.0,23.0,Outside Central Region,24,9,16,20,0,99,2023,98,1,0.010101010101010102,1,0,0,3,-1.0,-1.8369701987210297e-16,1598261.0117897068
COTE D'AZUR,1679.18,MARINE PARADE ROAD,Resale,Strata,Condominium,1.0,15.0,Rest of Central Region,21,3,16,20,0,99,2001,79,20,0.20202020202020202,2,0,0,1,1.0,6.123233995736766e-17,2317133.6286437176
LIV @ MB,1119.46,ARTHUR ROAD,New Sale,Strata,Condominium,1.0,15.0,Rest of Central Region,22,5,1,5,0,99,2021,98,1,0.010101010101010102,1,0,0,2,0.49999999999999994,-0.8660254037844387,2508550.7672601226
THOMSON THREE,495.14,BRIGHT HILL DRIVE,Resale,Strata,Apartment,1.0,20.0,Rest of Central Region,23,11,6,10,0,99,2012,88,11,0.1111111111111111,1,1,1,4,-0.5000000000000004,0.8660254037844384,924518.2581466682
LENTOR HILLS RESIDENCES,1345.5,LENTOR HILLS ROAD,New Sale,Strata,Apartment,1.0,26.0,Outside Central Region,23,12,11,15,0,99,2022,98,1,0.010101010101010102,1,0,0,4,-2.4492935982947064e-16,1.0,2850811.7463895422
KINGSFORD WATERBAY,721.19,UPPER SERANGOON VIEW,Resale,Strata,Apartment,1.0,19.0,Outside Central Region,21,7,6,10,0,99,2014,92,7,0.0707070707070707,1,0,0,3,-0.4999999999999998,-0.8660254037844388,887733.0000568188
THE GAZANIA,1054.87,HOW SUN DRIVE,New Sale,Strata,Condominium,1.0,19.0,Outside Central Region,22,5,1,5,1,9999,0,9999,0,0.0,0,0,0,2,0.49999999999999994,-0.8660254037844387,2224117.781654621
POLLEN & BLEU,893.41,FARRER DRIVE,Resale,Strata,Condominium,1.0,10.0,Core Central Region,23,10,1,5,0,99,2012,88,11,0.1111111111111111,1,1,0,4,-0.8660254037844386,0.5000000000000001,1726178.974444652
THE REEF AT KING'S DOCK,979.52,HARBOURFRONT AVENUE,New Sale,Strata,Condominium,1.0,4.0,Rest of Central Region,23,3,1,5,0,99,2021,97,2,0.020202020202020204,1,0,0,1,1.0,6.123233995736766e-17,2332298.397019301
H2O RESIDENCES,882.65,FERNVALE LINK,Resale,Strata,Condominium,1.0,28.0,Outside Central Region,21,6,16,20,0,99,2010,88,11,0.1111111111111111,1,0,0,2,1.2246467991473532e-16,-1.0,952926.5993643128
CASHEW HEIGHTS CONDOMINIUM,1657.66,CASHEW ROAD,Resale,Strata,Condominium,1.0,23.0,Outside Central Region,23,9,1,5,0,999,1882,858,141,0.14114114114114115,1,0,0,3,-1.0,-1.8369701987210297e-16,2369210.4077554573
STIRLING RESIDENCES,635.08,STIRLING ROAD,Resale,Strata,Apartment,1.0,3.0,Rest of Central Region,23,11,26,30,0,99,2017,93,6,0.06060606060606061,1,1,1,4,-0.5000000000000004,0.8660254037844384,1470383.074532806
THE CITRON RESIDENCES,721.19,MARNE ROAD,Resale,Strata,Apartment,1.0,8.0,Rest of Central Region,24,3,1,5,1,9999,0,9999,0,0.0,0,0,0,1,1.0,6.123233995736766e-17,1157084.819247847
STIRLING RESIDENCES,678.13,STIRLING ROAD,Resale,Strata,Apartment,1.0,3.0,Rest of Central Region,23,8,21,25,0,99,2017,93,6,0.06060606060606061,1,0,0,3,-0.8660254037844384,-0.5000000000000004,1586738.2036902446
THE BAYSHORE,1011.82,BAYSHORE ROAD,Resale,Strata,Condominium,1.0,16.0,Outside Central Region,22,8,21,25,0,99,1993,70,29,0.29292929292929293,2,0,0,3,-0.8660254037844384,-0.5000000000000004,1197910.8582774887
THE LANDMARK,495.14,CHIN SWEE ROAD,New Sale,Strata,Condominium,1.0,3.0,Rest of Central Region,24,3,36,40,0,99,2020,95,4,0.04040404040404041,1,0,0,1,1.0,6.123233995736766e-17,1463214.9293288265
EMERALD OF KATONG,968.76,JALAN TEMBUSU,New Sale,Strata,Condominium,1.0,15.0,Rest of Central Region,24,11,1,5,0,99,2023,98,1,0.010101010101010102,1,1,1,4,-0.5000000000000004,0.8660254037844384,2406684.6448326176
THE AVENIR,538.2,RIVER VALLEY CLOSE,New Sale,Strata,Condominium,1.0,9.0,Core Central Region,23,4,31,35,1,9999,0,9999,0,0.0,0,0,0,2,0.8660254037844387,-0.49999999999999983,1740977.5599848276
TREASURE AT TAMPINES,914.94,TAMPINES LANE,New Sale,Strata,Condominium,1.0,18.0,Outside Central Region,21,4,1,5,0,99,2018,96,3,0.030303030303030304,1,0,0,2,0.8660254037844387,-0.49999999999999983,1276460.7202496666
TREASURE AT TAMPINES,1323.97,TAMPINES LANE,New Sale,Strata,Condominium,1.0,18.0,Outside Central Region,21,8,1,5,0,99,2018,96,3,0.030303030303030304,1,0,0,3,-0.8660254037844384,-0.5000000000000004,1829501.5374155901
WEST BAY CONDOMINIUM,1216.33,WEST COAST CRESCENT,Resale,Strata,Condominium,1.0,5.0,Outside Central Region,22,9,1,5,0,99,1991,68,31,0.31313131313131315,2,0,0,3,-1.0,-1.8369701987210297e-16,1311359.852915636
JADESCAPE,775.01,SHUNFU ROAD,Sub Sale,Strata,Condominium,1.0,20.0,Rest of Central Region,23,7,1,5,0,99,2018,94,5,0.050505050505050504,1,0,0,3,-0.4999999999999998,-0.8660254037844388,1635247.964551143
THE RESERVE RESIDENCES,613.55,JALAN ANAK BUKIT,New Sale,Strata,Apartment,1.0,21.0,Rest of Central Region,23,5,11,15,0,99,2021,97,2,0.020202020202020204,1,0,0,2,0.49999999999999994,-0.8660254037844387,1487180.2511877047
PARC KOMO,968.76,UPPER CHANGI ROAD NORTH,New Sale,Strata,Apartment,1.0,17.0,Outside Central Region,20,9,1,5,1,9999,0,9999,0,0.0,0,0,0,3,-1.0,-1.8369701987210297e-16,1465566.548137288
THE RESERVE RESIDENCES,667.37,JALAN ANAK BUKIT,New Sale,Strata,Apartment,1.0,21.0,Rest of Central Region,23,6,26,30,0,99,2021,97,2,0.020202020202020204,1,0,0,2,1.2246467991473532e-16,-1.0,1808164.6685101718
THE PALETTE,505.91,PASIR RIS GROVE,Resale,Strata,Condominium,1.0,18.0,Outside Central Region,21,12,6,10,0,99,2010,88,11,0.1111111111111111,1,0,0,4,-2.4492935982947064e-16,1.0,652189.0361142313
SUMMERHILL,1205.57,HUME AVENUE,Resale,Strata,Condominium,1.0,21.0,Outside Central Region,21,6,1,5,1,9999,0,9999,0,0.0,0,0,0,2,1.2246467991473532e-16,-1.0,1640805.04384041
AQUARIUS BY THE PARK,1205.57,BEDOK RESERVOIR VIEW,Resale,Strata,Condominium,1.0,16.0,Outside Central Region,23,6,6,10,0,99,1996,72,27,0.2727272727272727,2,0,0,2,1.2246467991473532e-16,-1.0,1450213.3022923062
NOUVEL 18,1765.3,ANDERSON ROAD,Resale,Strata,Condominium,1.0,10.0,Core Central Region,22,8,1,5,1,9999,0,9999,0,0.0,0,0,0,3,-0.8660254037844384,-0.5000000000000004,5196265.201887397
CASA ROSA,1173.28,LORONG ONG LYE,Resale,Strata,Condominium,1.0,19.0,Outside Central Region,22,2,1,5,0,99,1998,75,24,0.24242424242424243,2,0,0,1,0.8660254037844386,0.5000000000000001,1282435.0306368326
THE WOODLEIGH RESIDENCES,958.0,BIDADARI PARK DRIVE,New Sale,Strata,Apartment,1.0,13.0,Rest of Central Region,21,5,11,15,0,99,2017,95,4,0.04040404040404041,1,0,0,2,0.49999999999999994,-0.8660254037844387,1997311.4772142002
PASIR RIS 8,1022.58,PASIR RIS DRIVE 8,New Sale,Strata,Apartment,1.0,18.0,Outside Central Region,21,7,1,5,0,99,2021,99,0,0.0,1,0,0,3,-0.4999999999999998,-0.8660254037844388,1516132.5824132261
PASIR RIS 8,710.42,PASIR RIS DRIVE 8,New Sale,Strata,Apartment,1.0,18.0,Outside Central Region,21,7,6,10,0,99,2021,99,0,0.0,1,0,0,3,-0.4999999999999998,-0.8660254037844388,1176798.4135740667
NORTHVALE,1033.34,CHOA CHU KANG LOOP,Resale,Strata,Apartment,1.0,23.0,Outside Central Region,24,10,1,5,0,99,1995,70,29,0.29292929292929293,2,1,0,4,-0.8660254037844386,0.5000000000000001,1098125.2736526781
PARC CLEMATIS,1248.62,JALAN LEMPENG,New Sale,Strata,Apartment,1.0,5.0,Outside Central Region,21,12,11,15,0,99,2019,97,2,0.020202020202020204,1,0,0,4,-2.4492935982947064e-16,1.0,2205547.430705201
CHELSEA LODGE,1001.05,TANJONG KATONG ROAD,Resale,Strata,Apartment,1.0,15.0,Rest of Central Region,20,10,1,5,1,9999,0,9999,0,0.0,0,1,0,4,-0.8660254037844386,0.5000000000000001,1277330.461962439
THE LANDMARK,764.24,CHIN SWEE ROAD,New Sale,Strata,Condominium,1.0,3.0,Rest of Central Region,24,7,31,35,0,99,2020,95,4,0.04040404040404041,1,0,0,3,-0.4999999999999998,-0.8660254037844388,2060101.8910054518
THE HILL @ONE-NORTH,753.48,SLIM BARRACKS RISE,New Sale,Strata,Apartment,1.0,5.0,Rest of Central Region,24,8,6,10,0,99,2022,97,2,0.020202020202020204,1,0,0,3,-0.8660254037844384,-0.5000000000000004,1963287.2859421598
AMO RESIDENCE,742.72,ANG MO KIO RISE,New Sale,Strata,Apartment,1.0,20.0,Outside Central Region,22,7,21,25,0,99,2021,98,1,0.010101010101010102,1,0,0,3,-0.4999999999999998,-0.8660254037844388,1643987.0646850886
VIBES @ EAST COAST,581.26,TELOK KURAU ROAD,Resale,Strata,Apartment,1.0,15.0,Outside Central Region,23,3,1,5,1,9999,0,9999,0,0.0,0,0,0,1,1.0,6.123233995736766e-17,835725.0357891319
THE AVENIR,828.83,RIVER VALLEY CLOSE,New Sale,Strata,Condominium,1.0,9.0,Core Central Region,21,11,21,25,1,9999,0,9999,0,0.0,0,1,1,4,-0.5000000000000004,0.8660254037844384,2642216.838380537
CAPE ROYALE,1905.23,COVE WAY,Resale,Strata,Condominium,1.0,4.0,Core Central Region,23,2,6,10,0,99,2008,84,15,0.15151515151515152,1,0,0,1,0.8660254037844386,0.5000000000000001,4134243.925339018
D' CASTILIA,602.78,JOO CHIAT LANE,Resale,Strata,Apartment,1.0,15.0,Rest of Central Region,20,10,1,5,1,9999,0,9999,0,0.0,0,1,0,4,-0.8660254037844386,0.5000000000000001,793374.1468621426
JEWEL @ BUANGKOK,1140.98,COMPASSVALE BOW,Resale,Strata,Condominium,1.0,19.0,Outside Central Region,20,10,6,10,0,99,2012,91,8,0.08080808080808081,1,1,0,4,-0.8660254037844386,0.5000000000000001,1389797.1962168454
RIVIERE,2002.1,JIAK KIM STREET,New Sale,Strata,Apartment,1.0,3.0,Rest of Central Region,22,4,16,20,0,99,2018,95,4,0.04040404040404041,1,0,0,2,0.8660254037844387,-0.49999999999999983,5698965.597252216
THE INFINITI,1291.68,WEST COAST PARK,Resale,Strata,Condominium,1.0,5.0,Outside Central Region,23,7,1,5,1,9999,0,9999,0,0.0,0,0,0,3,-0.4999999999999998,-0.8660254037844388,1839219.3901259375
THE SAIL @ MARINA BAY,613.55,MARINA BOULEVARD,Resale,Strata,Apartment,1.0,1.0,Core Central Region,24,6,41,45,0,99,2002,77,22,0.2222222222222222,2,0,0,2,1.2246467991473532e-16,-1.0,1203595.5971024418
GLENDALE PARK,1248.62,HILLVIEW AVENUE,Resale,Strata,Condominium,1.0,23.0,Outside Central Region,22,6,1,5,1,9999,0,9999,0,0.0,0,0,0,2,1.2246467991473532e-16,-1.0,1787819.3906458204
PARC CLEMATIS,1496.2,JALAN LEMPENG,New Sale,Strata,Apartment,1.0,5.0,Outside Central Region,22,2,6,10,0,99,2019,96,3,0.030303030303030304,1,0,0,1,0.8660254037844386,0.5000000000000001,2709019.7635678174
THE GARDENS AT BISHAN,882.65,SIN MING WALK,Resale,Strata,Condominium,1.0,20.0,Rest of Central Region,20,11,1,5,0,99,1997,76,23,0.23232323232323232,2,1,1,4,-0.5000000000000004,0.8660254037844384,1000194.5638434036
MIDTOWN MODERN,904.18,TAN QUEE LAN STREET,New Sale,Strata,Apartment,1.0,7.0,Core Central Region,22,3,11,15,0,99,2019,96,3,0.030303030303030304,1,0,0,1,1.0,6.123233995736766e-17,2394483.6667253356
DUNEARN 386,914.94,DUNEARN ROAD,New Sale,Strata,Apartment,1.0,11.0,Core Central Region,21,8,1,5,1,9999,0,9999,0,0.0,0,0,0,3,-0.8660254037844384,-0.5000000000000004,2258598.324651177
WATERFORD RESIDENCE,1646.89,KIM YAM ROAD,Resale,Strata,Apartment,1.0,9.0,Core Central Region,22,2,6,10,0,999,1841,818,181,0.18118118118118118,1,0,0,1,0.8660254037844386,0.5000000000000001,2892617.0230155257
SPRINGDALE CONDOMINIUM,1119.46,HINDHEDE WALK,Resale,Strata,Condominium,1.0,21.0,Outside Central Region,20,10,1,5,0,999,1877,856,143,0.14314314314314314,1,1,0,4,-0.8660254037844386,0.5000000000000001,1272921.4628716335
MACKENZIE 88,452.09,MACKENZIE ROAD,Resale,Strata,Apartment,1.0,9.0,Core Central Region,22,4,1,5,1,9999,0,9999,0,0.0,0,0,0,2,0.8660254037844387,-0.49999999999999983,744918.2744012652
MIDWOOD,484.38,HILLVIEW RISE,New Sale,Strata,Condominium,1.0,23.0,Outside Central Region,20,12,11,15,0,99,2018,97,2,0.020202020202020204,1,0,0,4,-2.4492935982947064e-16,1.0,802732.0760817477
ONE AMBER,1302.44,AMBER GARDENS,Resale,Strata,Condominium,1.0,15.0,Rest of Central Region,24,3,1,5,1,9999,0,9999,0,0.0,0,0,0,1,1.0,6.123233995736766e-17,2558291.321334161
ONE HOLLAND VILLAGE RESIDENCES,484.38,HOLLAND VILLAGE WAY,New Sale,Strata,Apartment,1.0,10.0,Core Central Region,22,9,31,35,0,99,2018,95,4,0.04040404040404041,1,0,0,3,-1.0,-1.8369701987210297e-16,1481238.7378260326
PENROSE,1399.32,SIMS DRIVE,New Sale,Strata,Apartment,1.0,14.0,Rest of Central Region,22,3,11,15,0,99,2019,96,3,0.030303030303030304,1,0,0,1,1.0,6.123233995736766e-17,2367723.2415012578
EUHABITAT,548.96,JALAN EUNOS,Resale,Strata,Condominium,1.0,14.0,Outside Central Region,21,7,1,5,0,99,2010,88,11,0.1111111111111111,1,0,0,3,-0.4999999999999998,-0.8660254037844388,701588.3359886289
PARC SOPHIA,624.31,ADIS ROAD,Resale,Strata,Apartment,1.0,9.0,Core Central Region,23,3,1,5,1,9999,0,9999,0,0.0,0,0,0,1,1.0,6.123233995736766e-17,1086840.9670491482
SEASONS VIEW,2744.82,PEMIMPIN DRIVE,Resale,Strata,Condominium,1.0,20.0,Rest of Central Region,22,5,16,20,0,99,1996,73,26,0.26262626262626265,2,0,0,2,0.49999999999999994,-0.8660254037844387,2982759.2530208114
THE TRILLIUM,1797.59,KIM SENG ROAD,Resale,Strata,Condominium,1.0,9.0,Core Central Region,24,6,26,30,1,9999,0,9999,0,0.0,0,0,0,2,1.2246467991473532e-16,-1.0,5178536.827989663
RIVIERE,1173.28,JIAK KIM STREET,New Sale,Strata,Apartment,1.0,3.0,Rest of Central Region,22,4,11,15,0,99,2018,95,4,0.04040404040404041,1,0,0,2,0.8660254037844387,-0.49999999999999983,2999578.768105158
PEBBLE BAY,1367.03,TANJONG RHU ROAD,Resale,Strata,Condominium,1.0,15.0,Rest of Central Region,22,7,6,10,0,99,1994,71,28,0.2828282828282828,2,0,0,3,-0.4999999999999998,-0.8660254037844388,2228349.0760704493
MARTIN MODERN,1011.82,MARTIN PLACE,Resale,Strata,Condominium,1.0,9.0,Core Central Region,24,12,6,10,0,99,2016,91,8,0.08080808080808081,1,0,0,4,-2.4492935982947064e-16,1.0,2716033.9268364846
BARTLEY RESIDENCES,796.54,LORONG HOW SUN,Resale,Strata,Apartment,1.0,19.0,Outside Central Region,22,8,11,15,0,99,2011,88,11,0.1111111111111111,1,0,0,3,-0.8660254037844384,-0.5000000000000004,1233893.9013850952
EDELWEISS PARK CONDOMINIUM,1270.15,FLORA ROAD,Resale,Strata,Condominium,1.0,17.0,Outside Central Region,21,3,6,10,1,9999,0,9999,0,0.0,0,0,0,1,1.0,6.123233995736766e-17,1130400.438667236
THOMSON THREE,1582.31,BRIGHT HILL DRIVE,Resale,Strata,Apartment,1.0,20.0,Rest of Central Region,20,9,21,25,0,99,2012,91,8,0.08080808080808081,1,0,0,3,-1.0,-1.8369701987210297e-16,2059207.749624358
DUCHESS RESIDENCES,1485.43,DUCHESS AVENUE,Resale,Strata,Condominium,1.0,10.0,Core Central Region,21,7,1,5,0,999,1875,853,146,0.14614614614614616,1,0,0,3,-0.4999999999999998,-0.8660254037844388,2722295.791070977
HILLSTA,538.2,PHOENIX ROAD,Resale,Strata,Condominium,1.0,23.0,Outside Central Region,23,2,11,15,0,99,2011,87,12,0.12121212121212122,1,0,0,1,0.8660254037844386,0.5000000000000001,712768.1063109796
RIVERBANK @ FERNVALE,1044.11,FERNVALE CLOSE,Resale,Strata,Condominium,1.0,28.0,Outside Central Region,22,4,6,10,0,99,2013,90,9,0.09090909090909091,1,0,0,2,0.8660254037844387,-0.49999999999999983,1272546.9894844422
ONE DEVONSHIRE,1571.54,DEVONSHIRE ROAD,Resale,Strata,Condominium,1.0,9.0,Core Central Region,21,7,31,35,1,9999,0,9999,0,0.0,0,0,0,3,-0.4999999999999998,-0.8660254037844388,4085481.54953788
TANGLIN REGENCY,1044.11,TANGLIN ROAD,Resale,Strata,Condominium,1.0,10.0,Core Central Region,23,7,1,5,0,99,1994,70,29,0.29292929292929293,2,0,0,3,-0.4999999999999998,-0.8660254037844388,1632189.9818365974
EVERGREEN PARK,1367.03,HOUGANG AVENUE 7,Resale,Strata,Apartment,1.0,19.0,Outside Central Region,23,4,1,5,0,99,1995,71,28,0.2828282828282828,2,0,0,2,0.8660254037844387,-0.49999999999999983,1303934.0342520801
THE FLORENCE RESIDENCES,699.66,HOUGANG AVENUE 2,New Sale,Strata,Apartment,1.0,19.0,Outside Central Region,21,5,11,15,0,99,2018,96,3,0.030303030303030304,1,0,0,2,0.49999999999999994,-0.8660254037844387,1210920.3757798194
PASIR RIS 8,516.67,PASIR RIS DRIVE 8,New Sale,Strata,Apartment,1.0,18.0,Outside Central Region,21,7,1,5,0,99,2021,99,0,0.0,1,0,0,3,-0.4999999999999998,-0.8660254037844388,865850.5087794261
PARC ROSEWOOD,1625.36,ROSEWOOD DRIVE,Resale,Strata,Condominium,1.0,25.0,Outside Central Region,21,9,1,5,0,99,2011,89,10,0.10101010101010101,1,0,0,3,-1.0,-1.8369701987210297e-16,1144950.2812121839
EUHABITAT,1011.82,JALAN EUNOS,Resale,Strata,Condominium,1.0,14.0,Outside Central Region,21,10,1,5,0,99,2010,88,11,0.1111111111111111,1,1,0,4,-0.8660254037844386,0.5000000000000001,1237813.6122090418
THE SCALA,904.18,SERANGOON AVENUE 3,Resale,Strata,Apartment,1.0,19.0,Outside Central Region,24,9,11,15,0,99,2010,85,14,0.1414141414141414,1,0,0,3,-1.0,-1.8369701987210297e-16,1730412.608859473
COTE D'AZUR,1539.25,MARINE PARADE ROAD,Resale,Strata,Condominium,1.0,15.0,Rest of Central Region,23,10,6,10,0,99,2001,77,22,0.2222222222222222,2,1,0,4,-0.8660254037844386,0.5000000000000001,2662136.185124401
MIDWOOD,699.66,HILLVIEW RISE,New Sale,Strata,Condominium,1.0,23.0,Outside Central Region,21,9,1,5,0,99,2018,96,3,0.030303030303030304,1,0,0,3,-1.0,-1.8369701987210297e-16,1147864.5390053792
THE MINTON,1216.33,HOUGANG STREET 11,Resale,Strata,Condominium,1.0,19.0,Outside Central Region,23,5,6,10,0,99,2007,83,16,0.16161616161616163,1,0,0,2,0.49999999999999994,-0.8660254037844387,1742607.2420651375
THE AVENIR,2055.92,RIVER VALLEY CLOSE,New Sale,Strata,Condominium,1.0,9.0,Core Central Region,21,9,16,20,1,9999,0,9999,0,0.0,0,0,0,3,-1.0,-1.8369701987210297e-16,6605741.382761279
ESCADA VIEW,1194.8,LENGKONG EMPAT,Resale,Strata,Condominium,1.0,14.0,Outside Central Region,20,8,6,10,1,9999,0,9999,0,0.0,0,0,0,3,-0.8660254037844384,-0.5000000000000004,1040701.0850592745
PARC ESTA,527.44,SIMS AVENUE,New Sale,Strata,Apartment,1.0,14.0,Rest of Central Region,21,12,1,5,0,99,2018,96,3,0.030303030303030304,1,0,0,4,-2.4492935982947064e-16,1.0,1043952.2973011966
THE NCLAVE,1044.11,LORONG N TELOK KURAU,Resale,Strata,Apartment,1.0,15.0,Outside Central Region,24,11,1,5,1,9999,0,9999,0,0.0,0,1,1,4,-0.5000000000000004,0.8660254037844384,1733189.3883108196
PARC BOTANNIA,505.91,FERNVALE STREET,Sub Sale,Strata,Condominium,1.0,28.0,Outside Central Region,22,3,6,10,0,99,2016,93,6,0.06060606060606061,1,0,0,1,1.0,6.123233995736766e-17,775934.1240462252
STARVILLE,1216.33,LENGKONG TIGA,Resale,Strata,Condominium,1.0,14.0,Outside Central Region,22,6,1,5,1,9999,0,9999,0,0.0,0,0,0,2,1.2246467991473532e-16,-1.0,1386963.8804931028
HIGH PARK RESIDENCES,635.08,FERNVALE ROAD,Resale,Strata,Apartment,1.0,28.0,Outside Central Region,21,4,21,25,0,99,2014,92,7,0.0707070707070707,1,0,0,2,0.8660254037844387,-0.49999999999999983,801636.3277278555
J'DEN,1184.04,JURONG EAST CENTRAL 1,New Sale,Strata,Apartment,1.0,22.0,Outside Central Region,23,11,21,25,0,99,2023,99,0,0.0,1,1,1,4,-0.5000000000000004,0.8660254037844384,2837240.9831850533
LENTOR MANSION,527.44,LENTOR GARDENS,New Sale,Strata,Apartment,1.0,26.0,Outside Central Region,24,3,1,5,0,99,2023,98,1,0.010101010101010102,1,0,0,1,1.0,6.123233995736766e-17,1195765.2624258725
10 SHELFORD,430.56,SHELFORD ROAD,Resale,Strata,Apartment,1.0,11.0,Core Central Region,23,11,1,5,1,9999,0,9999,0,0.0,0,1,1,4,-0.5000000000000004,0.8660254037844384,842093.421264587
CHUAN PARK,731.95,LORONG CHUAN,New Sale,Strata,Condominium,1.0,19.0,Outside Central Region,24,11,11,15,0,99,2024,99,0,0.0,1,1,1,4,-0.5000000000000004,0.8660254037844384,1926087.051100573
FOURTH AVENUE RESIDENCES,505.91,FOURTH AVENUE,New Sale,Strata,Apartment,1.0,10.0,Core Central Region,21,4,1,5,0,99,2018,96,3,0.030303030303030304,1,0,0,2,0.8660254037844387,-0.49999999999999983,1180354.9109918354
LIV @ MB,1302.44,ARTHUR ROAD,New Sale,Strata,Condominium,1.0,15.0,Rest of Central Region,23,2,6,10,0,99,2021,97,2,0.020202020202020204,1,0,0,1,0.8660254037844386,0.5000000000000001,3142894.7145179217
AALTO,1528.49,MEYER ROAD,Resale,Strata,Condominium,1.0,15.0,Rest of Central Region,22,1,11,15,1,9999,0,9999,0,0.0,0,0,0,1,0.49999999999999994,0.8660254037844387,3348019.557377864
OASIS @ ELIAS,1216.33,ELIAS ROAD,Resale,Strata,Condominium,1.0,18.0,Outside Central Region,21,5,6,10,0,99,2008,86,13,0.13131313131313133,1,0,0,2,0.49999999999999994,-0.8660254037844387,1070013.8864583601
PARC CLEMATIS,1711.48,JALAN LEMPENG,New Sale,Strata,Apartment,1.0,5.0,Outside Central Region,21,9,6,10,0,99,2019,97,2,0.020202020202020204,1,0,0,3,-1.0,-1.8369701987210297e-16,2766330.3906876296
BLUE HORIZON,1162.51,WEST COAST CRESCENT,Resale,Strata,Condominium,1.0,5.0,Outside Central Region,23,3,16,20,0,99,2000,76,23,0.23232323232323232,2,0,0,1,1.0,6.123233995736766e-17,1524082.7788291667
MEYERHOUSE,3078.5,MEYER ROAD,New Sale,Strata,Condominium,1.0,15.0,Rest of Central Region,22,4,1,5,1,9999,0,9999,0,0.0,0,0,0,2,0.8660254037844387,-0.49999999999999983,8057187.335565433
THE RESERVE RESIDENCES,441.32,JALAN ANAK BUKIT,New Sale,Strata,Apartment,1.0,21.0,Rest of Central Region,23,5,11,15,0,99,2021,97,2,0.020202020202020204,1,0,0,2,0.49999999999999994,-0.8660254037844387,1166368.2566285273
IVORY HEIGHTS,1700.71,JURONG EAST STREET 13,Resale,Strata,Condominium,1.0,22.0,Outside Central Region,23,12,6,10,0,100,1986,63,37,0.37,2,0,0,4,-2.4492935982947064e-16,1.0,1887853.1119856702
THE LADYHILL,3842.75,LADY HILL ROAD,Resale,Strata,Condominium,1.0,10.0,Core Central Region,22,5,1,5,1,9999,0,9999,0,0.0,0,0,0,2,0.49999999999999994,-0.8660254037844387,7827069.665068681
CRYSTAL HEIGHTS,1044.11,PASIR PANJANG HILL,Resale,Strata,Apartment,1.0,5.0,Rest of Central Region,21,4,1,5,1,9999,0,9999,0,0.0,0,0,0,2,0.8660254037844387,-0.49999999999999983,1405916.7922628142
LA FIESTA,753.48,SENGKANG SQUARE,Resale,Strata,Condominium,1.0,19.0,Outside Central Region,21,1,11,15,0,99,2012,90,9,0.09090909090909091,1,0,0,1,0.49999999999999994,0.8660254037844387,935433.4868411723
MIDWOOD,1259.39,HILLVIEW RISE,New Sale,Strata,Condominium,1.0,23.0,Outside Central Region,21,6,16,20,0,99,2018,96,3,0.030303030303030304,1,0,0,2,1.2246467991473532e-16,-1.0,1964123.773412926
PERFECT TEN,1227.1,BUKIT TIMAH ROAD,New Sale,Strata,Apartment,1.0,10.0,Core Central Region,23,2,16,20,1,9999,0,9999,0,0.0,0,0,0,1,0.8660254037844386,0.5000000000000001,3942734.1458386984
PENROSE,1097.93,SIMS DRIVE,New Sale,Strata,Apartment,1.0,14.0,Rest of Central Region,21,5,11,15,0,99,2019,97,2,0.020202020202020204,1,0,0,2,0.49999999999999994,-0.8660254037844387,1895786.2119027565
TREASURE AT TAMPINES,678.13,TAMPINES LANE,New Sale,Strata,Condominium,1.0,18.0,Outside Central Region,21,4,6,10,0,99,2018,96,3,0.030303030303030304,1,0,0,2,0.8660254037844387,-0.49999999999999983,1006954.5510360717
JERVOIS TREASURES,796.54,JERVOIS ROAD,Resale,Strata,Apartment,1.0,10.0,Core Central Region,23,11,1,5,1,9999,0,9999,0,0.0,0,1,1,4,-0.5000000000000004,0.8660254037844384,1998899.846324951
WATERFRONT KEY,839.59,BEDOK RESERVOIR ROAD,Resale,Strata,Condominium,1.0,16.0,Outside Central Region,22,9,1,5,0,99,2007,84,15,0.15151515151515152,1,0,0,3,-1.0,-1.8369701987210297e-16,1142555.5291350873
VERDALE,1033.34,DE SOUZA AVENUE,New Sale,Strata,Apartment,1.0,21.0,Rest of Central Region,21,6,1,5,0,99,2018,96,3,0.030303030303030304,1,0,0,2,1.2246467991473532e-16,-1.0,1734850.3552244387
NORMANTON PARK,936.47,NORMANTON PARK,New Sale,Strata,Apartment,1.0,5.0,Rest of Central Region,21,7,16,20,0,99,2019,97,2,0.020202020202020204,1,0,0,3,-0.4999999999999998,-0.8660254037844388,1672077.2074495356
TREASURE AT TAMPINES,1033.34,TAMPINES LANE,New Sale,Strata,Condominium,1.0,18.0,Outside Central Region,20,11,6,10,0,99,2018,97,2,0.020202020202020204,1,1,1,4,-0.5000000000000004,0.8660254037844384,1430920.915535961
BLOSSOMS BY THE PARK,721.19,SLIM BARRACKS RISE,New Sale,Strata,Apartment,1.0,5.0,Rest of Central Region,23,4,16,20,0,99,2022,98,1,0.010101010101010102,1,0,0,2,0.8660254037844387,-0.49999999999999983,1832915.7040801775
LAGUNA 88,2034.4,EASTWOOD ROAD,Resale,Strata,Condominium,1.0,16.0,Outside Central Region,24,12,1,5,0,99,1995,70,29,0.29292929292929293,2,0,0,4,-2.4492935982947064e-16,1.0,2137038.2105801455
VUE 8 RESIDENCE,473.62,PASIR RIS HEIGHTS,Resale,Strata,Condominium,1.0,18.0,Outside Central Region,22,4,6,10,0,99,2012,89,10,0.10101010101010101,1,0,0,2,0.8660254037844387,-0.49999999999999983,659126.2699220901
STARS OF KOVAN,731.95,UPPER SERANGOON ROAD,Resale,Strata,Apartment,1.0,19.0,Outside Central Region,22,3,6,10,0,99,2015,92,7,0.0707070707070707,1,0,0,1,1.0,6.123233995736766e-17,1181042.456166737
ONE AMBER,570.49,AMBER GARDENS,Resale,Strata,Condominium,1.0,15.0,Rest of Central Region,22,7,21,25,1,9999,0,9999,0,0.0,0,0,0,3,-0.4999999999999998,-0.8660254037844388,1277769.6918291892
RIVER ISLES,1184.04,EDGEDALE PLAINS,Resale,Strata,Condominium,1.0,19.0,Outside Central Region,22,11,11,15,0,99,2012,89,10,0.10101010101010101,1,1,1,4,-0.5000000000000004,0.8660254037844384,1477482.0165722838
THE ESTUARY,1302.44,YISHUN AVENUE 1,Resale,Strata,Condominium,1.0,27.0,Outside Central Region,22,3,1,5,0,99,2008,85,14,0.1414141414141414,1,0,0,1,1.0,6.123233995736766e-17,1289072.4908871655
PERFECT TEN,753.48,BUKIT TIMAH ROAD,New Sale,Strata,Apartment,1.0,10.0,Core Central Region,21,12,16,20,1,9999,0,9999,0,0.0,0,0,0,4,-2.4492935982947064e-16,1.0,2470715.1169899204
WING ON LIFE GARDEN,3498.3,BUKIT TIMAH ROAD,Resale,Strata,Apartment,1.0,10.0,Core Central Region,23,7,6,10,1,9999,0,9999,0,0.0,0,0,0,3,-0.4999999999999998,-0.8660254037844388,6581454.875923082
THOMSON GRAND,1367.03,SIN MING WALK,Resale,Strata,Condominium,1.0,20.0,Rest of Central Region,22,8,6,10,0,99,2010,87,12,0.12121212121212122,1,0,0,3,-0.8660254037844384,-0.5000000000000004,2083702.4409286215
SEVENTY SAINT PATRICK'S,839.59,ST. PATRICK'S ROAD,Resale,Strata,Condominium,1.0,15.0,Outside Central Region,23,4,1,5,1,9999,0,9999,0,0.0,0,0,0,2,0.8660254037844387,-0.49999999999999983,1787646.5868748822
KENT RIDGE HILL RESIDENCES,1076.4,SOUTH BUONA VISTA ROAD,New Sale,Strata,Apartment,1.0,5.0,Rest of Central Region,22,1,1,5,0,99,2018,95,4,0.04040404040404041,1,0,0,1,0.49999999999999994,0.8660254037844387,2014204.831114778
ASPEN HEIGHTS,1603.84,RIVER VALLEY ROAD,Resale,Strata,Condominium,1.0,9.0,Core Central Region,23,3,1,5,0,999,1841,817,182,0.18218218218218218,1,0,0,1,1.0,6.123233995736766e-17,3314653.0490095345
THE LANDMARK,495.14,CHIN SWEE ROAD,New Sale,Strata,Condominium,1.0,3.0,Rest of Central Region,23,12,26,30,0,99,2020,96,3,0.030303030303030304,1,0,0,4,-2.4492935982947064e-16,1.0,1451259.8778611913
THE BOTANY AT DAIRY FARM,678.13,DAIRY FARM WALK,New Sale,Strata,Condominium,1.0,23.0,Outside Central Region,23,4,1,5,0,99,2022,98,1,0.010101010101010102,1,0,0,2,0.8660254037844387,-0.49999999999999983,1362457.4380234862
KEW GREEN,2992.39,KEW CRESCENT,Resale,Strata,Condominium,1.0,16.0,Outside Central Region,21,11,0,0,0,99,1994,72,27,0.2727272727272727,2,1,1,4,-0.5000000000000004,0.8660254037844384,2286292.41155818
MARINA BAY RESIDENCES,710.42,MARINA BOULEVARD,Resale,Strata,Condominium,1.0,1.0,Core Central Region,21,8,51,55,0,99,2005,83,16,0.16161616161616163,1,0,0,3,-0.8660254037844384,-0.5000000000000004,1548028.004644637
LAUREL TREE,871.88,HILLVIEW TERRACE,Resale,Strata,Apartment,1.0,23.0,Outside Central Region,23,11,6,10,1,9999,0,9999,0,0.0,0,1,1,4,-0.5000000000000004,0.8660254037844384,933704.0406664949
IRWELL HILL RESIDENCES,1582.31,IRWELL HILL,New Sale,Strata,Apartment,1.0,9.0,Core Central Region,21,4,26,30,0,99,2020,98,1,0.010101010101010102,1,0,0,2,0.8660254037844387,-0.49999999999999983,4256812.383484254
EMERALD OF KATONG,624.31,JALAN TEMBUSU,New Sale,Strata,Condominium,1.0,15.0,Rest of Central Region,24,11,1,5,0,99,2023,98,1,0.010101010101010102,1,1,1,4,-0.5000000000000004,0.8660254037844384,1628232.579182802
CORALS AT KEPPEL BAY,1011.82,KEPPEL BAY DRIVE,Resale,Strata,Condominium,1.0,4.0,Rest of Central Region,21,7,6,10,0,99,2007,85,14,0.1414141414141414,1,0,0,3,-0.4999999999999998,-0.8660254037844388,1957471.6118873595
SIMS URBAN OASIS,785.77,SIMS DRIVE,Resale,Strata,Condominium,1.0,14.0,Rest of Central Region,21,7,6,10,0,99,2014,92,7,0.0707070707070707,1,0,0,3,-0.4999999999999998,-0.8660254037844388,1180914.7348803221
THE INTERLACE,1054.87,DEPOT ROAD,Resale,Strata,Condominium,1.0,4.0,Rest of Central Region,24,5,16,20,0,99,2009,84,15,0.15151515151515152,1,0,0,2,0.49999999999999994,-0.8660254037844387,1798889.0396255697
BLOSSOMS BY THE PARK,678.13,SLIM BARRACKS RISE,New Sale,Strata,Apartment,1.0,5.0,Rest of Central Region,23,4,6,10,0,99,2022,98,1,0.010101010101010102,1,0,0,2,0.8660254037844387,-0.49999999999999983,1575713.2977147754
TRIBECA,1765.3,KIM SENG ROAD,Resale,Strata,Condominium,1.0,9.0,Core Central Region,24,7,11,15,1,9999,0,9999,0,0.0,0,0,0,3,-0.4999999999999998,-0.8660254037844388,3830629.804579921
HAIG TEN,1474.67,HAIGSVILLE DRIVE,Resale,Strata,Apartment,1.0,15.0,Rest of Central Region,24,6,1,5,1,9999,0,9999,0,0.0,0,0,0,2,1.2246467991473532e-16,-1.0,2301379.332363359
RV EDGE,376.74,SHANGHAI ROAD,Resale,Strata,Apartment,1.0,10.0,Core Central Region,20,9,1,5,1,9999,0,9999,0,0.0,0,0,0,3,-1.0,-1.8369701987210297e-16,696507.5549190026
TURQUOISE,2432.66,COVE DRIVE,Resale,Strata,Condominium,1.0,4.0,Core Central Region,22,1,1,5,0,99,2007,84,15,0.15151515151515152,1,0,0,1,0.49999999999999994,0.8660254037844387,3712835.732214443
TREASURE AT TAMPINES,1033.34,TAMPINES LANE,Sub Sale,Strata,Condominium,1.0,18.0,Outside Central Region,23,7,6,10,0,99,2018,94,5,0.050505050505050504,1,0,0,3,-0.4999999999999998,-0.8660254037844388,1705481.323778502
RIVER ISLES,1463.9,EDGEDALE PLAINS,Resale,Strata,Condominium,1.0,19.0,Outside Central Region,21,12,1,5,0,99,2012,90,9,0.09090909090909091,1,0,0,4,-2.4492935982947064e-16,1.0,1517158.1894456686
PARC ROSEWOOD,2314.26,ROSEWOOD DRIVE,Resale,Strata,Condominium,1.0,25.0,Outside Central Region,23,10,1,5,0,99,2011,87,12,0.12121212121212122,1,1,0,4,-0.8660254037844386,0.5000000000000001,1735429.4389982924
THE RESERVE RESIDENCES,613.55,JALAN ANAK BUKIT,New Sale,Strata,Apartment,1.0,21.0,Rest of Central Region,23,5,11,15,0,99,2021,97,2,0.020202020202020204,1,0,0,2,0.49999999999999994,-0.8660254037844387,1487180.2511877047
V ON SHENTON,1754.53,SHENTON WAY,Resale,Strata,Apartment,1.0,1.0,Core Central Region,21,12,46,50,0,99,2011,89,10,0.10101010101010101,1,0,0,4,-2.4492935982947064e-16,1.0,3849018.5156755657
THE OCEANFRONT @ SENTOSA COVE,1323.97,OCEAN DRIVE,Resale,Strata,Condominium,1.0,4.0,Core Central Region,24,8,1,5,0,99,2005,80,19,0.1919191919191919,1,0,0,3,-0.8660254037844384,-0.5000000000000004,2250462.758600264
THE CLEARWATER,1453.14,BEDOK RESERVOIR VIEW,Resale,Strata,Condominium,1.0,16.0,Outside Central Region,23,1,11,15,0,99,1997,73,26,0.26262626262626265,2,0,0,1,0.49999999999999994,0.8660254037844387,1822835.014250598
THE RESERVE RESIDENCES,656.6,JALAN ANAK BUKIT,New Sale,Strata,Apartment,1.0,21.0,Rest of Central Region,23,5,11,15,0,99,2021,97,2,0.020202020202020204,1,0,0,2,0.49999999999999994,-0.8660254037844387,1579372.8423042272
THE SEA VIEW,1410.08,AMBER ROAD,Resale,Strata,Condominium,1.0,15.0,Rest of Central Region,21,12,1,5,1,9999,0,9999,0,0.0,0,0,0,4,-2.4492935982947064e-16,1.0,2660759.4857361754
ECO SANCTUARY,699.66,CHESTNUT AVENUE,Resale,Strata,Condominium,1.0,23.0,Outside Central Region,20,10,16,20,0,99,2012,91,8,0.08080808080808081,1,1,0,4,-0.8660254037844386,0.5000000000000001,937034.4395149238
ATRIUM RESIDENCES,1184.04,LORONG 28 GEYLANG,Resale,Strata,Apartment,1.0,14.0,Rest of Central Region,20,8,1,5,1,9999,0,9999,0,0.0,0,0,0,3,-0.8660254037844384,-0.5000000000000004,1099137.8304873148
RIVIERE,1216.33,JIAK KIM STREET,New Sale,Strata,Apartment,1.0,3.0,Rest of Central Region,22,6,21,25,0,99,2018,95,4,0.04040404040404041,1,0,0,2,1.2246467991473532e-16,-1.0,3504506.904586041
THE ARDEN,1205.57,PHOENIX ROAD,New Sale,Strata,Apartment,1.0,23.0,Outside Central Region,24,11,1,5,0,99,2023,98,1,0.010101010101010102,1,1,1,4,-0.5000000000000004,0.8660254037844384,2051358.463094316
THE WOODLEIGH RESIDENCES,850.36,BIDADARI PARK DRIVE,New Sale,Strata,Apartment,1.0,13.0,Rest of Central Region,21,7,6,10,0,99,2017,95,4,0.04040404040404041,1,0,0,3,-0.4999999999999998,-0.8660254037844388,1793577.2573882306
PENROSE,1054.87,SIMS DRIVE,Sub Sale,Strata,Apartment,1.0,14.0,Rest of Central Region,24,10,11,15,0,99,2019,94,5,0.050505050505050504,1,1,0,4,-0.8660254037844386,0.5000000000000001,2163925.1085080155
PARC OLYMPIA,1140.98,FLORA DRIVE,Resale,Strata,Condominium,1.0,17.0,Outside Central Region,21,8,1,5,0,99,2012,90,9,0.09090909090909091,1,0,0,3,-0.8660254037844384,-0.5000000000000004,1075938.8885679883
TREASURE AT TAMPINES,1087.16,TAMPINES LANE,New Sale,Strata,Condominium,1.0,18.0,Outside Central Region,22,2,11,15,0,99,2018,95,4,0.04040404040404041,1,0,0,1,0.8660254037844386,0.5000000000000001,1735642.5239099795
VERTICUS,753.48,JALAN KEMAMAN,New Sale,Strata,Apartment,1.0,12.0,Rest of Central Region,22,5,21,25,1,9999,0,9999,0,0.0,0,0,0,2,0.49999999999999994,-0.8660254037844387,1639352.2389331933
IRWELL HILL RESIDENCES,613.55,IRWELL HILL,New Sale,Strata,Apartment,1.0,9.0,Core Central Region,21,11,16,20,0,99,2020,98,1,0.010101010101010102,1,1,1,4,-0.5000000000000004,0.8660254037844384,1756657.9701534773
PARC EMILY,592.02,MOUNT EMILY ROAD,Resale,Strata,Condominium,1.0,9.0,Core Central Region,23,1,1,5,1,9999,0,9999,0,0.0,0,0,0,1,0.49999999999999994,0.8660254037844387,1149597.8762329433
AVENUE SOUTH RESIDENCE,688.9,SILAT AVENUE,New Sale,Strata,Apartment,1.0,3.0,Rest of Central Region,20,10,36,40,0,99,2018,97,2,0.020202020202020204,1,1,0,4,-0.8660254037844386,0.5000000000000001,1514746.851334097
COTE D'AZUR,1323.97,MARINE PARADE ROAD,Resale,Strata,Condominium,1.0,15.0,Rest of Central Region,20,8,6,10,0,99,2001,80,19,0.1919191919191919,1,0,0,3,-0.8660254037844384,-0.5000000000000004,1760026.8366066131
LENTOR HILLS RESIDENCES,958.0,LENTOR HILLS ROAD,New Sale,Strata,Apartment,1.0,26.0,Outside Central Region,23,7,16,20,0,99,2022,98,1,0.010101010101010102,1,0,0,3,-0.4999999999999998,-0.8660254037844388,2030640.5058561778
LE QUEST,699.66,BUKIT BATOK STREET 41,Resale,Strata,Apartment,1.0,23.0,Outside Central Region,24,5,11,15,0,99,2016,91,8,0.08080808080808081,1,0,0,2,0.49999999999999994,-0.8660254037844387,1161119.4886371898
MIDTOWN MODERN,1808.35,TAN QUEE LAN STREET,New Sale,Strata,Apartment,1.0,7.0,Core Central Region,23,3,16,20,0,99,2019,95,4,0.04040404040404041,1,0,0,1,1.0,6.123233995736766e-17,5314274.09919276
ARENA RESIDENCES,818.06,GUILLEMARD CRESCENT,Resale,Strata,Apartment,1.0,14.0,Rest of Central Region,24,8,6,10,1,9999,0,9999,0,0.0,0,0,0,3,-0.8660254037844384,-0.5000000000000004,1535988.7581266258
URBAN LOFTS,419.8,RANGOON ROAD,Resale,Strata,Apartment,1.0,8.0,Rest of Central Region,21,4,1,5,1,9999,0,9999,0,0.0,0,0,0,2,0.8660254037844387,-0.49999999999999983,610094.5486345422
LOYANG VALLEY,1862.17,LOYANG AVENUE,Resale,Strata,Condominium,1.0,17.0,Outside Central Region,20,11,1,5,0,99,1982,61,38,0.3838383838383838,2,1,1,4,-0.5000000000000004,0.8660254037844384,1334580.7011883052
THE VENUE RESIDENCES,1130.22,TAI THONG CRESCENT,Resale,Strata,Apartment,1.0,13.0,Rest of Central Region,23,10,11,15,0,99,2012,88,11,0.1111111111111111,1,1,0,4,-0.8660254037844386,0.5000000000000001,2112504.867433552
URBAN VISTA,1044.11,TANAH MERAH KECHIL LINK,Resale,Strata,Condominium,1.0,16.0,Outside Central Region,24,3,1,5,0,99,2012,87,12,0.12121212121212122,1,0,0,1,1.0,6.123233995736766e-17,1561636.8174756686
CONCOURSE SKYLINE,1097.93,BEACH ROAD,Resale,Strata,Apartment,1.0,7.0,Core Central Region,21,12,26,30,0,99,2008,86,13,0.13131313131313133,1,0,0,4,-2.4492935982947064e-16,1.0,2234845.192444779
DAIRY FARM RESIDENCES,1011.82,DAIRY FARM LANE,New Sale,Strata,Apartment,1.0,23.0,Outside Central Region,21,10,11,15,0,99,2018,96,3,0.030303030303030304,1,1,0,4,-0.8660254037844386,0.5000000000000001,1664990.5193991933
CHANGI RISE CONDOMINIUM,1130.22,SIMEI RISE,Resale,Strata,Condominium,1.0,18.0,Outside Central Region,24,3,6,10,0,99,2000,75,24,0.24242424242424243,2,0,0,1,1.0,6.123233995736766e-17,1327893.4106046301
NOMA,807.3,GUILLEMARD ROAD,New Sale,Strata,Apartment,1.0,14.0,Rest of Central Region,21,3,1,5,1,9999,0,9999,0,0.0,0,0,0,1,1.0,6.123233995736766e-17,1264393.83006362
TREVISTA,1119.46,LORONG 3 TOA PAYOH,Resale,Strata,Condominium,1.0,12.0,Rest of Central Region,22,3,1,5,0,99,2008,85,14,0.1414141414141414,1,0,0,1,1.0,6.123233995736766e-17,1684800.624916766
CRESCENDO BUILDING,1367.03,UPPER EAST COAST ROAD,Resale,Strata,Apartment,1.0,15.0,Outside Central Region,23,5,1,5,1,9999,0,9999,0,0.0,0,0,0,2,0.49999999999999994,-0.8660254037844387,1850672.5557197009
WATERBANK AT DAKOTA,882.65,DAKOTA CRESCENT,Resale,Strata,Condominium,1.0,14.0,Rest of Central Region,21,1,11,15,0,99,2009,87,12,0.12121212121212122,1,0,0,1,0.49999999999999994,0.8660254037844387,1361940.0142776216
HILLINGTON GREEN,1528.49,HILLVIEW AVENUE,Resale,Strata,Condominium,1.0,23.0,Outside Central Region,20,8,1,5,0,999,1883,862,137,0.13713713713713713,1,0,0,3,-0.8660254037844384,-0.5000000000000004,1753980.1895756337
MANDARIN GARDENS,1571.54,SIGLAP ROAD,Resale,Strata,Condominium,1.0,15.0,Outside Central Region,22,9,21,25,0,99,1982,59,40,0.40404040404040403,3,0,0,3,-1.0,-1.8369701987210297e-16,2094873.9338517727
THE WOODLEIGH RESIDENCES,688.9,BIDADARI PARK DRIVE,Sub Sale,Strata,Apartment,1.0,13.0,Rest of Central Region,24,5,6,10,0,99,2017,92,7,0.0707070707070707,1,0,0,2,0.49999999999999994,-0.8660254037844387,1585914.5786765988
THE REEF AT KING'S DOCK,882.65,HARBOURFRONT AVENUE,New Sale,Strata,Condominium,1.0,4.0,Rest of Central Region,21,3,6,10,0,99,2021,99,0,0.0,1,0,0,1,1.0,6.123233995736766e-17,2041091.3427774012
THE PROMENADE@PELIKAT,484.38,JALAN PELIKAT,Resale,Strata,Apartment,1.0,19.0,Outside Central Region,22,11,1,5,1,9999,0,9999,0,0.0,0,1,1,4,-0.5000000000000004,0.8660254037844384,678507.9412255841
THE FLORENCE RESIDENCES,990.29,HOUGANG AVENUE 2,Sub Sale,Strata,Apartment,1.0,19.0,Outside Central Region,22,12,11,15,0,99,2018,95,4,0.04040404040404041,1,0,0,4,-2.4492935982947064e-16,1.0,1738675.415894525
AMO RESIDENCE,742.72,ANG MO KIO RISE,New Sale,Strata,Apartment,1.0,20.0,Outside Central Region,22,7,1,5,0,99,2021,98,1,0.010101010101010102,1,0,0,3,-0.4999999999999998,-0.8660254037844388,1505318.5874495343
SALLIM LODGE,979.52,SALLIM ROAD,Resale,Strata,Apartment,1.0,14.0,Rest of Central Region,22,5,1,5,1,9999,0,9999,0,0.0,0,0,0,2,0.49999999999999994,-0.8660254037844387,1260422.5809799824
SANCTUARY GREEN,1571.54,TANJONG RHU ROAD,Resale,Strata,Condominium,1.0,15.0,Rest of Central Region,23,11,1,5,0,99,1997,73,26,0.26262626262626265,2,1,1,4,-0.5000000000000004,0.8660254037844384,2402359.0325991972
ONE BERNAM,452.09,BERNAM STREET,New Sale,Strata,Apartment,1.0,2.0,Core Central Region,21,5,11,15,0,99,2019,97,2,0.020202020202020204,1,0,0,2,0.49999999999999994,-0.8660254037844387,1172707.341715565
NORMANTON PARK,1313.21,NORMANTON PARK,New Sale,Strata,Apartment,1.0,5.0,Rest of Central Region,21,8,11,15,0,99,2019,97,2,0.020202020202020204,1,0,0,3,-0.8660254037844384,-0.5000000000000004,2394928.443271895
PALM ISLES,559.73,FLORA DRIVE,Resale,Strata,Condominium,1.0,17.0,Outside Central Region,22,8,1,5,0,99,2011,88,11,0.1111111111111111,1,0,0,3,-0.8660254037844384,-0.5000000000000004,646441.1839723514
LENTOR MANSION,818.06,LENTOR GARDENS,New Sale,Strata,Apartment,1.0,26.0,Outside Central Region,24,3,1,5,0,99,2023,98,1,0.010101010101010102,1,0,0,1,1.0,6.123233995736766e-17,1831765.4645151445
CASHEW HEIGHTS CONDOMINIUM,1657.66,CASHEW ROAD,Resale,Strata,Condominium,1.0,23.0,Outside Central Region,24,12,6,10,0,999,1882,857,142,0.14214214214214213,1,0,0,4,-2.4492935982947064e-16,1.0,2571883.572352022
THE WATERGARDENS AT CANBERRA,1302.44,CANBERRA DRIVE,New Sale,Strata,Apartment,1.0,27.0,Outside Central Region,21,8,1,5,0,99,2020,98,1,0.010101010101010102,1,0,0,3,-0.8660254037844384,-0.5000000000000004,1842992.1907265636
RIVERBANK @ FERNVALE,1044.11,FERNVALE CLOSE,Resale,Strata,Condominium,1.0,28.0,Outside Central Region,24,5,11,15,0,99,2013,88,11,0.1111111111111111,1,0,0,2,0.49999999999999994,-0.8660254037844387,1500038.2539225947
CHUAN PARK,958.0,LORONG CHUAN,New Sale,Strata,Condominium,1.0,19.0,Outside Central Region,24,11,6,10,0,99,2024,99,0,0.0,1,1,1,4,-0.5000000000000004,0.8660254037844384,2456300.13042465
RICHMOND PARK,1259.39,BIDEFORD ROAD,Resale,Strata,Condominium,1.0,9.0,Core Central Region,21,12,6,10,1,9999,0,9999,0,0.0,0,0,0,4,-2.4492935982947064e-16,1.0,2887186.5565908635
CHANGI GREEN,1216.33,UPPER CHANGI ROAD EAST,Resale,Strata,Condominium,1.0,16.0,Outside Central Region,20,12,1,5,1,9999,0,9999,0,0.0,0,0,0,4,-2.4492935982947064e-16,1.0,1195701.2594353785
AVENUE SOUTH RESIDENCE,688.9,SILAT AVENUE,New Sale,Strata,Apartment,1.0,3.0,Rest of Central Region,21,10,51,55,0,99,2018,96,3,0.030303030303030304,1,1,0,4,-0.8660254037844386,0.5000000000000001,1653398.6679742457
JADESCAPE,2098.98,SHUNFU ROAD,Sub Sale,Strata,Condominium,1.0,20.0,Rest of Central Region,22,5,21,25,0,99,2018,95,4,0.04040404040404041,1,0,0,2,0.49999999999999994,-0.8660254037844387,3795317.792525227
PARC CLEMATIS,893.41,JALAN LEMPENG,New Sale,Strata,Apartment,1.0,5.0,Outside Central Region,21,3,11,15,0,99,2019,97,2,0.020202020202020204,1,0,0,1,1.0,6.123233995736766e-17,1508214.8669732315
NORWOOD GRAND,1313.21,CHAMPIONS WAY,New Sale,Strata,Apartment,1.0,25.0,Outside Central Region,24,10,1,5,0,99,2023,98,1,0.010101010101010102,1,1,0,4,-0.8660254037844386,0.5000000000000001,2591359.2525764266
THE MAKENA,1646.89,MEYER ROAD,Resale,Strata,Condominium,1.0,15.0,Rest of Central Region,23,6,21,25,1,9999,0,9999,0,0.0,0,0,0,2,1.2246467991473532e-16,-1.0,3201159.4162045983
THE WATERGARDENS AT CANBERRA,753.48,CANBERRA DRIVE,New Sale,Strata,Apartment,1.0,27.0,Outside Central Region,21,10,1,5,0,99,2020,98,1,0.010101010101010102,1,1,0,4,-0.8660254037844386,0.5000000000000001,1123943.0071589442
BOTANIC GARDENS MANSION,1754.53,TAMAN SERASI,Resale,Strata,Apartment,1.0,10.0,Core Central Region,24,4,1,5,1,9999,0,9999,0,0.0,0,0,0,2,0.8660254037844387,-0.49999999999999983,3688796.3263584143
THE AVENIR,538.2,RIVER VALLEY CLOSE,New Sale,Strata,Condominium,1.0,9.0,Core Central Region,21,1,6,10,1,9999,0,9999,0,0.0,0,0,0,1,0.49999999999999994,0.8660254037844387,1508952.7093324102
LENTOR MANSION,990.29,LENTOR GARDENS,New Sale,Strata,Apartment,1.0,26.0,Outside Central Region,24,3,1,5,0,99,2023,98,1,0.010101010101010102,1,0,0,1,1.0,6.123233995736766e-17,2108118.281259643
CLAVON,1356.26,CLEMENTI AVENUE 1,New Sale,Strata,Apartment,1.0,5.0,Outside Central Region,21,9,31,35,0,99,2019,97,2,0.020202020202020204,1,0,0,3,-1.0,-1.8369701987210297e-16,2322690.2205473604
THE GARDEN RESIDENCES,1119.46,SERANGOON NORTH VIEW,New Sale,Strata,Apartment,1.0,19.0,Outside Central Region,20,9,6,10,0,99,2017,96,3,0.030303030303030304,1,0,0,3,-1.0,-1.8369701987210297e-16,1762376.8024071201
SELETAR PARK RESIDENCE,1991.34,SELETAR ROAD,Resale,Strata,Condominium,1.0,28.0,Outside Central Region,24,8,1,5,0,99,2011,86,13,0.13131313131313133,1,0,0,3,-0.8660254037844384,-0.5000000000000004,2138678.792109806
THE REEF AT KING'S DOCK,538.2,HARBOURFRONT AVENUE,New Sale,Strata,Condominium,1.0,4.0,Rest of Central Region,21,1,1,5,0,99,2021,99,0,0.0,1,0,0,1,0.49999999999999994,0.8660254037844387,1225749.538824995
THE FLORENCE RESIDENCES,1280.92,HOUGANG AVENUE 2,New Sale,Strata,Apartment,1.0,19.0,Outside Central Region,21,7,11,15,0,99,2018,96,3,0.030303030303030304,1,0,0,3,-0.4999999999999998,-0.8660254037844388,2014261.658343274
VERTICUS,936.47,JALAN KEMAMAN,New Sale,Strata,Apartment,1.0,12.0,Rest of Central Region,22,4,21,25,1,9999,0,9999,0,0.0,0,0,0,2,0.8660254037844387,-0.49999999999999983,1918281.2917425372
THE SUITES AT CENTRAL,635.08,DEVONSHIRE ROAD,Resale,Strata,Condominium,1.0,9.0,Core Central Region,23,11,1,5,1,9999,0,9999,0,0.0,0,1,1,4,-0.5000000000000004,0.8660254037844384,1418254.6303511518
VALLEY PARK,1216.33,RIVER VALLEY ROAD,Resale,Strata,Condominium,1.0,10.0,Core Central Region,22,9,16,20,0,999,1877,854,145,0.14514514514514515,1,0,0,3,-1.0,-1.8369701987210297e-16,2614504.8682476045
PHOENIX RESIDENCES,1033.34,PHOENIX AVENUE,New Sale,Strata,Apartment,1.0,23.0,Outside Central Region,21,11,1,5,0,99,2019,97,2,0.020202020202020204,1,1,1,4,-0.5000000000000004,0.8660254037844384,1521428.7127526377
WATERVIEW,785.77,TAMPINES AVENUE 1,Resale,Strata,Condominium,1.0,18.0,Outside Central Region,22,1,6,10,0,99,2010,87,12,0.12121212121212122,1,0,0,1,0.49999999999999994,0.8660254037844387,881035.6148103005
URBAN VISTA,1044.11,TANAH MERAH KECHIL LINK,Resale,Strata,Condominium,1.0,16.0,Outside Central Region,21,10,6,10,0,99,2012,90,9,0.09090909090909091,1,1,0,4,-0.8660254037844386,0.5000000000000001,1291287.999368981
THE AVENIR,527.44,RIVER VALLEY CLOSE,New Sale,Strata,Condominium,1.0,9.0,Core Central Region,22,3,6,10,1,9999,0,9999,0,0.0,0,0,0,1,1.0,6.123233995736766e-17,1522143.044728459
SUNSHINE MANSIONS,785.77,JOO CHIAT PLACE,Resale,Strata,Apartment,1.0,15.0,Outside Central Region,24,11,1,5,1,9999,0,9999,0,0.0,0,1,1,4,-0.5000000000000004,0.8660254037844384,1271367.6400694784
LAKE GRANDE,721.19,JURONG LAKE LINK,Resale,Strata,Condominium,1.0,22.0,Outside Central Region,22,1,11,15,0,99,2015,92,7,0.0707070707070707,1,0,0,1,0.49999999999999994,0.8660254037844387,1179739.1120198874
AVENUE SOUTH RESIDENCE,721.19,SILAT AVENUE,New Sale,Strata,Apartment,1.0,3.0,Rest of Central Region,21,1,11,15,0,99,2018,96,3,0.030303030303030304,1,0,0,1,0.49999999999999994,0.8660254037844387,1520389.5171790856
REZI 24,958.0,LORONG 24 GEYLANG,New Sale,Strata,Apartment,1.0,14.0,Rest of Central Region,20,10,1,5,1,9999,0,9999,0,0.0,0,1,0,4,-0.8660254037844386,0.5000000000000001,1404232.6273467233
THE INTERLACE,1743.77,DEPOT ROAD,Resale,Strata,Condominium,1.0,4.0,Rest of Central Region,21,10,11,15,0,99,2009,87,12,0.12121212121212122,1,1,0,4,-0.8660254037844386,0.5000000000000001,2421530.559902003
REGENT HEIGHTS,1022.58,BUKIT BATOK EAST AVENUE 5,Resale,Strata,Condominium,1.0,23.0,Outside Central Region,24,7,6,10,0,99,1995,70,29,0.29292929292929293,2,0,0,3,-0.4999999999999998,-0.8660254037844388,1091136.2942284239
NAVA GROVE,990.29,PINE GROVE,New Sale,Strata,Condominium,1.0,21.0,Rest of Central Region,24,11,1,5,0,99,2024,99,0,0.0,1,1,1,4,-0.5000000000000004,0.8660254037844384,2326239.6169818724
THE TRE VER,624.31,POTONG PASIR AVENUE 1,Sub Sale,Strata,Condominium,1.0,13.0,Rest of Central Region,22,5,6,10,0,99,2018,95,4,0.04040404040404041,1,0,0,2,0.49999999999999994,-0.8660254037844387,1129784.122940522
GUILLEMARD SUITES,409.03,GUILLEMARD ROAD,Resale,Strata,Apartment,1.0,14.0,Rest of Central Region,24,11,1,5,1,9999,0,9999,0,0.0,0,1,1,4,-0.5000000000000004,0.8660254037844384,728782.4877180909
MARTIA RESIDENCE,1022.58,MARTIA ROAD,Resale,Strata,Apartment,1.0,15.0,Outside Central Region,21,9,1,5,1,9999,0,9999,0,0.0,0,0,0,3,-1.0,-1.8369701987210297e-16,1399553.685385038
JADESCAPE,1646.89,SHUNFU ROAD,New Sale,Strata,Condominium,1.0,20.0,Rest of Central Region,21,4,1,5,0,99,2018,96,3,0.030303030303030304,1,0,0,2,0.8660254037844387,-0.49999999999999983,2765110.8387999064
HARBOURLIGHTS,1270.15,TELOK BLANGAH ROAD,Resale,Strata,Apartment,1.0,4.0,Rest of Central Region,20,9,1,5,1,9999,0,9999,0,0.0,0,0,0,3,-1.0,-1.8369701987210297e-16,1720317.0456226375
THE INTERLACE,1765.3,DEPOT ROAD,Resale,Strata,Condominium,1.0,4.0,Rest of Central Region,22,8,11,15,0,99,2009,86,13,0.13131313131313133,1,0,0,3,-0.8660254037844384,-0.5000000000000004,2614526.472213845
SENNETT ESTATE,1119.46,MACPHERSON ROAD,Resale,Strata,Apartment,1.0,13.0,Rest of Central Region,23,10,1,5,0,9999,1959,9935,64,0.006400640064006401,1,1,0,4,-0.8660254037844386,0.5000000000000001,1416854.012755072
ASTRID MEADOWS,3799.69,CORONATION ROAD WEST,Resale,Strata,Condominium,1.0,10.0,Core Central Region,24,4,6,10,1,9999,0,9999,0,0.0,0,0,0,2,0.8660254037844387,-0.49999999999999983,7585561.253065084
CANNINGHILL PIERS,473.62,CLARKE QUAY,New Sale,Strata,Apartment,1.0,6.0,Rest of Central Region,21,11,16,20,0,99,2021,99,0,0.0,1,1,1,4,-0.5000000000000004,0.8660254037844384,1362784.1872479597
REFLECTIONS AT KEPPEL BAY,1625.36,KEPPEL BAY VIEW,Resale,Strata,Condominium,1.0,4.0,Rest of Central Region,20,10,6,10,0,99,2006,85,14,0.1414141414141414,1,1,0,4,-0.8660254037844386,0.5000000000000001,2488533.588122789
HILLHAVEN,796.54,HILLVIEW RISE,New Sale,Strata,Condominium,1.0,23.0,Outside Central Region,24,1,6,10,0,99,2023,98,1,0.010101010101010102,1,0,0,1,0.49999999999999994,0.8660254037844387,1686728.6492036209
PARC ESTA,419.8,SIMS AVENUE,Sub Sale,Strata,Apartment,1.0,14.0,Rest of Central Region,22,12,1,5,0,99,2018,95,4,0.04040404040404041,1,0,0,4,-2.4492935982947064e-16,1.0,900554.855727563
THE INTERLACE,1044.11,DEPOT ROAD,Resale,Strata,Condominium,1.0,4.0,Rest of Central Region,23,11,11,15,0,99,2009,85,14,0.1414141414141414,1,1,1,4,-0.5000000000000004,0.8660254037844384,1723200.741463869
THE INFLORA,1108.69,FLORA DRIVE,Resale,Strata,Condominium,1.0,17.0,Outside Central Region,23,11,1,5,0,99,2012,88,11,0.1111111111111111,1,1,1,4,-0.5000000000000004,0.8660254037844384,1366535.903397265
SEAHILL,861.12,WEST COAST CRESCENT,Resale,Strata,Condominium,1.0,5.0,Outside Central Region,24,11,11,15,0,99,2011,86,13,0.13131313131313133,1,1,1,4,-0.5000000000000004,0.8660254037844384,1363063.2259602288
THE LUXURIE,1367.03,COMPASSVALE ROAD,Resale,Strata,Condominium,1.0,19.0,Outside Central Region,23,7,6,10,0,99,2011,87,12,0.12121212121212122,1,0,0,3,-0.4999999999999998,-0.8660254037844388,1872520.167261635
BOTANIQUE AT BARTLEY,1033.34,UPPER PAYA LEBAR ROAD,Resale,Strata,Condominium,1.0,19.0,Outside Central Region,24,3,1,5,0,99,2014,89,10,0.10101010101010101,1,0,0,1,1.0,6.123233995736766e-17,1794289.822963062
PARC KOMO,1808.35,UPPER CHANGI ROAD NORTH,New Sale,Strata,Apartment,1.0,17.0,Outside Central Region,22,1,1,5,1,9999,0,9999,0,0.0,0,0,0,1,0.49999999999999994,0.8660254037844387,2815982.2668984807
PENROSE,968.76,SIMS DRIVE,New Sale,Strata,Apartment,1.0,14.0,Rest of Central Region,21,3,11,15,0,99,2019,97,2,0.020202020202020204,1,0,0,1,1.0,6.123233995736766e-17,1656957.803788351
PARC ESTA,699.66,SIMS AVENUE,New Sale,Strata,Apartment,1.0,14.0,Rest of Central Region,20,8,1,5,0,99,2018,97,2,0.020202020202020204,1,0,0,3,-0.8660254037844384,-0.5000000000000004,1227350.4881274272
THE RIVERINE BY THE PARK,979.52,KALLANG ROAD,Resale,Strata,Apartment,1.0,12.0,Rest of Central Region,20,10,11,15,1,9999,0,9999,0,0.0,0,1,0,4,-0.8660254037844386,0.5000000000000001,1608936.4282625688
TREE HOUSE,796.54,CHESTNUT AVENUE,Resale,Strata,Condominium,1.0,23.0,Outside Central Region,22,8,16,20,0,99,2009,86,13,0.13131313131313133,1,0,0,3,-0.8660254037844384,-0.5000000000000004,1104064.4851078135
FULCRUM,473.62,FORT ROAD,Resale,Strata,Condominium,1.0,15.0,Rest of Central Region,24,10,11,15,1,9999,0,9999,0,0.0,0,1,0,4,-0.8660254037844386,0.5000000000000001,1031395.4049700539
PENROSE,710.42,SIMS DRIVE,Sub Sale,Strata,Apartment,1.0,14.0,Rest of Central Region,24,5,16,20,0,99,2019,94,5,0.050505050505050504,1,0,0,2,0.49999999999999994,-0.8660254037844387,1496130.2287414055
PASIR RIS 8,721.19,PASIR RIS DRIVE 8,New Sale,Strata,Apartment,1.0,18.0,Outside Central Region,21,7,6,10,0,99,2021,99,0,0.0,1,0,0,3,-0.4999999999999998,-0.8660254037844388,1194164.757602156
TWIN REGENCY,979.52,KIM TIAN ROAD,Resale,Strata,Condominium,1.0,3.0,Rest of Central Region,21,1,11,15,1,9999,0,9999,0,0.0,0,0,0,1,0.49999999999999994,0.8660254037844387,1692108.2034072129
VILLA MARTIA,1248.62,MARTIA ROAD,Resale,Strata,Condominium,1.0,15.0,Outside Central Region,20,10,1,5,1,9999,0,9999,0,0.0,0,1,0,4,-0.8660254037844386,0.5000000000000001,1506094.0638101639
ARTRA,785.77,ALEXANDRA VIEW,Sub Sale,Strata,Apartment,1.0,3.0,Rest of Central Region,23,6,36,40,0,99,2016,92,7,0.0707070707070707,1,0,0,2,1.2246467991473532e-16,-1.0,1803121.6757419212
THE WATERGARDENS AT CANBERRA,753.48,CANBERRA DRIVE,New Sale,Strata,Apartment,1.0,27.0,Outside Central Region,21,8,1,5,0,99,2020,98,1,0.010101010101010102,1,0,0,3,-0.8660254037844384,-0.5000000000000004,1112013.0286057664
TREASURE AT TAMPINES,678.13,TAMPINES LANE,Sub Sale,Strata,Condominium,1.0,18.0,Outside Central Region,23,12,11,15,0,99,2018,94,5,0.050505050505050504,1,0,0,4,-2.4492935982947064e-16,1.0,1166993.8911278013
THE REEF AT KING'S DOCK,721.19,HARBOURFRONT AVENUE,New Sale,Strata,Condominium,1.0,4.0,Rest of Central Region,21,1,6,10,0,99,2021,99,0,0.0,1,0,0,1,0.49999999999999994,0.8660254037844387,1646272.186867688
COCO PALMS,904.18,PASIR RIS GROVE,Resale,Strata,Condominium,1.0,18.0,Outside Central Region,24,10,1,5,0,99,2008,83,16,0.16161616161616163,1,1,0,4,-0.8660254037844386,0.5000000000000001,1337976.4453451799
WATERFRONT WAVES,1291.68,BEDOK RESERVOIR ROAD,Resale,Strata,Condominium,1.0,16.0,Outside Central Region,22,2,6,10,0,99,2007,84,15,0.15151515151515152,1,0,0,1,0.8660254037844386,0.5000000000000001,1686056.4524730125
JADESCAPE,764.24,SHUNFU ROAD,Resale,Strata,Condominium,1.0,20.0,Rest of Central Region,24,5,6,10,0,99,2018,93,6,0.06060606060606061,1,0,0,2,0.49999999999999994,-0.8660254037844387,1529671.360478078
ROOTS @ TRANSIT,516.67,TRANSIT ROAD,Resale,Strata,Apartment,1.0,26.0,Outside Central Region,21,6,1,5,0,99,2014,92,7,0.0707070707070707,1,0,0,2,1.2246467991473532e-16,-1.0,686827.8037324239
LENTOR HILLS RESIDENCES,753.48,LENTOR HILLS ROAD,New Sale,Strata,Apartment,1.0,26.0,Outside Central Region,23,7,16,20,0,99,2022,98,1,0.010101010101010102,1,0,0,3,-0.4999999999999998,-0.8660254037844388,1686054.350681639
SUNRISE GARDENS,1280.92,SUNRISE AVENUE,Resale,Strata,Condominium,1.0,28.0,Outside Central Region,22,9,1,5,0,99,1995,72,27,0.2727272727272727,2,0,0,3,-1.0,-1.8369701987210297e-16,1186260.444424885
IRWELL HILL RESIDENCES,1270.15,IRWELL HILL,New Sale,Strata,Apartment,1.0,9.0,Core Central Region,22,6,21,25,0,99,2020,97,2,0.020202020202020204,1,0,0,2,1.2246467991473532e-16,-1.0,3366693.108782353
THE MYST,699.66,UPPER BUKIT TIMAH ROAD,New Sale,Strata,Condominium,1.0,23.0,Outside Central Region,23,7,11,15,0,99,2023,99,0,0.0,1,0,0,3,-0.4999999999999998,-0.8660254037844388,1529292.8325998182
RV POINT,419.8,RIVER VALLEY ROAD,Resale,Strata,Apartment,1.0,9.0,Core Central Region,22,4,1,5,0,999,1841,818,181,0.18118118118118118,1,0,0,2,0.8660254037844387,-0.49999999999999983,870651.8516415433
PENROSE,936.47,SIMS DRIVE,New Sale,Strata,Apartment,1.0,14.0,Rest of Central Region,20,9,6,10,0,99,2019,98,1,0.010101010101010102,1,0,0,3,-1.0,-1.8369701987210297e-16,1433178.7874233243
THE IMPERIAL,979.52,JALAN RUMBIA,Resale,Strata,Condominium,1.0,9.0,Core Central Region,21,9,6,10,1,9999,0,9999,0,0.0,0,0,0,3,-1.0,-1.8369701987210297e-16,2153655.560633872
AMO RESIDENCE,958.0,ANG MO KIO RISE,New Sale,Strata,Apartment,1.0,20.0,Outside Central Region,22,7,16,20,0,99,2021,98,1,0.010101010101010102,1,0,0,3,-0.4999999999999998,-0.8660254037844388,1998565.0769980815
SKY VUE,807.3,BISHAN STREET 15,Resale,Strata,Condominium,1.0,20.0,Rest of Central Region,22,8,21,25,0,99,2013,90,9,0.09090909090909091,1,0,0,3,-0.8660254037844384,-0.5000000000000004,1488954.5094180803
EMERALD OF KATONG,990.29,JALAN TEMBUSU,New Sale,Strata,Condominium,1.0,15.0,Rest of Central Region,24,11,11,15,0,99,2023,98,1,0.010101010101010102,1,1,1,4,-0.5000000000000004,0.8660254037844384,2642900.4801437184
NORMANTON PARK,968.76,NORMANTON PARK,New Sale,Strata,Apartment,1.0,5.0,Rest of Central Region,21,9,11,15,0,99,2019,97,2,0.020202020202020204,1,0,0,3,-1.0,-1.8369701987210297e-16,1736240.865876877
MELVILLE PARK,1345.5,SIMEI STREET 1,Resale,Strata,Condominium,1.0,18.0,Outside Central Region,24,4,6,10,0,99,1992,67,32,0.32323232323232326,2,0,0,2,0.8660254037844387,-0.49999999999999983,1241601.2669193363
WHISTLER GRAND,613.55,WEST COAST VALE,New Sale,Strata,Apartment,1.0,5.0,Outside Central Region,20,8,26,30,0,99,2018,97,2,0.020202020202020204,1,0,0,3,-0.8660254037844384,-0.5000000000000004,969020.0911427732
CENTRAL VIEW,979.52,HOUGANG STREET 11,Resale,Strata,Condominium,1.0,19.0,Outside Central Region,23,11,11,15,0,99,1998,74,25,0.25252525252525254,2,1,1,4,-0.5000000000000004,0.8660254037844384,1412541.8548429739
QUEENS,1184.04,STIRLING ROAD,Resale,Strata,Condominium,1.0,3.0,Rest of Central Region,23,4,31,35,0,99,1998,74,25,0.25252525252525254,2,0,0,2,0.8660254037844387,-0.49999999999999983,1949670.6789074382
FLAMINGO VALLEY,516.67,SIGLAP ROAD,Resale,Strata,Condominium,1.0,15.0,Outside Central Region,21,11,1,5,1,9999,0,9999,0,0.0,0,1,1,4,-0.5000000000000004,0.8660254037844384,860420.7218939333
SELETAR PARK RESIDENCE,527.44,SELETAR ROAD,Resale,Strata,Condominium,1.0,28.0,Outside Central Region,23,9,1,5,0,99,2011,87,12,0.12121212121212122,1,0,0,3,-1.0,-1.8369701987210297e-16,735852.3179253655
ONE BERNAM,731.95,BERNAM STREET,New Sale,Strata,Apartment,1.0,2.0,Core Central Region,23,9,21,25,0,99,2019,95,4,0.04040404040404041,1,0,0,3,-1.0,-1.8369701987210297e-16,2000035.8906531308
CASAFINA,1302.44,BEDOK SOUTH AVENUE 1,Resale,Strata,Condominium,1.0,16.0,Outside Central Region,21,5,1,5,0,99,1996,74,25,0.25252525252525254,2,0,0,2,0.49999999999999994,-0.8660254037844387,1295224.9804120134
EURO-ASIA COURT,1356.26,RIVER VALLEY CLOSE,Resale,Strata,Apartment,1.0,9.0,Core Central Region,23,2,11,15,1,9999,0,9999,0,0.0,0,0,0,1,0.8660254037844386,0.5000000000000001,2818844.5520536467
CLAVON,764.24,CLEMENTI AVENUE 1,Sub Sale,Strata,Apartment,1.0,5.0,Outside Central Region,24,1,1,5,0,99,2019,94,5,0.050505050505050504,1,0,0,1,0.49999999999999994,0.8660254037844387,1457680.182122232
THE LANDMARK,678.13,CHIN SWEE ROAD,New Sale,Strata,Condominium,1.0,3.0,Rest of Central Region,23,6,26,30,0,99,2020,96,3,0.030303030303030304,1,0,0,2,1.2246467991473532e-16,-1.0,1859887.900460685
SEAHILL,667.37,WEST COAST CRESCENT,Resale,Strata,Condominium,1.0,5.0,Outside Central Region,21,1,11,15,0,99,2011,89,10,0.10101010101010101,1,0,0,1,0.49999999999999994,0.8660254037844387,836877.7058734447
ECHELON,731.95,ALEXANDRA VIEW,Resale,Strata,Condominium,1.0,3.0,Rest of Central Region,23,12,36,40,0,99,2012,88,11,0.1111111111111111,1,0,0,4,-2.4492935982947064e-16,1.0,1670331.9065957442
THE RESERVE RESIDENCES,1625.36,JALAN ANAK BUKIT,New Sale,Strata,Apartment,1.0,21.0,Rest of Central Region,23,10,31,35,0,99,2021,97,2,0.020202020202020204,1,1,0,4,-0.8660254037844386,0.5000000000000001,4214672.614478597
CLAVON,764.24,CLEMENTI AVENUE 1,New Sale,Strata,Apartment,1.0,5.0,Outside Central Region,20,12,21,25,0,99,2019,98,1,0.010101010101010102,1,0,0,4,-2.4492935982947064e-16,1.0,1262119.3433054637
WATERVIEW,925.7,TAMPINES AVENUE 1,Resale,Strata,Condominium,1.0,18.0,Outside Central Region,21,11,11,15,0,99,2010,88,11,0.1111111111111111,1,1,1,4,-0.5000000000000004,0.8660254037844384,1026043.2665314364
DAINTREE RESIDENCE,1054.87,TOH TUCK ROAD,New Sale,Strata,Condominium,1.0,21.0,Rest of Central Region,20,9,1,5,0,99,2017,96,3,0.030303030303030304,1,0,0,3,-1.0,-1.8369701987210297e-16,1787345.3143348973
HERITAGE VIEW,1194.8,DOVER RISE,Resale,Strata,Condominium,1.0,5.0,Rest of Central Region,22,7,6,10,0,99,1996,73,26,0.26262626262626265,2,0,0,3,-0.4999999999999998,-0.8660254037844388,1777911.5549565933
CHUAN PARK,1205.57,LORONG CHUAN,New Sale,Strata,Condominium,1.0,19.0,Outside Central Region,24,11,16,20,0,99,2024,99,0,0.0,1,1,1,4,-0.5000000000000004,0.8660254037844384,3154510.4806293603
LA VIDA @ 130,484.38,LORONG K TELOK KURAU,Resale,Strata,Apartment,1.0,15.0,Outside Central Region,20,10,1,5,1,9999,0,9999,0,0.0,0,1,0,4,-0.8660254037844386,0.5000000000000001,668860.1366330412
KENSINGTON SQUARE,613.55,JALAN LOKAM,Resale,Strata,Apartment,1.0,19.0,Outside Central Region,22,5,1,5,1,9999,0,9999,0,0.0,0,0,0,2,0.49999999999999994,-0.8660254037844387,877475.9588702205
BAYSHORE PARK,3799.69,BAYSHORE ROAD,Resale,Strata,Condominium,1.0,16.0,Outside Central Region,20,10,6,10,0,99,1982,61,38,0.3838383838383838,2,1,0,4,-0.8660254037844386,0.5000000000000001,2316211.789491977
PENROSE,645.84,SIMS DRIVE,New Sale,Strata,Apartment,1.0,14.0,Rest of Central Region,20,9,11,15,0,99,2019,98,1,0.010101010101010102,1,0,0,3,-1.0,-1.8369701987210297e-16,1040347.6290826062
CLAVON,1280.92,CLEMENTI AVENUE 1,New Sale,Strata,Apartment,1.0,5.0,Outside Central Region,21,5,1,5,0,99,2019,97,2,0.020202020202020204,1,0,0,2,0.49999999999999994,-0.8660254037844387,2025385.200413257
THE LEGEND,1485.43,BUKIT TIMAH ROAD,Resale,Strata,Condominium,1.0,10.0,Core Central Region,20,9,6,10,1,9999,0,9999,0,0.0,0,0,0,3,-1.0,-1.8369701987210297e-16,2601332.4286698974
ALEX RESIDENCES,473.62,ALEXANDRA VIEW,Resale,Strata,Apartment,1.0,3.0,Rest of Central Region,22,6,16,20,0,99,2013,90,9,0.09090909090909091,1,0,0,2,1.2246467991473532e-16,-1.0,956064.5447987872
SELETARIS,1323.97,SEMBAWANG ROAD,Resale,Strata,Condominium,1.0,27.0,Outside Central Region,21,3,1,5,1,9999,0,9999,0,0.0,0,0,0,1,1.0,6.123233995736766e-17,1211042.0527553451
VILLA MARINA,2023.63,JALAN SEMPADAN,Resale,Strata,Condominium,1.0,15.0,Outside Central Region,23,3,1,5,0,99,1995,71,28,0.2828282828282828,2,0,0,1,1.0,6.123233995736766e-17,2269792.495046279
JADESCAPE,1420.85,SHUNFU ROAD,New Sale,Strata,Condominium,1.0,20.0,Rest of Central Region,20,10,6,10,0,99,2018,97,2,0.020202020202020204,1,1,0,4,-0.8660254037844386,0.5000000000000001,2494863.155421787
MARGARET VILLE,527.44,MARGARET DRIVE,Resale,Strata,Apartment,1.0,3.0,Rest of Central Region,23,4,21,25,0,99,2017,93,6,0.06060606060606061,1,0,0,2,0.8660254037844387,-0.49999999999999983,1157252.9962338398
URBAN TREASURES,452.09,JALAN EUNOS,New Sale,Strata,Condominium,1.0,14.0,Outside Central Region,20,11,6,10,1,9999,0,9999,0,0.0,0,1,1,4,-0.5000000000000004,0.8660254037844384,904280.6100352167
GRANGE INFINITE,2572.6,GRANGE ROAD,Resale,Strata,Condominium,1.0,9.0,Core Central Region,22,3,16,20,1,9999,0,9999,0,0.0,0,0,0,1,1.0,6.123233995736766e-17,5895823.016223378
MARTIN MODERN,1087.16,MARTIN PLACE,Sub Sale,Strata,Condominium,1.0,9.0,Core Central Region,22,11,11,15,0,99,2016,93,6,0.06060606060606061,1,1,1,4,-0.5000000000000004,0.8660254037844384,2927859.2207989655
GRAND DUNMAN,1119.46,DUNMAN ROAD,New Sale,Strata,Apartment,1.0,15.0,Rest of Central Region,23,7,6,10,0,99,2022,98,1,0.010101010101010102,1,0,0,3,-0.4999999999999998,-0.8660254037844388,2792936.5673337295
EMERALD OF KATONG,968.76,JALAN TEMBUSU,New Sale,Strata,Condominium,1.0,15.0,Rest of Central Region,24,11,11,15,0,99,2023,98,1,0.010101010101010102,1,1,1,4,-0.5000000000000004,0.8660254037844384,2539244.3393574017
RESIDENTIAL APARTMENTS,656.6,OUTRAM ROAD,Resale,Strata,Apartment,1.0,3.0,Rest of Central Region,22,4,1,5,1,9999,0,9999,0,0.0,0,0,0,2,0.8660254037844387,-0.49999999999999983,1400283.9287238047
MARTIN MODERN,764.24,MARTIN PLACE,New Sale,Strata,Condominium,1.0,9.0,Core Central Region,21,8,21,25,0,99,2016,94,5,0.050505050505050504,1,0,0,3,-0.8660254037844384,-0.5000000000000004,2138014.29200664
PASIR RIS 8,775.01,PASIR RIS DRIVE 8,New Sale,Strata,Apartment,1.0,18.0,Outside Central Region,21,7,6,10,0,99,2021,99,0,0.0,1,0,0,3,-0.4999999999999998,-0.8660254037844388,1268811.2124332567
HUME PARK II,1237.86,HUME AVENUE,Resale,Strata,Condominium,1.0,21.0,Outside Central Region,20,10,1,5,1,9999,0,9999,0,0.0,0,1,0,4,-0.8660254037844386,0.5000000000000001,1559741.3884099645
NORTHVALE,1033.34,CHOA CHU KANG LOOP,Resale,Strata,Apartment,1.0,23.0,Outside Central Region,24,10,1,5,0,99,1995,70,29,0.29292929292929293,2,1,0,4,-0.8660254037844386,0.5000000000000001,1098125.2736526781
NORMANTON PARK,936.47,NORMANTON PARK,New Sale,Strata,Apartment,1.0,5.0,Rest of Central Region,22,1,6,10,0,99,2019,96,3,0.030303030303030304,1,0,0,1,0.49999999999999994,0.8660254037844387,1691906.6266663484
THE MINTON,1087.16,HOUGANG STREET 11,Resale,Strata,Condominium,1.0,19.0,Outside Central Region,20,9,6,10,0,99,2007,86,13,0.13131313131313133,1,0,0,3,-1.0,-1.8369701987210297e-16,1154725.6935495469
ONE PEARL BANK,1399.32,PEARL BANK,New Sale,Strata,Apartment,1.0,3.0,Rest of Central Region,23,6,21,25,0,99,2019,95,4,0.04040404040404041,1,0,0,2,1.2246467991473532e-16,-1.0,3467347.6459360006
DAIRY FARM RESIDENCES,1140.98,DAIRY FARM LANE,New Sale,Strata,Apartment,1.0,23.0,Outside Central Region,21,11,6,10,0,99,2018,96,3,0.030303030303030304,1,1,1,4,-0.5000000000000004,0.8660254037844384,1829816.449359411
SELETAR PARK RESIDENCE,1991.34,SELETAR ROAD,Resale,Strata,Condominium,1.0,28.0,Outside Central Region,21,10,1,5,0,99,2011,89,10,0.10101010101010101,1,1,0,4,-0.8660254037844386,0.5000000000000001,1761820.5032396729
PASIR RIS 8,721.19,PASIR RIS DRIVE 8,New Sale,Strata,Apartment,1.0,18.0,Outside Central Region,21,7,6,10,0,99,2021,99,0,0.0,1,0,0,3,-0.4999999999999998,-0.8660254037844388,1194164.757602156
CLAVON,1130.22,CLEMENTI AVENUE 1,New Sale,Strata,Apartment,1.0,5.0,Outside Central Region,20,12,1,5,0,99,2019,98,1,0.010101010101010102,1,0,0,4,-2.4492935982947064e-16,1.0,1775068.2857736826
GARDENVISTA,1140.98,DUNEARN ROAD,Resale,Strata,Condominium,1.0,21.0,Rest of Central Region,23,12,1,5,0,99,1999,75,24,0.24242424242424243,2,0,0,4,-2.4492935982947064e-16,1.0,2014193.1342200348
NOMA,645.84,GUILLEMARD ROAD,New Sale,Strata,Apartment,1.0,14.0,Rest of Central Region,20,8,1,5,1,9999,0,9999,0,0.0,0,0,0,3,-0.8660254037844384,-0.5000000000000004,1015264.0431952878
CARISSA PARK CONDOMINIUM,1033.34,FLORA DRIVE,Resale,Strata,Condominium,1.0,17.0,Outside Central Region,20,12,6,10,1,9999,0,9999,0,0.0,0,0,0,4,-2.4492935982947064e-16,1.0,922168.8752988754
THE REEF AT KING'S DOCK,731.95,HARBOURFRONT AVENUE,New Sale,Strata,Condominium,1.0,4.0,Rest of Central Region,21,1,6,10,0,99,2021,99,0,0.0,1,0,0,1,0.49999999999999994,0.8660254037844387,1666690.1169025386
CARISSA PARK CONDOMINIUM,1646.89,FLORA DRIVE,Resale,Strata,Condominium,1.0,17.0,Outside Central Region,21,6,1,5,1,9999,0,9999,0,0.0,0,0,0,2,1.2246467991473532e-16,-1.0,1554024.819363838
SCENECA RESIDENCE,462.85,TANAH MERAH KECHIL LINK,New Sale,Strata,Apartment,1.0,16.0,Outside Central Region,23,1,6,10,0,99,2021,97,2,0.020202020202020204,1,0,0,1,0.49999999999999994,0.8660254037844387,1013766.1646501897
KLIMT CAIRNHILL,893.41,CAIRNHILL ROAD,New Sale,Strata,Apartment,1.0,9.0,Core Central Region,23,7,16,20,1,9999,0,9999,0,0.0,0,0,0,3,-0.4999999999999998,-0.8660254037844388,2958467.3651878983
URBAN TREASURES,516.67,JALAN EUNOS,New Sale,Strata,Condominium,1.0,14.0,Outside Central Region,21,7,6,10,1,9999,0,9999,0,0.0,0,0,0,3,-0.4999999999999998,-0.8660254037844388,1016071.1378958871
STIRLING RESIDENCES,656.6,STIRLING ROAD,Resale,Strata,Apartment,1.0,3.0,Rest of Central Region,24,10,21,25,0,99,2017,92,7,0.0707070707070707,1,1,0,4,-0.8660254037844386,0.5000000000000001,1494509.6927102373
THE SUNNY SPRING,1108.69,LORONG 40 GEYLANG,Resale,Strata,Apartment,1.0,14.0,Rest of Central Region,21,4,6,10,1,9999,0,9999,0,0.0,0,0,0,2,0.8660254037844387,-0.49999999999999983,1426986.415674526
TREASURE AT TAMPINES,656.6,TAMPINES LANE,New Sale,Strata,Condominium,1.0,18.0,Outside Central Region,21,4,1,5,0,99,2018,96,3,0.030303030303030304,1,0,0,2,0.8660254037844387,-0.49999999999999983,971844.5614587391
MARINA BAY RESIDENCES,1636.13,MARINA BOULEVARD,Resale,Strata,Condominium,1.0,1.0,Core Central Region,24,3,11,15,0,99,2005,80,19,0.1919191919191919,1,0,0,1,1.0,6.123233995736766e-17,3678195.8516965294
ROYCE RESIDENCES,462.85,LORONG 6 GEYLANG,Resale,Strata,Apartment,1.0,14.0,Rest of Central Region,22,5,1,5,1,9999,0,9999,0,0.0,0,0,0,2,0.49999999999999994,-0.8660254037844387,633452.0801894909
VERTICUS,699.66,JALAN KEMAMAN,New Sale,Strata,Apartment,1.0,12.0,Rest of Central Region,22,5,21,25,1,9999,0,9999,0,0.0,0,0,0,2,0.49999999999999994,-0.8660254037844387,1551918.949790122
OXFORD SUITES,893.41,OXFORD ROAD,Resale,Strata,Apartment,1.0,8.0,Rest of Central Region,21,12,11,15,1,9999,0,9999,0,0.0,0,0,0,4,-2.4492935982947064e-16,1.0,1354500.6659445101
HILLOCK GREEN,1313.21,LENTOR CENTRAL,New Sale,Strata,Apartment,1.0,26.0,Outside Central Region,23,11,21,25,0,99,2022,98,1,0.010101010101010102,1,1,1,4,-0.5000000000000004,0.8660254037844384,2923706.9572018436
THE INTERLACE,2055.92,DEPOT ROAD,Resale,Strata,Condominium,1.0,4.0,Rest of Central Region,21,2,1,5,0,99,2009,87,12,0.12121212121212122,1,0,0,1,0.8660254037844386,0.5000000000000001,2622566.5399762513
RIVERSIDE MELODIES,1506.96,ST. MICHAEL'S ROAD,Resale,Strata,Apartment,1.0,12.0,Rest of Central Region,24,11,11,15,1,9999,0,9999,0,0.0,0,1,1,4,-0.5000000000000004,0.8660254037844384,2341316.748741057
LATITUDE,2766.35,JALAN MUTIARA,Resale,Strata,Condominium,1.0,10.0,Core Central Region,21,5,11,15,1,9999,0,9999,0,0.0,0,0,0,2,0.49999999999999994,-0.8660254037844387,6124828.010827973
NORMANTON PARK,828.83,NORMANTON PARK,New Sale,Strata,Apartment,1.0,5.0,Rest of Central Region,21,8,21,25,0,99,2019,97,2,0.020202020202020204,1,0,0,3,-0.8660254037844384,-0.5000000000000004,1507020.0241066332
THE SIXTH AVENUE RESIDENCES,1819.12,SIXTH AVENUE,Resale,Strata,Condominium,1.0,10.0,Core Central Region,22,1,1,5,1,9999,0,9999,0,0.0,0,0,0,1,0.49999999999999994,0.8660254037844387,3253742.4371650266
CUBE 8,3143.09,THOMSON ROAD,Resale,Strata,Condominium,1.0,11.0,Core Central Region,24,2,31,35,1,9999,0,9999,0,0.0,0,0,0,1,0.8660254037844386,0.5000000000000001,4516687.7325617615
VERDALE,947.23,DE SOUZA AVENUE,New Sale,Strata,Apartment,1.0,21.0,Rest of Central Region,22,3,1,5,0,99,2018,95,4,0.04040404040404041,1,0,0,1,1.0,6.123233995736766e-17,1693376.8966464992
IRWELL HILL RESIDENCES,678.13,IRWELL HILL,New Sale,Strata,Apartment,1.0,9.0,Core Central Region,21,4,1,5,0,99,2020,98,1,0.010101010101010102,1,0,0,2,0.8660254037844387,-0.49999999999999983,1691967.9194369796
LENTOR MODERN,1528.49,LENTOR CENTRAL,New Sale,Strata,Apartment,1.0,26.0,Outside Central Region,23,9,21,25,0,99,2021,97,2,0.020202020202020204,1,0,0,3,-1.0,-1.8369701987210297e-16,3235285.7954169204
THE LANDMARK,495.14,CHIN SWEE ROAD,New Sale,Strata,Condominium,1.0,3.0,Rest of Central Region,23,9,26,30,0,99,2020,96,3,0.030303030303030304,1,0,0,3,-1.0,-1.8369701987210297e-16,1435066.4797963395
PARC ESTA,602.78,SIMS AVENUE,Sub Sale,Strata,Apartment,1.0,14.0,Rest of Central Region,22,9,1,5,0,99,2018,95,4,0.04040404040404041,1,0,0,3,-1.0,-1.8369701987210297e-16,1264300.7858712308
THE MYST,1033.34,UPPER BUKIT TIMAH ROAD,New Sale,Strata,Condominium,1.0,23.0,Outside Central Region,23,7,11,15,0,99,2023,99,0,0.0,1,0,0,3,-0.4999999999999998,-0.8660254037844388,2047676.0882763313
IDYLLIC SUITES,430.56,LORONG 30 GEYLANG,Resale,Strata,Apartment,1.0,14.0,Rest of Central Region,21,12,1,5,1,9999,0,9999,0,0.0,0,0,0,4,-2.4492935982947064e-16,1.0,599174.2297391339
GRAND CHATEAU,1194.8,JALAN RAJAWALI,Resale,Strata,Condominium,1.0,21.0,Rest of Central Region,21,4,1,5,1,9999,0,9999,0,0.0,0,0,0,2,0.8660254037844387,-0.49999999999999983,1404766.3914023144
NEEM TREE,710.42,JALAN KEMAMAN,Resale,Strata,Apartment,1.0,12.0,Rest of Central Region,23,12,1,5,1,9999,0,9999,0,0.0,0,0,0,4,-2.4492935982947064e-16,1.0,1177440.138386815
NORMANTON PARK,635.08,NORMANTON PARK,New Sale,Strata,Apartment,1.0,5.0,Rest of Central Region,21,1,11,15,0,99,2019,97,2,0.020202020202020204,1,0,0,1,0.49999999999999994,0.8660254037844387,1119164.1630337858
LENTOR MODERN,1528.49,LENTOR CENTRAL,New Sale,Strata,Apartment,1.0,26.0,Outside Central Region,22,9,16,20,0,99,2021,98,1,0.010101010101010102,1,0,0,3,-1.0,-1.8369701987210297e-16,3122722.277842594
THE SUNNIDORA,871.88,LORONG G TELOK KURAU,Resale,Strata,Apartment,1.0,15.0,Outside Central Region,20,10,1,5,1,9999,0,9999,0,0.0,0,1,0,4,-0.8660254037844386,0.5000000000000001,998031.594477145
GEM RESIDENCES,678.13,LORONG 5 TOA PAYOH,Sub Sale,Strata,Condominium,1.0,12.0,Rest of Central Region,24,5,31,35,0,99,2015,90,9,0.09090909090909091,1,0,0,2,0.49999999999999994,-0.8660254037844387,1336572.966343251
DAHLIA PARK CONDOMINIUM,1539.25,FLORA DRIVE,Resale,Strata,Condominium,1.0,17.0,Outside Central Region,22,12,6,10,1,9999,0,9999,0,0.0,0,0,0,4,-2.4492935982947064e-16,1.0,1502443.2071938969
RIPPLE BAY,775.01,PASIR RIS LINK,Resale,Strata,Condominium,1.0,18.0,Outside Central Region,22,6,11,15,0,99,2011,88,11,0.1111111111111111,1,0,0,2,1.2246467991473532e-16,-1.0,939466.8587981712
TREASURE AT TAMPINES,613.55,TAMPINES LANE,Sub Sale,Strata,Condominium,1.0,18.0,Outside Central Region,23,8,11,15,0,99,2018,94,5,0.050505050505050504,1,0,0,3,-0.8660254037844384,-0.5000000000000004,1056205.056755464
D'LEEDON,635.08,LEEDON HEIGHTS,Resale,Strata,Condominium,1.0,10.0,Core Central Region,22,9,11,15,0,99,2010,87,12,0.12121212121212122,1,0,0,3,-1.0,-1.8369701987210297e-16,1182821.685057049
MORI,979.52,GUILLEMARD ROAD,New Sale,Strata,Apartment,1.0,14.0,Rest of Central Region,22,9,1,5,1,9999,0,9999,0,0.0,0,0,0,3,-1.0,-1.8369701987210297e-16,1711146.8319495583
IRWELL HILL RESIDENCES,398.27,IRWELL HILL,New Sale,Strata,Apartment,1.0,9.0,Core Central Region,22,9,31,35,0,99,2020,97,2,0.020202020202020204,1,0,0,3,-1.0,-1.8369701987210297e-16,1248856.2549720875
JADE RESIDENCES,731.95,LEW LIAN VALE,Resale,Strata,Apartment,1.0,19.0,Outside Central Region,23,5,1,5,1,9999,0,9999,0,0.0,0,0,0,2,0.49999999999999994,-0.8660254037844387,1203760.9235546892
THE ARDEN,656.6,PHOENIX ROAD,New Sale,Strata,Apartment,1.0,23.0,Outside Central Region,23,8,1,5,0,99,2023,99,0,0.0,1,0,0,3,-0.8660254037844384,-0.5000000000000004,1191594.7286324564
PUBLIC MANSION,2529.54,BALESTIER ROAD,Resale,Strata,Apartment,1.0,12.0,Rest of Central Region,20,11,1,5,1,9999,0,9999,0,0.0,0,1,1,4,-0.5000000000000004,0.8660254037844384,2331640.2420682055
THE AMBRA,1151.75,LORONG H TELOK KURAU,Resale,Strata,Apartment,1.0,15.0,Outside Central Region,21,6,1,5,1,9999,0,9999,0,0.0,0,0,0,2,1.2246467991473532e-16,-1.0,1328885.965432403
SKY EDEN@BEDOK,1087.16,BEDOK CENTRAL,New Sale,Strata,Apartment,1.0,16.0,Outside Central Region,24,1,6,10,0,99,2022,97,2,0.020202020202020204,1,0,0,1,0.49999999999999994,0.8660254037844387,2361606.381324186
THE SIERRA,667.37,MOUNT SINAI DRIVE,Resale,Strata,Apartment,1.0,10.0,Core Central Region,23,3,11,15,0,947,1937,861,86,0.0908130939809926,1,0,0,1,1.0,6.123233995736766e-17,1321853.9312511021
KI RESIDENCES AT BROOKVALE,699.66,BROOKVALE DRIVE,New Sale,Strata,Condominium,1.0,21.0,Outside Central Region,21,11,6,10,0,999,1885,863,136,0.13613613613613615,1,1,1,4,-0.5000000000000004,0.8660254037844384,1447111.4678698399
ARTRA,828.83,ALEXANDRA VIEW,Resale,Strata,Apartment,1.0,3.0,Rest of Central Region,24,4,36,40,0,99,2016,91,8,0.08080808080808081,1,0,0,2,0.8660254037844387,-0.49999999999999983,1879540.5718677887
THE POIZ RESIDENCES,581.26,MEYAPPA CHETTIAR ROAD,Resale,Strata,Apartment,1.0,13.0,Rest of Central Region,23,8,16,20,0,99,2014,90,9,0.09090909090909091,1,0,0,3,-0.8660254037844384,-0.5000000000000004,1117913.733370538
AMO RESIDENCE,678.13,ANG MO KIO RISE,New Sale,Strata,Apartment,1.0,20.0,Outside Central Region,22,7,16,20,0,99,2021,98,1,0.010101010101010102,1,0,0,3,-0.4999999999999998,-0.8660254037844388,1487616.8679005054
TREASURE AT TAMPINES,678.13,TAMPINES LANE,Resale,Strata,Condominium,1.0,18.0,Outside Central Region,24,7,1,5,0,99,2018,93,6,0.06060606060606061,1,0,0,3,-0.4999999999999998,-0.8660254037844388,1097913.930784664
Q BAY RESIDENCES,882.65,TAMPINES STREET 86,Resale,Strata,Condominium,1.0,18.0,Outside Central Region,24,2,11,15,0,99,2012,87,12,0.12121212121212122,1,0,0,1,0.8660254037844386,0.5000000000000001,1268736.6811788238
CANNINGHILL PIERS,2787.88,CLARKE QUAY,New Sale,Strata,Apartment,1.0,6.0,Rest of Central Region,22,7,31,35,0,99,2021,98,1,0.010101010101010102,1,0,0,3,-0.4999999999999998,-0.8660254037844388,8786719.621309789
QUEENSWAY TOWER,1431.61,QUEENSWAY,Resale,Strata,Apartment,1.0,3.0,Rest of Central Region,21,7,6,10,1,9999,0,9999,0,0.0,0,0,0,3,-0.4999999999999998,-0.8660254037844388,1796085.3232817817
GRAND DUNMAN,958.0,DUNMAN ROAD,New Sale,Strata,Apartment,1.0,15.0,Rest of Central Region,23,7,11,15,0,99,2022,98,1,0.010101010101010102,1,0,0,3,-0.4999999999999998,-0.8660254037844388,2392133.046844085
THE MAKENA,1636.13,MEYER ROAD,Resale,Strata,Condominium,1.0,15.0,Rest of Central Region,23,6,21,25,1,9999,0,9999,0,0.0,0,0,0,2,1.2246467991473532e-16,-1.0,3201159.4162045983
MUTIARA CREST,1334.74,JALAN MUTIARA,Resale,Strata,Apartment,1.0,10.0,Core Central Region,22,8,11,15,1,9999,0,9999,0,0.0,0,0,0,3,-0.8660254037844384,-0.5000000000000004,2485089.320008831
THE GARDEN RESIDENCES,1119.46,SERANGOON NORTH VIEW,New Sale,Strata,Apartment,1.0,19.0,Outside Central Region,20,10,6,10,0,99,2017,96,3,0.030303030303030304,1,1,0,4,-0.8660254037844386,0.5000000000000001,1766681.1143448853
THE FLORENCE RESIDENCES,667.37,HOUGANG AVENUE 2,New Sale,Strata,Apartment,1.0,19.0,Outside Central Region,20,10,6,10,0,99,2018,97,2,0.020202020202020204,1,1,0,4,-0.8660254037844386,0.5000000000000001,1097390.9282293236
GRANGE RESIDENCES,2583.36,GRANGE ROAD,Resale,Strata,Condominium,1.0,10.0,Core Central Region,21,8,16,20,1,9999,0,9999,0,0.0,0,0,0,3,-0.8660254037844384,-0.5000000000000004,6324584.436610285
REZI 24,462.85,LORONG 24 GEYLANG,New Sale,Strata,Apartment,1.0,14.0,Rest of Central Region,20,9,6,10,1,9999,0,9999,0,0.0,0,0,0,3,-1.0,-1.8369701987210297e-16,756808.4733660623
BOONVIEW,645.84,MARYMOUNT TERRACE,Resale,Strata,Condominium,1.0,20.0,Rest of Central Region,22,9,1,5,1,9999,0,9999,0,0.0,0,0,0,3,-1.0,-1.8369701987210297e-16,1095414.5808974623
J'DEN,1184.04,JURONG EAST CENTRAL 1,New Sale,Strata,Apartment,1.0,22.0,Outside Central Region,23,11,11,15,0,99,2023,99,0,0.0,1,1,1,4,-0.5000000000000004,0.8660254037844384,2726719.291373992
DUKES RESIDENCE,925.7,DUKE'S ROAD,Resale,Strata,Apartment,1.0,10.0,Core Central Region,21,7,1,5,1,9999,0,9999,0,0.0,0,0,0,3,-0.4999999999999998,-0.8660254037844388,1808564.638095291
TRELLIS TOWERS,1485.43,LORONG 1 TOA PAYOH,Resale,Strata,Condominium,1.0,12.0,Rest of Central Region,23,5,11,15,1,9999,0,9999,0,0.0,0,0,0,2,0.49999999999999994,-0.8660254037844387,2568671.659678475
EIGHT COURTYARDS,968.76,CANBERRA DRIVE,Resale,Strata,Condominium,1.0,27.0,Outside Central Region,22,10,11,15,0,99,2010,87,12,0.12121212121212122,1,1,0,4,-0.8660254037844386,0.5000000000000001,1094391.2005345004
PICCADILLY GRAND,710.42,NORTHUMBERLAND ROAD,New Sale,Strata,Apartment,1.0,8.0,Rest of Central Region,22,5,6,10,0,99,2021,98,1,0.010101010101010102,1,0,0,2,0.49999999999999994,-0.8660254037844387,1510754.3567631408
HERITAGE EAST,1108.69,EAST COAST ROAD,Resale,Strata,Apartment,1.0,15.0,Outside Central Region,20,10,1,5,1,9999,0,9999,0,0.0,0,1,0,4,-0.8660254037844386,0.5000000000000001,1107088.1954355391
WHISTLER GRAND,1280.92,WEST COAST VALE,New Sale,Strata,Apartment,1.0,5.0,Outside Central Region,20,12,6,10,0,99,2018,97,2,0.020202020202020204,1,0,0,4,-2.4492935982947064e-16,1.0,1899625.6113021995
GRANDEUR 8,1194.8,ANG MO KIO CENTRAL 3,Resale,Strata,Condominium,1.0,20.0,Outside Central Region,21,7,1,5,0,99,2002,80,19,0.1919191919191919,1,0,0,3,-0.4999999999999998,-0.8660254037844388,1311139.4620396509
KERRISDALE,1270.15,STURDEE ROAD,Resale,Strata,Condominium,1.0,8.0,Rest of Central Region,21,8,6,10,0,99,1998,76,23,0.23232323232323232,2,0,0,3,-0.8660254037844384,-0.5000000000000004,1565881.2003855223
FABER CREST,1280.92,FABER HEIGHTS,Resale,Strata,Condominium,1.0,5.0,Outside Central Region,21,8,1,5,0,99,1996,74,25,0.25252525252525254,2,0,0,3,-0.8660254037844384,-0.5000000000000004,1305146.121918975
NORWOOD GRAND,710.42,CHAMPIONS WAY,New Sale,Strata,Apartment,1.0,25.0,Outside Central Region,24,10,6,10,0,99,2023,98,1,0.010101010101010102,1,1,0,4,-0.8660254037844386,0.5000000000000001,1526712.1957354865
MARINE BLUE,731.95,MARINE PARADE ROAD,Resale,Strata,Condominium,1.0,15.0,Rest of Central Region,23,3,1,5,1,9999,0,9999,0,0.0,0,0,0,1,1.0,6.123233995736766e-17,1416644.0647427822
THE CONTINUUM,1065.64,THIAM SIEW AVENUE,New Sale,Strata,Apartment,1.0,15.0,Rest of Central Region,24,11,6,10,1,9999,0,9999,0,0.0,0,1,1,4,-0.5000000000000004,0.8660254037844384,2990279.9852278223
TEMBUSU GRAND,742.72,JALAN TEMBUSU,New Sale,Strata,Condominium,1.0,15.0,Rest of Central Region,23,4,11,15,0,99,2022,98,1,0.010101010101010102,1,0,0,2,0.8660254037844387,-0.49999999999999983,1867895.779933256
SELETARIS,1323.97,SEMBAWANG ROAD,Resale,Strata,Condominium,1.0,27.0,Outside Central Region,21,2,1,5,1,9999,0,9999,0,0.0,0,0,0,1,0.8660254037844386,0.5000000000000001,1192480.3354816297
PALM ISLES,516.67,FLORA DRIVE,Resale,Strata,Condominium,1.0,17.0,Outside Central Region,21,5,6,10,0,99,2011,89,10,0.10101010101010101,1,0,0,2,0.49999999999999994,-0.8660254037844387,566804.3531446952
SKIES MILTONIA,484.38,MILTONIA CLOSE,Resale,Strata,Condominium,1.0,27.0,Outside Central Region,21,5,11,15,0,99,2012,90,9,0.09090909090909091,1,0,0,2,0.49999999999999994,-0.8660254037844387,579021.529766011
LENTOR MODERN,1108.69,LENTOR CENTRAL,New Sale,Strata,Apartment,1.0,26.0,Outside Central Region,22,9,21,25,0,99,2021,98,1,0.010101010101010102,1,0,0,3,-1.0,-1.8369701987210297e-16,2396629.2853878033
THE SEAFRONT ON MEYER,2292.73,MEYER ROAD,Resale,Strata,Condominium,1.0,15.0,Rest of Central Region,22,3,16,20,1,9999,0,9999,0,0.0,0,0,0,1,1.0,6.123233995736766e-17,4510249.738202156
AFFINITY AT SERANGOON,904.18,SERANGOON NORTH AVENUE 1,New Sale,Strata,Apartment,1.0,19.0,Outside Central Region,21,9,1,5,0,99,2018,96,3,0.030303030303030304,1,0,0,3,-1.0,-1.8369701987210297e-16,1464335.7015683416
WHISTLER GRAND,1442.38,WEST COAST VALE,New Sale,Strata,Apartment,1.0,5.0,Outside Central Region,20,8,16,20,0,99,2018,97,2,0.020202020202020204,1,0,0,3,-0.8660254037844384,-0.5000000000000004,1916403.7834638553
SORA,731.95,YUAN CHING ROAD,New Sale,Strata,Apartment,1.0,22.0,Outside Central Region,24,7,1,5,0,99,2023,98,1,0.010101010101010102,1,0,0,3,-0.4999999999999998,-0.8660254037844388,1533288.3301318062
3 ORCHARD BY-THE-PARK,2583.36,ORCHARD BOULEVARD,Resale,Strata,Condominium,1.0,10.0,Core Central Region,23,5,1,5,1,9999,0,9999,0,0.0,0,0,0,2,0.49999999999999994,-0.8660254037844387,8539085.2219576
GAMBIR RIDGE,731.95,GAMBIR WALK,Resale,Strata,Apartment,1.0,19.0,Outside Central Region,21,9,1,5,1,9999,0,9999,0,0.0,0,0,0,3,-1.0,-1.8369701987210297e-16,992068.9357970511
SEASONS VIEW,1140.98,PEMIMPIN DRIVE,Resale,Strata,Condominium,1.0,20.0,Rest of Central Region,21,10,1,5,0,99,1996,74,25,0.25252525252525254,2,1,0,4,-0.8660254037844386,0.5000000000000001,1342804.4341006845
NORMANTON PARK,968.76,NORMANTON PARK,New Sale,Strata,Apartment,1.0,5.0,Rest of Central Region,22,2,16,20,0,99,2019,96,3,0.030303030303030304,1,0,0,1,0.8660254037844386,0.5000000000000001,1788448.6427445726
NAVA GROVE,624.31,PINE GROVE,New Sale,Strata,Condominium,1.0,21.0,Rest of Central Region,24,11,21,25,0,99,2024,99,0,0.0,1,1,1,4,-0.5000000000000004,0.8660254037844384,1604703.0273214243
MARGARET VILLE,828.83,MARGARET DRIVE,Resale,Strata,Apartment,1.0,3.0,Rest of Central Region,24,6,31,35,0,99,2017,92,7,0.0707070707070707,1,0,0,2,1.2246467991473532e-16,-1.0,1817399.7146716088
SELETAR PARK RESIDENCE,1291.68,SELETAR ROAD,Resale,Strata,Condominium,1.0,28.0,Outside Central Region,23,7,1,5,0,99,2011,87,12,0.12121212121212122,1,0,0,3,-0.4999999999999998,-0.8660254037844388,1569657.197692545
WALLICH RESIDENCE,645.84,WALLICH STREET,Resale,Strata,Apartment,1.0,2.0,Core Central Region,21,12,46,50,0,99,2011,89,10,0.10101010101010101,1,0,0,4,-2.4492935982947064e-16,1.0,2206105.386771769
PINETREE HILL,968.76,PINE GROVE,New Sale,Strata,Condominium,1.0,21.0,Rest of Central Region,23,7,6,10,0,99,2022,98,1,0.010101010101010102,1,0,0,3,-0.4999999999999998,-0.8660254037844388,2266807.509674192
THE LANDMARK,1076.4,CHIN SWEE ROAD,New Sale,Strata,Condominium,1.0,3.0,Rest of Central Region,23,3,6,10,0,99,2020,96,3,0.030303030303030304,1,0,0,1,1.0,6.123233995736766e-17,2517599.791334076
PINETREE HILL,968.76,PINE GROVE,New Sale,Strata,Condominium,1.0,21.0,Rest of Central Region,24,6,1,5,0,99,2022,97,2,0.020202020202020204,1,0,0,2,1.2246467991473532e-16,-1.0,2259391.743450233
THE CLEMENT CANOPY,635.08,CLEMENTI AVENUE 1,Resale,Strata,Apartment,1.0,5.0,Outside Central Region,24,5,36,40,0,99,2016,91,8,0.08080808080808081,1,0,0,2,0.49999999999999994,-0.8660254037844387,1230401.778274189
COSTA DEL SOL,1345.5,BAYSHORE ROAD,Resale,Strata,Condominium,1.0,16.0,Outside Central Region,21,9,26,30,0,99,1997,75,24,0.24242424242424243,2,0,0,3,-1.0,-1.8369701987210297e-16,1979595.5311092895
THE SANTORINI,1151.75,TAMPINES STREET 86,Resale,Strata,Condominium,1.0,18.0,Outside Central Region,24,10,6,10,0,99,2013,88,11,0.1111111111111111,1,1,0,4,-0.8660254037844386,0.5000000000000001,1658969.0857478762
SENGKANG GRAND RESIDENCES,936.47,COMPASSVALE BOW,Sub Sale,Strata,Apartment,1.0,19.0,Outside Central Region,24,8,1,5,0,99,2018,93,6,0.06060606060606061,1,0,0,3,-0.8660254037844384,-0.5000000000000004,1830549.52971678
EIGHT RIVERSUITES,1033.34,WHAMPOA EAST,Resale,Strata,Condominium,1.0,12.0,Rest of Central Region,21,12,6,10,0,99,2011,89,10,0.10101010101010101,1,0,0,4,-2.4492935982947064e-16,1.0,1436630.3845768312
THE METROPOLITAN CONDOMINIUM,785.77,ALEXANDRA VIEW,Resale,Strata,Condominium,1.0,3.0,Rest of Central Region,23,10,31,35,0,99,2006,82,17,0.1717171717171717,1,1,0,4,-0.8660254037844386,0.5000000000000001,1414125.1990132183
NORMANTON PARK,936.47,NORMANTON PARK,New Sale,Strata,Apartment,1.0,5.0,Rest of Central Region,21,5,16,20,0,99,2019,97,2,0.020202020202020204,1,0,0,2,0.49999999999999994,-0.8660254037844387,1662680.8278938062
KENSINGTON PARK CONDOMINIUM,2238.91,KENSINGTON PARK DRIVE,Resale,Strata,Condominium,1.0,19.0,Outside Central Region,24,9,1,5,0,999,1878,853,146,0.14614614614614616,1,0,0,3,-1.0,-1.8369701987210297e-16,3100246.4011070617
FLO RESIDENCE,925.7,PUNGGOL FIELD WALK,Resale,Strata,Condominium,1.0,19.0,Outside Central Region,24,12,16,20,0,99,2011,86,13,0.13131313131313133,1,0,0,4,-2.4492935982947064e-16,1.0,1274548.162501327
KI RESIDENCES AT BROOKVALE,753.48,BROOKVALE DRIVE,New Sale,Strata,Condominium,1.0,21.0,Outside Central Region,21,3,1,5,0,999,1885,863,136,0.13613613613613615,1,0,0,1,1.0,6.123233995736766e-17,1355418.0648307719
UE SQUARE,1528.49,RIVER VALLEY ROAD,Resale,Strata,Apartment,1.0,9.0,Core Central Region,24,11,6,10,0,929,1953,858,71,0.07642626480086114,1,1,1,4,-0.5000000000000004,0.8660254037844384,3199023.8997022966
PARC VISTA,1259.39,CORPORATION ROAD,Resale,Strata,Condominium,1.0,22.0,Outside Central Region,23,10,11,15,0,99,1995,71,28,0.2828282828282828,2,1,0,4,-0.8660254037844386,0.5000000000000001,1479117.535581471
EMERALD PARK,947.23,INDUS ROAD,Resale,Strata,Condominium,1.0,3.0,Rest of Central Region,24,9,1,5,0,99,1991,66,33,0.3333333333333333,2,0,0,3,-1.0,-1.8369701987210297e-16,1587154.0612130165
D'LOTUS,570.49,LORONG AMPAS,Resale,Strata,Apartment,1.0,12.0,Rest of Central Region,23,3,11,15,1,9999,0,9999,0,0.0,0,0,0,1,1.0,6.123233995736766e-17,976631.3706764743
8 FARRER SUITES,592.02,SING JOO WALK,Resale,Strata,Apartment,1.0,8.0,Rest of Central Region,21,8,1,5,1,9999,0,9999,0,0.0,0,0,0,3,-0.8660254037844384,-0.5000000000000004,820938.6215848369
FOURTH AVENUE RESIDENCES,484.38,FOURTH AVENUE,New Sale,Strata,Apartment,1.0,10.0,Core Central Region,20,9,1,5,0,99,2018,97,2,0.020202020202020204,1,0,0,3,-1.0,-1.8369701987210297e-16,1099876.5258812096
WHITEHAVEN,538.2,PASIR PANJANG ROAD,Resale,Strata,Apartment,1.0,5.0,Rest of Central Region,23,4,1,5,1,9999,0,9999,0,0.0,0,0,0,2,0.8660254037844387,-0.49999999999999983,913849.2801158844
VIBES @ EAST COAST,462.85,TELOK KURAU ROAD,Resale,Strata,Apartment,1.0,15.0,Outside Central Region,22,9,1,5,1,9999,0,9999,0,0.0,0,0,0,3,-1.0,-1.8369701987210297e-16,694950.2469205763
AVENUE SOUTH RESIDENCE,527.44,SILAT AVENUE,New Sale,Strata,Apartment,1.0,3.0,Rest of Central Region,21,6,31,35,0,99,2018,96,3,0.030303030303030304,1,0,0,2,1.2246467991473532e-16,-1.0,1210853.7342663228
ONE-NORTH EDEN,796.54,SLIM BARRACKS RISE,New Sale,Strata,Apartment,1.0,5.0,Rest of Central Region,21,4,11,15,0,99,2019,97,2,0.020202020202020204,1,0,0,2,0.8660254037844387,-0.49999999999999983,1686915.7974180474
AVENUE SOUTH RESIDENCE,947.23,SILAT AVENUE,New Sale,Strata,Apartment,1.0,3.0,Rest of Central Region,21,11,41,45,0,99,2018,96,3,0.030303030303030304,1,1,1,4,-0.5000000000000004,0.8660254037844384,2109157.800437977
BARTLEY VUE,1065.64,JALAN BUNGA RAMPAI,New Sale,Strata,Apartment,1.0,19.0,Rest of Central Region,24,2,11,15,0,99,2020,95,4,0.04040404040404041,1,0,0,1,0.8660254037844386,0.5000000000000001,2276844.0653488664
STIRLING RESIDENCES,635.08,STIRLING ROAD,Resale,Strata,Apartment,1.0,3.0,Rest of Central Region,24,8,36,40,0,99,2017,92,7,0.0707070707070707,1,0,0,3,-0.8660254037844384,-0.5000000000000004,1497138.6457277855
PARC CLEMATIS,1711.48,JALAN LEMPENG,New Sale,Strata,Apartment,1.0,5.0,Outside Central Region,21,9,21,25,0,99,2019,97,2,0.020202020202020204,1,0,0,3,-1.0,-1.8369701987210297e-16,2795620.4239811166
BEDOK RESIDENCES,1625.36,BEDOK NORTH DRIVE,Resale,Strata,Apartment,1.0,16.0,Outside Central Region,21,2,11,15,0,99,2011,89,10,0.10101010101010101,1,0,0,1,0.8660254037844386,0.5000000000000001,1913107.5793867263
RIVERSOUND RESIDENCE,2389.61,SENGKANG EAST AVENUE,Resale,Strata,Condominium,1.0,19.0,Outside Central Region,23,9,16,20,0,99,2011,87,12,0.12121212121212122,1,0,0,3,-1.0,-1.8369701987210297e-16,2418515.4479514733
PENROSE,484.38,SIMS DRIVE,New Sale,Strata,Apartment,1.0,14.0,Rest of Central Region,20,9,6,10,0,99,2019,98,1,0.010101010101010102,1,0,0,3,-1.0,-1.8369701987210297e-16,827651.0248505911
AALTO,1528.49,MEYER ROAD,Resale,Strata,Condominium,1.0,15.0,Rest of Central Region,23,11,21,25,1,9999,0,9999,0,0.0,0,1,1,4,-0.5000000000000004,0.8660254037844384,4078703.316790529
PULLMAN RESIDENCES NEWTON,462.85,DUNEARN ROAD,New Sale,Strata,Apartment,1.0,11.0,Core Central Region,20,8,6,10,1,9999,0,9999,0,0.0,0,0,0,3,-0.8660254037844384,-0.5000000000000004,1281644.0422310624
SHELFORD REGENCY,925.7,SHELFORD ROAD,Resale,Strata,Condominium,1.0,11.0,Core Central Region,24,12,1,5,1,9999,0,9999,0,0.0,0,0,0,4,-2.4492935982947064e-16,1.0,1926486.8570052667
PRINCIPAL GARDEN,484.38,PRINCE CHARLES CRESCENT,Resale,Strata,Condominium,1.0,3.0,Rest of Central Region,22,6,11,15,0,99,2014,91,8,0.08080808080808081,1,0,0,2,1.2246467991473532e-16,-1.0,929106.5121248676
CHILTERN PARK,914.94,SERANGOON AVENUE 3,Resale,Strata,Condominium,1.0,19.0,Outside Central Region,24,7,1,5,0,99,1991,66,33,0.3333333333333333,2,0,0,3,-0.4999999999999998,-0.8660254037844388,1397665.522691083
THE CASCADIA,1496.2,BUKIT TIMAH ROAD,Resale,Strata,Condominium,1.0,21.0,Rest of Central Region,24,1,1,5,1,9999,0,9999,0,0.0,0,0,0,1,0.49999999999999994,0.8660254037844387,3010155.4992180495
FORETT@BUKIT TIMAH,1076.4,TOH TUCK ROAD,New Sale,Strata,Apartment,1.0,21.0,Rest of Central Region,20,9,1,5,1,9999,0,9999,0,0.0,0,0,0,3,-1.0,-1.8369701987210297e-16,2036614.6537206727
OLLOI,947.23,LORONG 101 CHANGI,New Sale,Strata,Apartment,1.0,15.0,Rest of Central Region,21,3,1,5,1,9999,0,9999,0,0.0,0,0,0,1,1.0,6.123233995736766e-17,1886437.1327731682
SENNETT RESIDENCE,818.06,PHENG GECK AVENUE,Resale,Strata,Condominium,1.0,13.0,Rest of Central Region,22,9,6,10,0,99,2011,88,11,0.1111111111111111,1,0,0,3,-1.0,-1.8369701987210297e-16,1337279.0702898807
THE LAKEGARDEN RESIDENCES,678.13,YUAN CHING ROAD,New Sale,Strata,Apartment,1.0,22.0,Outside Central Region,23,8,6,10,0,99,2023,99,0,0.0,1,0,0,3,-0.8660254037844384,-0.5000000000000004,1429235.3300427566
MIDWOOD,904.18,HILLVIEW RISE,New Sale,Strata,Condominium,1.0,23.0,Outside Central Region,21,7,21,25,0,99,2018,96,3,0.030303030303030304,1,0,0,3,-0.4999999999999998,-0.8660254037844388,1453472.5412729222
ASTRID MEADOWS,2744.82,CORONATION ROAD WEST,Resale,Strata,Condominium,1.0,10.0,Core Central Region,23,12,1,5,1,9999,0,9999,0,0.0,0,0,0,4,-2.4492935982947064e-16,1.0,6425874.286065683
WOODHAVEN,1173.28,WOODGROVE AVENUE,Resale,Strata,Condominium,1.0,25.0,Outside Central Region,23,7,1,5,0,99,2011,87,12,0.12121212121212122,1,0,0,3,-0.4999999999999998,-0.8660254037844388,1278687.3038336246
SORA,645.84,YUAN CHING ROAD,New Sale,Strata,Apartment,1.0,22.0,Outside Central Region,24,7,1,5,0,99,2023,98,1,0.010101010101010102,1,0,0,3,-0.4999999999999998,-0.8660254037844388,1305290.1817238932
THE RESERVE RESIDENCES,441.32,JALAN ANAK BUKIT,New Sale,Strata,Apartment,1.0,21.0,Rest of Central Region,23,5,6,10,0,99,2021,97,2,0.020202020202020204,1,0,0,2,0.49999999999999994,-0.8660254037844387,1135320.5384101705
THE REEF AT KING'S DOCK,688.9,HARBOURFRONT AVENUE,New Sale,Strata,Condominium,1.0,4.0,Rest of Central Region,21,1,1,5,0,99,2021,99,0,0.0,1,0,0,1,0.49999999999999994,0.8660254037844387,1565485.1874959492
AQUARIUS BY THE PARK,1323.97,BEDOK RESERVOIR VIEW,Resale,Strata,Condominium,1.0,16.0,Outside Central Region,23,5,1,5,0,99,1996,72,27,0.2727272727272727,2,0,0,2,0.49999999999999994,-0.8660254037844387,1494972.163987026
THE VERMONT ON CAIRNHILL,1410.08,CAIRNHILL RISE,Resale,Strata,Apartment,1.0,9.0,Core Central Region,21,8,16,20,1,9999,0,9999,0,0.0,0,0,0,3,-0.8660254037844384,-0.5000000000000004,3245532.3780547283
THE GAZANIA,850.36,HOW SUN DRIVE,New Sale,Strata,Condominium,1.0,19.0,Outside Central Region,22,9,1,5,1,9999,0,9999,0,0.0,0,0,0,3,-1.0,-1.8369701987210297e-16,1844496.8731642887
HILLSTA,1205.57,PHOENIX ROAD,Resale,Strata,Condominium,1.0,23.0,Outside Central Region,24,6,1,5,0,99,2011,86,13,0.13131313131313133,1,0,0,2,1.2246467991473532e-16,-1.0,1529308.6080697877
CANNINGHILL PIERS,538.2,CLARKE QUAY,New Sale,Strata,Apartment,1.0,6.0,Rest of Central Region,21,11,6,10,0,99,2021,99,0,0.0,1,1,1,4,-0.5000000000000004,0.8660254037844384,1497224.3769578408
MIDWOOD,635.08,HILLVIEW RISE,New Sale,Strata,Condominium,1.0,23.0,Outside Central Region,22,1,26,30,0,99,2018,95,4,0.04040404040404041,1,0,0,1,0.49999999999999994,0.8660254037844387,1184649.5615007614
STIRLING RESIDENCES,785.77,STIRLING ROAD,Resale,Strata,Apartment,1.0,3.0,Rest of Central Region,23,10,11,15,0,99,2017,93,6,0.06060606060606061,1,1,0,4,-0.8660254037844386,0.5000000000000001,1650267.827446224
LAKEHOLMZ,1506.96,CORPORATION ROAD,Resale,Strata,Condominium,1.0,22.0,Outside Central Region,23,3,11,15,0,99,2001,77,22,0.2222222222222222,2,0,0,1,1.0,6.123233995736766e-17,1695131.4316405796
RV RESIDENCES,1001.05,RIVER VALLEY ROAD,Resale,Strata,Condominium,1.0,10.0,Core Central Region,22,6,1,5,0,999,1877,854,145,0.14514514514514515,1,0,0,2,1.2246467991473532e-16,-1.0,1999596.730513671
PICCADILLY GRAND,1087.16,NORTHUMBERLAND ROAD,New Sale,Strata,Apartment,1.0,8.0,Rest of Central Region,22,5,11,15,0,99,2021,98,1,0.010101010101010102,1,0,0,2,0.49999999999999994,-0.8660254037844387,2302748.3879063204
LENTORIA,731.95,LENTOR HILLS ROAD,New Sale,Strata,Condominium,1.0,26.0,Outside Central Region,24,6,1,5,0,99,2022,97,2,0.020202020202020204,1,0,0,2,1.2246467991473532e-16,-1.0,1567407.1481440747
SEASTRAND,882.65,PASIR RIS LINK,Resale,Strata,Condominium,1.0,18.0,Outside Central Region,22,6,1,5,0,99,2011,88,11,0.1111111111111111,1,0,0,2,1.2246467991473532e-16,-1.0,954347.8896627905
KOVAN REGENCY,1054.87,KOVAN RISE,Resale,Strata,Condominium,1.0,19.0,Outside Central Region,22,4,11,15,0,99,2012,89,10,0.10101010101010101,1,0,0,2,0.8660254037844387,-0.49999999999999983,1552617.9238595737
MIDWOOD,785.77,HILLVIEW RISE,New Sale,Strata,Condominium,1.0,23.0,Outside Central Region,20,10,11,15,0,99,2018,97,2,0.020202020202020204,1,1,0,4,-0.8660254037844386,0.5000000000000001,1232320.5174057349
PARK COLONIAL,678.13,WOODLEIGH LANE,Resale,Strata,Condominium,1.0,13.0,Rest of Central Region,24,12,11,15,0,99,2017,92,7,0.0707070707070707,1,0,0,4,-2.4492935982947064e-16,1.0,1472487.2654283484
MEDGE,807.3,MINBU ROAD,Resale,Strata,Apartment,1.0,11.0,Core Central Region,22,6,6,10,1,9999,0,9999,0,0.0,0,0,0,2,1.2246467991473532e-16,-1.0,1289478.4163400594
THE HERMITAGE,2066.69,SARKIES ROAD,Resale,Strata,Apartment,1.0,10.0,Core Central Region,24,12,6,10,1,9999,0,9999,0,0.0,0,0,0,4,-2.4492935982947064e-16,1.0,3021780.719299314
BAYSHORE PARK,2195.86,BAYSHORE ROAD,Resale,Strata,Condominium,1.0,16.0,Outside Central Region,24,10,21,25,0,99,1982,57,42,0.42424242424242425,3,1,0,4,-0.8660254037844386,0.5000000000000001,2719957.11542939
THE SERENADE @ HOLLAND,1539.25,HOLLAND ROAD,Resale,Strata,Condominium,1.0,10.0,Core Central Region,21,2,1,5,0,99,2001,79,20,0.20202020202020202,2,0,0,1,0.8660254037844386,0.5000000000000001,2415425.257875648
THE BAYSHORE,925.7,BAYSHORE ROAD,Resale,Strata,Condominium,1.0,16.0,Outside Central Region,21,4,11,15,0,99,1993,71,28,0.2828282828282828,2,0,0,2,0.8660254037844387,-0.49999999999999983,933261.1994625308
CAVENDISH PARK,1291.68,PINE GROVE,Resale,Strata,Condominium,1.0,21.0,Rest of Central Region,23,9,11,15,0,99,1991,67,32,0.32323232323232326,2,0,0,3,-1.0,-1.8369701987210297e-16,2045472.286070668
KOPAR AT NEWTON,1054.87,MAKEWAY AVENUE,New Sale,Strata,Apartment,1.0,9.0,Core Central Region,21,6,6,10,0,99,2019,97,2,0.020202020202020204,1,0,0,2,1.2246467991473532e-16,-1.0,2544612.408616935
CAPE ROYALE,2529.54,COVE WAY,Resale,Strata,Condominium,1.0,4.0,Core Central Region,22,8,6,10,0,99,2008,85,14,0.1414141414141414,1,0,0,3,-0.8660254037844384,-0.5000000000000004,5540806.801126673
THE HILLIER,624.31,HILLVIEW RISE,Resale,Strata,Apartment,1.0,23.0,Outside Central Region,20,8,21,25,0,99,2011,90,9,0.09090909090909091,1,0,0,3,-0.8660254037844384,-0.5000000000000004,811262.4845605798
VISIONCREST,1194.8,OXLEY RISE,Resale,Strata,Apartment,1.0,9.0,Core Central Region,24,4,1,5,1,9999,0,9999,0,0.0,0,0,0,2,0.8660254037844387,-0.49999999999999983,2561897.7544341935
LENTOR MODERN,678.13,LENTOR CENTRAL,New Sale,Strata,Apartment,1.0,26.0,Outside Central Region,22,9,1,5,0,99,2021,98,1,0.010101010101010102,1,0,0,3,-1.0,-1.8369701987210297e-16,1395912.6513191822
PARC KOMO,914.94,UPPER CHANGI ROAD NORTH,New Sale,Strata,Apartment,1.0,17.0,Outside Central Region,21,10,1,5,1,9999,0,9999,0,0.0,0,1,0,4,-0.8660254037844386,0.5000000000000001,1486786.9559077106
FAMILIE MANSIONS,1227.1,LORONG 8 GEYLANG,Resale,Strata,Apartment,1.0,14.0,Rest of Central Region,24,3,1,5,1,9999,0,9999,0,0.0,0,0,0,1,1.0,6.123233995736766e-17,1177281.5508884515
COASTLINE RESIDENCES,721.19,AMBER ROAD,Sub Sale,Strata,Apartment,1.0,15.0,Rest of Central Region,23,9,1,5,1,9999,0,9999,0,0.0,0,0,0,3,-1.0,-1.8369701987210297e-16,1768739.8474318422
THE LAKEFRONT RESIDENCES,1065.64,LAKESIDE DRIVE,Resale,Strata,Condominium,1.0,22.0,Outside Central Region,22,4,11,15,0,99,2010,87,12,0.12121212121212122,1,0,0,2,0.8660254037844387,-0.49999999999999983,1462947.095376129
PENROSE,1054.87,SIMS DRIVE,New Sale,Strata,Apartment,1.0,14.0,Rest of Central Region,20,12,1,5,0,99,2019,98,1,0.010101010101010102,1,0,0,4,-2.4492935982947064e-16,1.0,1630007.967597952
AMBER PARK,678.13,AMBER GARDENS,Resale,Strata,Condominium,1.0,15.0,Rest of Central Region,24,12,21,25,1,9999,0,9999,0,0.0,0,0,0,4,-2.4492935982947064e-16,1.0,1740876.1275704345
CLAVON,1582.31,CLEMENTI AVENUE 1,New Sale,Strata,Apartment,1.0,5.0,Outside Central Region,22,4,11,15,0,99,2019,96,3,0.030303030303030304,1,0,0,2,0.8660254037844387,-0.49999999999999983,2696154.8600988197
THE M,753.48,MIDDLE ROAD,New Sale,Strata,Apartment,1.0,7.0,Core Central Region,21,1,11,15,0,99,2019,97,2,0.020202020202020204,1,0,0,1,0.49999999999999994,0.8660254037844387,1926500.7583919086
VUE 8 RESIDENCE,1345.5,PASIR RIS HEIGHTS,Resale,Strata,Condominium,1.0,18.0,Outside Central Region,22,5,11,15,0,99,2012,89,10,0.10101010101010101,1,0,0,2,0.49999999999999994,-0.8660254037844387,1677180.870808404
CARIBBEAN AT KEPPEL BAY,893.41,KEPPEL BAY DRIVE,Resale,Strata,Condominium,1.0,4.0,Rest of Central Region,21,5,1,5,0,99,1999,77,22,0.2222222222222222,2,0,0,2,0.49999999999999994,-0.8660254037844387,1440498.0566551914
JADE RESIDENCES,1862.17,LEW LIAN VALE,Resale,Strata,Apartment,1.0,19.0,Outside Central Region,21,6,1,5,1,9999,0,9999,0,0.0,0,0,0,2,1.2246467991473532e-16,-1.0,1937177.3765330669
VUE 8 RESIDENCE,1313.21,PASIR RIS HEIGHTS,Resale,Strata,Condominium,1.0,18.0,Outside Central Region,21,8,1,5,0,99,2012,90,9,0.09090909090909091,1,0,0,3,-0.8660254037844384,-0.5000000000000004,1329390.2713003855
THE MINTON,979.52,HOUGANG STREET 11,Resale,Strata,Condominium,1.0,19.0,Outside Central Region,22,8,16,20,0,99,2007,84,15,0.15151515151515152,1,0,0,3,-0.8660254037844384,-0.5000000000000004,1315345.318267314
THE WATERGARDENS AT CANBERRA,678.13,CANBERRA DRIVE,New Sale,Strata,Apartment,1.0,27.0,Outside Central Region,21,9,1,5,0,99,2020,98,1,0.010101010101010102,1,0,0,3,-1.0,-1.8369701987210297e-16,1030414.0789551137
THE MEDLEY,1302.44,LORONG G TELOK KURAU,Resale,Strata,Apartment,1.0,15.0,Outside Central Region,24,4,1,5,1,9999,0,9999,0,0.0,0,0,0,2,0.8660254037844387,-0.49999999999999983,1827200.9160990121
THE MILTONIA RESIDENCES,1528.49,MILTONIA CLOSE,Resale,Strata,Condominium,1.0,27.0,Outside Central Region,24,11,1,5,0,99,2010,85,14,0.1414141414141414,1,1,1,4,-0.5000000000000004,0.8660254037844384,1720992.3710711265
GLOBAL VILLE,904.18,JALAN RAJA UDANG,Resale,Strata,Apartment,1.0,12.0,Rest of Central Region,24,9,11,15,1,9999,0,9999,0,0.0,0,0,0,3,-1.0,-1.8369701987210297e-16,1603501.6890870864
RIVERSAILS,947.23,UPPER SERANGOON CRESCENT,Resale,Strata,Condominium,1.0,19.0,Outside Central Region,22,2,11,15,0,99,2011,88,11,0.1111111111111111,1,0,0,1,0.8660254037844386,0.5000000000000001,1093105.79897654
BEACON HEIGHTS,1108.69,MAR THOMA ROAD,Resale,Strata,Condominium,1.0,12.0,Rest of Central Region,20,10,16,20,0,999,1882,861,138,0.13813813813813813,1,1,0,4,-0.8660254037844386,0.5000000000000001,1230039.2946196836
DOUBLE BAY RESIDENCES,1313.21,SIMEI STREET 4,Resale,Strata,Condominium,1.0,18.0,Outside Central Region,23,3,11,15,0,99,2008,84,15,0.15151515151515152,1,0,0,1,1.0,6.123233995736766e-17,1752313.4209104534
PENROSE,958.0,SIMS DRIVE,New Sale,Strata,Apartment,1.0,14.0,Rest of Central Region,20,9,6,10,0,99,2019,98,1,0.010101010101010102,1,0,0,3,-1.0,-1.8369701987210297e-16,1458927.2336312686
PARKVIEW APARTMENTS,990.29,BUKIT BATOK STREET 25,Resale,Strata,Apartment,1.0,23.0,Outside Central Region,24,2,11,15,0,99,1994,69,30,0.30303030303030304,2,0,0,1,0.8660254037844386,0.5000000000000001,961971.6553752344
CANNINGHILL PIERS,548.96,CLARKE QUAY,New Sale,Strata,Apartment,1.0,6.0,Rest of Central Region,21,11,26,30,0,99,2021,99,0,0.0,1,1,1,4,-0.5000000000000004,0.8660254037844384,1652220.9411008544
RIVERSOUND RESIDENCE,1162.51,SENGKANG EAST AVENUE,Resale,Strata,Condominium,1.0,19.0,Outside Central Region,20,11,11,15,0,99,2011,90,9,0.09090909090909091,1,1,1,4,-0.5000000000000004,0.8660254037844384,1160962.2824151157
KATONG REGENCY,936.47,TANJONG KATONG ROAD,Resale,Strata,Apartment,1.0,15.0,Rest of Central Region,20,10,11,15,1,9999,0,9999,0,0.0,0,1,0,4,-0.8660254037844386,0.5000000000000001,1417565.9195819974
HAUS ON HANDY,624.31,HANDY ROAD,New Sale,Strata,Condominium,1.0,9.0,Core Central Region,22,6,6,10,0,99,2018,95,4,0.04040404040404041,1,0,0,2,1.2246467991473532e-16,-1.0,1712386.4434353493
THE ANTARES,656.6,MATTAR ROAD,New Sale,Strata,Apartment,1.0,14.0,Rest of Central Region,21,5,11,15,0,99,2018,96,3,0.030303030303030304,1,0,0,2,0.49999999999999994,-0.8660254037844387,1209880.4812888945
MARINE VILLE,936.47,MARINE PARADE,Resale,Strata,Apartment,1.0,15.0,Rest of Central Region,23,9,1,5,1,9999,0,9999,0,0.0,0,0,0,3,-1.0,-1.8369701987210297e-16,1604286.3546769414
LENTOR HILLS RESIDENCES,678.13,LENTOR HILLS ROAD,New Sale,Strata,Apartment,1.0,26.0,Outside Central Region,23,7,11,15,0,99,2022,98,1,0.010101010101010102,1,0,0,3,-0.4999999999999998,-0.8660254037844388,1460502.128173965
TANJONG RIA CONDOMINIUM,635.08,TANJONG RHU ROAD,Resale,Strata,Condominium,1.0,15.0,Rest of Central Region,21,10,1,5,0,99,1993,71,28,0.2828282828282828,2,1,0,4,-0.8660254037844386,0.5000000000000001,899740.0255349459
THE LAKEGARDEN RESIDENCES,775.01,YUAN CHING ROAD,New Sale,Strata,Apartment,1.0,22.0,Outside Central Region,23,8,16,20,0,99,2023,99,0,0.0,1,0,0,3,-0.8660254037844384,-0.5000000000000004,1740425.7147062677
SEASIDE RESIDENCES,678.13,SIGLAP LINK,New Sale,Strata,Apartment,1.0,15.0,Outside Central Region,20,10,21,25,0,99,2016,95,4,0.04040404040404041,1,1,0,4,-0.8660254037844386,0.5000000000000001,1407878.2507893636
THE LANDMARK,516.67,CHIN SWEE ROAD,New Sale,Strata,Condominium,1.0,3.0,Rest of Central Region,20,11,16,20,0,99,2020,99,0,0.0,1,1,1,4,-0.5000000000000004,0.8660254037844384,1157972.3945378945
DAIRY FARM RESIDENCES,1011.82,DAIRY FARM LANE,New Sale,Strata,Apartment,1.0,23.0,Outside Central Region,21,9,1,5,0,99,2018,96,3,0.030303030303030304,1,0,0,3,-1.0,-1.8369701987210297e-16,1578092.0766367754
THE ANTARES,882.65,MATTAR ROAD,New Sale,Strata,Apartment,1.0,14.0,Rest of Central Region,21,10,1,5,0,99,2018,96,3,0.030303030303030304,1,1,0,4,-0.8660254037844386,0.5000000000000001,1554394.3700401008
RIVERFRONT RESIDENCES,1485.43,HOUGANG AVENUE 7,New Sale,Strata,Apartment,1.0,19.0,Outside Central Region,21,8,1,5,0,99,2018,96,3,0.030303030303030304,1,0,0,3,-0.8660254037844384,-0.5000000000000004,2071774.2919552922
MIDWOOD,893.41,HILLVIEW RISE,New Sale,Strata,Condominium,1.0,23.0,Outside Central Region,21,5,11,15,0,99,2018,96,3,0.030303030303030304,1,0,0,2,0.49999999999999994,-0.8660254037844387,1361495.6853623723
THE MORNINGTON,1216.33,ST. MICHAEL'S ROAD,Resale,Strata,Apartment,1.0,12.0,Rest of Central Region,21,4,6,10,1,9999,0,9999,0,0.0,0,0,0,2,0.8660254037844387,-0.49999999999999983,1299704.5965363649
NORTH PARK RESIDENCES,1270.15,YISHUN CENTRAL 1,Resale,Strata,Apartment,1.0,27.0,Outside Central Region,23,3,11,15,0,99,2015,91,8,0.08080808080808081,1,0,0,1,1.0,6.123233995736766e-17,1895719.441751217
ONE ST MICHAEL'S,1184.04,ST. MICHAEL'S ROAD,Resale,Strata,Condominium,1.0,12.0,Rest of Central Region,22,4,16,20,1,9999,0,9999,0,0.0,0,0,0,2,0.8660254037844387,-0.49999999999999983,1813064.471968162
EIGHT RIVERSUITES,699.66,WHAMPOA EAST,Resale,Strata,Condominium,1.0,12.0,Rest of Central Region,21,10,21,25,0,99,2011,89,10,0.10101010101010101,1,1,0,4,-0.8660254037844386,0.5000000000000001,1119860.1395935612
THE TRILINQ,1356.26,JALAN LEMPENG,Resale,Strata,Condominium,1.0,5.0,Outside Central Region,24,10,26,30,0,99,2012,87,12,0.12121212121212122,1,1,0,4,-0.8660254037844386,0.5000000000000001,2410456.246066134
COTE D'AZUR,839.59,MARINE PARADE ROAD,Resale,Strata,Condominium,1.0,15.0,Rest of Central Region,22,8,1,5,0,99,2001,78,21,0.21212121212121213,2,0,0,3,-0.8660254037844384,-0.5000000000000004,1364781.1012432657
FORTUNE PARK,958.0,TAMPINES ROAD,Resale,Strata,Condominium,1.0,19.0,Outside Central Region,22,10,1,5,1,9999,0,9999,0,0.0,0,1,0,4,-0.8660254037844386,0.5000000000000001,1270165.5637337037
DRAYCOTT EIGHT,3175.38,DRAYCOTT PARK,Resale,Strata,Condominium,1.0,10.0,Core Central Region,21,10,1,5,0,99,1997,75,24,0.24242424242424243,2,1,0,4,-0.8660254037844386,0.5000000000000001,7698784.676628537
RIVERBANK @ FERNVALE,1044.11,FERNVALE CLOSE,Resale,Strata,Condominium,1.0,28.0,Outside Central Region,21,1,16,20,0,99,2013,91,8,0.08080808080808081,1,0,0,1,0.49999999999999994,0.8660254037844387,1136619.329202902
SIN MING PLAZA,1442.38,SIN MING ROAD,Resale,Strata,Apartment,1.0,20.0,Rest of Central Region,24,10,1,5,1,9999,0,9999,0,0.0,0,1,0,4,-0.8660254037844386,0.5000000000000001,2149165.46030373
MONT BOTANIK RESIDENCE,947.23,JALAN REMAJA,New Sale,Strata,Condominium,1.0,23.0,Outside Central Region,21,12,6,10,1,9999,0,9999,0,0.0,0,0,0,4,-2.4492935982947064e-16,1.0,1642708.770884751
THE BOTANY AT DAIRY FARM,678.13,DAIRY FARM WALK,New Sale,Strata,Condominium,1.0,23.0,Outside Central Region,23,3,11,15,0,99,2022,98,1,0.010101010101010102,1,0,0,1,1.0,6.123233995736766e-17,1429048.7868801742
THE GERANIUM,1216.33,MANGIS ROAD,Resale,Strata,Condominium,1.0,15.0,Rest of Central Region,21,11,1,5,1,9999,0,9999,0,0.0,0,1,1,4,-0.5000000000000004,0.8660254037844384,1441886.1942945148
TEMBUSU GRAND,667.37,JALAN TEMBUSU,New Sale,Strata,Condominium,1.0,15.0,Rest of Central Region,23,4,1,5,0,99,2022,98,1,0.010101010101010102,1,0,0,2,0.8660254037844387,-0.49999999999999983,1610264.073317958
THE GARDEN RESIDENCES,1119.46,SERANGOON NORTH VIEW,New Sale,Strata,Apartment,1.0,19.0,Outside Central Region,20,12,1,5,0,99,2017,96,3,0.030303030303030304,1,0,0,4,-2.4492935982947064e-16,1.0,1757279.4872561442
THOMSON THREE,1140.98,BRIGHT HILL DRIVE,Resale,Strata,Apartment,1.0,20.0,Rest of Central Region,22,5,1,5,0,99,2012,89,10,0.10101010101010101,1,0,0,2,0.49999999999999994,-0.8660254037844387,1662123.816700103
JADESCAPE,1011.82,SHUNFU ROAD,Resale,Strata,Condominium,1.0,20.0,Rest of Central Region,24,12,6,10,0,99,2018,93,6,0.06060606060606061,1,0,0,4,-2.4492935982947064e-16,1.0,1949454.325230572
ROSEWOOD,1173.28,ROSEWOOD DRIVE,Resale,Strata,Condominium,1.0,25.0,Outside Central Region,21,2,6,10,0,99,2000,78,21,0.21212121212121213,2,0,0,1,0.8660254037844386,0.5000000000000001,864329.9751310538
BOWMONT CENTRE,1883.7,SIGLAP DRIVE,Resale,Strata,Apartment,1.0,15.0,Outside Central Region,22,10,1,5,1,9999,0,9999,0,0.0,0,1,0,4,-0.8660254037844386,0.5000000000000001,2233259.860638512
LENTOR MODERN,990.29,LENTOR CENTRAL,New Sale,Strata,Apartment,1.0,26.0,Outside Central Region,22,9,11,15,0,99,2021,98,1,0.010101010101010102,1,0,0,3,-1.0,-1.8369701987210297e-16,2051281.9682619686
DOMUS,904.18,IRRAWADDY ROAD,Resale,Strata,Apartment,1.0,12.0,Rest of Central Region,20,10,6,10,1,9999,0,9999,0,0.0,0,1,0,4,-0.8660254037844386,0.5000000000000001,1247349.2922364008
LEEDON GREEN,1496.2,LEEDON HEIGHTS,New Sale,Strata,Condominium,1.0,10.0,Core Central Region,21,4,11,15,1,9999,0,9999,0,0.0,0,0,0,2,0.8660254037844387,-0.49999999999999983,4004882.670424677
AMBER RESIDENCES,1162.51,AMBER ROAD,Resale,Strata,Condominium,1.0,15.0,Rest of Central Region,21,4,1,5,1,9999,0,9999,0,0.0,0,0,0,2,0.8660254037844387,-0.49999999999999983,1970416.243025691
MARINA BAY SUITES,2055.92,CENTRAL BOULEVARD,Resale,Strata,Condominium,1.0,1.0,Core Central Region,24,9,41,45,0,99,2007,82,17,0.1717171717171717,1,0,0,3,-1.0,-1.8369701987210297e-16,4153444.515641796
TEMBELING RESIDENCE,721.19,TEMBELING ROAD,Resale,Strata,Apartment,1.0,15.0,Rest of Central Region,22,7,1,5,1,9999,0,9999,0,0.0,0,0,0,3,-0.4999999999999998,-0.8660254037844388,1223994.0858292782
D'NEST,753.48,PASIR RIS GROVE,Resale,Strata,Condominium,1.0,18.0,Outside Central Region,21,8,11,15,0,99,2010,88,11,0.1111111111111111,1,0,0,3,-0.8660254037844384,-0.5000000000000004,869516.4482186127
ASCENTIA SKY,1011.82,ALEXANDRA VIEW,Resale,Strata,Condominium,1.0,3.0,Rest of Central Region,21,4,36,40,0,99,2008,86,13,0.13131313131313133,1,0,0,2,0.8660254037844387,-0.49999999999999983,1644578.2448231566
LAKE GRANDE,516.67,JURONG LAKE LINK,Resale,Strata,Condominium,1.0,22.0,Outside Central Region,21,11,11,15,0,99,2015,93,6,0.06060606060606061,1,1,1,4,-0.5000000000000004,0.8660254037844384,836967.8914711904
CASA SARINA,1259.39,LORONG SARINA,Resale,Strata,Condominium,1.0,14.0,Outside Central Region,23,11,1,5,1,9999,0,9999,0,0.0,0,1,1,4,-0.5000000000000004,0.8660254037844384,1690645.2437745978
NORMANTON PARK,1065.64,NORMANTON PARK,New Sale,Strata,Apartment,1.0,5.0,Rest of Central Region,22,3,1,5,0,99,2019,96,3,0.030303030303030304,1,0,0,1,1.0,6.123233995736766e-17,1935989.2938755297
H2O RESIDENCES,1130.22,FERNVALE LINK,Resale,Strata,Condominium,1.0,28.0,Outside Central Region,21,2,11,15,0,99,2010,88,11,0.1111111111111111,1,0,0,1,0.8660254037844386,0.5000000000000001,1182568.9876857176
AALTO,1442.38,MEYER ROAD,Resale,Strata,Condominium,1.0,15.0,Rest of Central Region,21,11,1,5,1,9999,0,9999,0,0.0,0,1,1,4,-0.5000000000000004,0.8660254037844384,3072901.749587274
SYMPHONY SUITES,785.77,YISHUN CLOSE,Resale,Strata,Condominium,1.0,27.0,Outside Central Region,24,5,6,10,0,99,2014,89,10,0.10101010101010101,1,0,0,2,0.49999999999999994,-0.8660254037844387,1016372.2340121998
KERRISDALE,1485.43,STURDEE ROAD,Resale,Strata,Condominium,1.0,8.0,Rest of Central Region,22,7,21,25,0,99,1998,75,24,0.24242424242424243,2,0,0,3,-0.4999999999999998,-0.8660254037844388,2052178.2257661892
MIDTOWN MODERN,904.18,TAN QUEE LAN STREET,New Sale,Strata,Apartment,1.0,7.0,Core Central Region,22,12,26,30,0,99,2019,96,3,0.030303030303030304,1,0,0,4,-2.4492935982947064e-16,1.0,2694834.317902332
HAUS ON HANDY,613.55,HANDY ROAD,New Sale,Strata,Condominium,1.0,9.0,Core Central Region,22,7,1,5,0,99,2018,95,4,0.04040404040404041,1,0,0,3,-0.4999999999999998,-0.8660254037844388,1687914.3066896214
STIRLING RESIDENCES,624.31,STIRLING ROAD,Resale,Strata,Apartment,1.0,3.0,Rest of Central Region,23,12,36,40,0,99,2017,93,6,0.06060606060606061,1,0,0,4,-2.4492935982947064e-16,1.0,1454617.271950936
GRAND DUNMAN,775.01,DUNMAN ROAD,New Sale,Strata,Apartment,1.0,15.0,Rest of Central Region,23,7,1,5,0,99,2022,98,1,0.010101010101010102,1,0,0,3,-0.4999999999999998,-0.8660254037844388,1888722.0404556533
CANNINGHILL PIERS,484.38,CLARKE QUAY,New Sale,Strata,Apartment,1.0,6.0,Rest of Central Region,22,6,46,50,0,99,2021,98,1,0.010101010101010102,1,0,0,2,1.2246467991473532e-16,-1.0,1637082.8223857875
THE EQUATORIAL,1506.96,STEVENS ROAD,Resale,Strata,Condominium,1.0,10.0,Core Central Region,21,5,1,5,1,9999,0,9999,0,0.0,0,0,0,2,0.49999999999999994,-0.8660254037844387,2625917.976745998
THE LAKEGARDEN RESIDENCES,1097.93,YUAN CHING ROAD,New Sale,Strata,Apartment,1.0,22.0,Outside Central Region,23,8,6,10,0,99,2023,99,0,0.0,1,0,0,3,-0.8660254037844384,-0.5000000000000004,2276263.8097262243
WATERFRONT KEY,1388.56,BEDOK RESERVOIR ROAD,Resale,Strata,Condominium,1.0,16.0,Outside Central Region,24,8,11,15,0,99,2007,82,17,0.1717171717171717,1,0,0,3,-0.8660254037844384,-0.5000000000000004,2186132.7539412985
THE TRUMPS,1280.92,JALAN KEMBANGAN,Resale,Strata,Condominium,1.0,14.0,Outside Central Region,21,4,1,5,0,99,2000,78,21,0.21212121212121213,2,0,0,2,0.8660254037844387,-0.49999999999999983,1523503.0070900447
D'LEEDON,1722.24,LEEDON HEIGHTS,Resale,Strata,Condominium,1.0,10.0,Core Central Region,24,12,16,20,0,99,2010,85,14,0.1414141414141414,1,0,0,4,-2.4492935982947064e-16,1.0,3335504.5074767116
VILLA MARINA,1442.38,JALAN SEMPADAN,Resale,Strata,Condominium,1.0,15.0,Outside Central Region,21,2,1,5,0,99,1995,73,26,0.26262626262626265,2,0,0,1,0.8660254037844386,0.5000000000000001,1419365.9480302704
PARC BOTANNIA,871.88,FERNVALE STREET,Resale,Strata,Condominium,1.0,28.0,Outside Central Region,24,5,6,10,0,99,2016,91,8,0.08080808080808081,1,0,0,2,0.49999999999999994,-0.8660254037844387,1384486.47644342
PEAK RESIDENCE,1065.64,THOMSON ROAD,New Sale,Strata,Condominium,1.0,11.0,Core Central Region,22,5,1,5,1,9999,0,9999,0,0.0,0,0,0,2,0.49999999999999994,-0.8660254037844387,2629567.876721235
THE WATERGARDENS AT CANBERRA,1302.44,CANBERRA DRIVE,New Sale,Strata,Apartment,1.0,27.0,Outside Central Region,21,11,1,5,0,99,2020,98,1,0.010101010101010102,1,1,1,4,-0.5000000000000004,0.8660254037844384,1883785.4432835262
PARC OLYMPIA,796.54,FLORA DRIVE,Resale,Strata,Condominium,1.0,17.0,Outside Central Region,23,8,1,5,0,99,2012,88,11,0.1111111111111111,1,0,0,3,-0.8660254037844384,-0.5000000000000004,924558.9955370766
MEYERHOUSE,2970.86,MEYER ROAD,New Sale,Strata,Condominium,1.0,15.0,Rest of Central Region,22,3,1,5,1,9999,0,9999,0,0.0,0,0,0,1,1.0,6.123233995736766e-17,7901490.6654913
LENTOR MANSION,904.18,LENTOR GARDENS,New Sale,Strata,Apartment,1.0,26.0,Outside Central Region,24,3,1,5,0,99,2023,98,1,0.010101010101010102,1,0,0,1,1.0,6.123233995736766e-17,1949340.6123748242
ALTEZ,753.48,ENGGOR STREET,Resale,Strata,Apartment,1.0,2.0,Core Central Region,21,1,36,40,0,99,2008,86,13,0.13131313131313133,1,0,0,1,0.49999999999999994,0.8660254037844387,1510238.829186486
GRAND DUNMAN,1119.46,DUNMAN ROAD,New Sale,Strata,Apartment,1.0,15.0,Rest of Central Region,23,7,16,20,0,99,2022,98,1,0.010101010101010102,1,0,0,3,-0.4999999999999998,-0.8660254037844388,2885390.688592905
ASPEN HEIGHTS,1582.31,RIVER VALLEY ROAD,Resale,Strata,Condominium,1.0,9.0,Core Central Region,24,10,1,5,0,999,1841,816,183,0.1831831831831832,1,1,0,4,-0.8660254037844386,0.5000000000000001,3343674.35399619
JADESCAPE,764.24,SHUNFU ROAD,Resale,Strata,Condominium,1.0,20.0,Rest of Central Region,24,5,16,20,0,99,2018,93,6,0.06060606060606061,1,0,0,2,0.49999999999999994,-0.8660254037844387,1567379.4186222237
BARTLEY RESIDENCES,462.85,LORONG HOW SUN,Resale,Strata,Apartment,1.0,19.0,Outside Central Region,21,6,6,10,0,99,2011,89,10,0.10101010101010101,1,0,0,2,1.2246467991473532e-16,-1.0,733529.9712670224
MONT BOTANIK RESIDENCE,699.66,JALAN REMAJA,New Sale,Strata,Condominium,1.0,23.0,Outside Central Region,21,3,1,5,1,9999,0,9999,0,0.0,0,0,0,1,1.0,6.123233995736766e-17,1164634.7324827714
THE ROCHESTER RESIDENCES,1862.17,ROCHESTER DRIVE,Resale,Strata,Apartment,1.0,5.0,Rest of Central Region,22,6,26,30,0,99,2005,82,17,0.1717171717171717,1,0,0,2,1.2246467991473532e-16,-1.0,2868472.4686570307
THE JADE,1011.82,BUKIT BATOK CENTRAL LINK,Resale,Strata,Condominium,1.0,23.0,Outside Central Region,24,12,21,25,0,99,2001,76,23,0.23232323232323232,2,0,0,4,-2.4492935982947064e-16,1.0,1541190.7396107705
CUSCADEN RESERVE,699.66,CUSCADEN ROAD,Resale,Strata,Condominium,1.0,10.0,Core Central Region,24,5,16,20,0,99,2018,93,6,0.06060606060606061,1,0,0,2,0.49999999999999994,-0.8660254037844387,2107096.924885759
COSTA DEL SOL,1345.5,BAYSHORE ROAD,Resale,Strata,Condominium,1.0,16.0,Outside Central Region,21,6,16,20,0,99,1997,75,24,0.24242424242424243,2,0,0,2,1.2246467991473532e-16,-1.0,1834627.5348270945
KOVAN JEWEL,1140.98,KOVAN ROAD,New Sale,Strata,Apartment,1.0,19.0,Outside Central Region,24,5,1,5,1,9999,0,9999,0,0.0,0,0,0,2,0.49999999999999994,-0.8660254037844387,2295533.587559322
SILVERSEA,1571.54,MARINE PARADE ROAD,Resale,Strata,Condominium,1.0,15.0,Rest of Central Region,21,5,6,10,0,99,2007,85,14,0.1414141414141414,1,0,0,2,0.49999999999999994,-0.8660254037844387,2726249.0578216636
RV EDGE,419.8,SHANGHAI ROAD,Resale,Strata,Apartment,1.0,10.0,Core Central Region,21,10,6,10,1,9999,0,9999,0,0.0,0,1,0,4,-0.8660254037844386,0.5000000000000001,821795.7877892609
PENROSE,1173.28,SIMS DRIVE,New Sale,Strata,Apartment,1.0,14.0,Rest of Central Region,21,7,6,10,0,99,2019,97,2,0.020202020202020204,1,0,0,3,-0.4999999999999998,-0.8660254037844388,1870769.7212399675
PULLMAN RESIDENCES NEWTON,667.37,DUNEARN ROAD,New Sale,Strata,Apartment,1.0,11.0,Core Central Region,22,7,11,15,1,9999,0,9999,0,0.0,0,0,0,3,-0.4999999999999998,-0.8660254037844388,1942934.089724755
THE NASSIM,1926.76,NASSIM HILL,Resale,Strata,Condominium,1.0,10.0,Core Central Region,22,6,1,5,1,9999,0,9999,0,0.0,0,0,0,2,1.2246467991473532e-16,-1.0,4423468.968953124
EIGHT COURTYARDS,958.0,CANBERRA DRIVE,Resale,Strata,Condominium,1.0,27.0,Outside Central Region,24,11,11,15,0,99,2010,85,14,0.1414141414141414,1,1,1,4,-0.5000000000000004,0.8660254037844384,1226630.4339939326
SEAHILL,516.67,WEST COAST CRESCENT,Resale,Strata,Condominium,1.0,5.0,Outside Central Region,24,5,16,20,0,99,2011,86,13,0.13131313131313133,1,0,0,2,0.49999999999999994,-0.8660254037844387,853536.5121064928
LIV @ MB,1270.15,ARTHUR ROAD,New Sale,Strata,Condominium,1.0,15.0,Rest of Central Region,22,5,1,5,0,99,2021,98,1,0.010101010101010102,1,0,0,2,0.49999999999999994,-0.8660254037844387,2978419.109629378
SKY EDEN@BEDOK,1302.44,BEDOK CENTRAL,New Sale,Strata,Apartment,1.0,16.0,Outside Central Region,24,11,1,5,0,99,2022,97,2,0.020202020202020204,1,1,1,4,-0.5000000000000004,0.8660254037844384,2767307.045666985
MEYER BLUE,667.37,MEYER ROAD,New Sale,Strata,Apartment,1.0,15.0,Rest of Central Region,24,10,6,10,1,9999,0,9999,0,0.0,0,1,0,4,-0.8660254037844386,0.5000000000000001,2066604.321470835
AMARYLLIS VILLE,1237.86,NEWTON ROAD,Resale,Strata,Condominium,1.0,11.0,Core Central Region,24,7,6,10,0,99,1997,72,27,0.2727272727272727,2,0,0,3,-0.4999999999999998,-0.8660254037844388,2488979.931553488
MIDTOWN MODERN,635.08,TAN QUEE LAN STREET,New Sale,Strata,Apartment,1.0,7.0,Core Central Region,21,3,6,10,0,99,2019,97,2,0.020202020202020204,1,0,0,1,1.0,6.123233995736766e-17,1617823.0481508204
CLEMENTI PARK,1076.4,SUNSET WAY,Resale,Strata,Condominium,1.0,21.0,Outside Central Region,20,12,1,5,1,9999,0,9999,0,0.0,0,0,0,4,-2.4492935982947064e-16,1.0,1398515.5543504704
THE MONTANA,559.73,JALAN MUTIARA,Resale,Strata,Apartment,1.0,10.0,Core Central Region,24,11,1,5,1,9999,0,9999,0,0.0,0,1,1,4,-0.5000000000000004,0.8660254037844384,1243667.051234131
SUNSHINE GRANDEUR,592.02,LORONG K TELOK KURAU,Resale,Strata,Apartment,1.0,15.0,Outside Central Region,22,4,1,5,1,9999,0,9999,0,0.0,0,0,0,2,0.8660254037844387,-0.49999999999999983,933396.5280467498
D'LEEDON,785.77,LEEDON HEIGHTS,Resale,Strata,Condominium,1.0,10.0,Core Central Region,21,12,16,20,0,99,2010,88,11,0.1111111111111111,1,0,0,4,-2.4492935982947064e-16,1.0,1431786.2008033115
A TREASURE TROVE,1130.22,PUNGGOL WALK,Resale,Strata,Condominium,1.0,19.0,Outside Central Region,22,2,11,15,0,99,2011,88,11,0.1111111111111111,1,0,0,1,0.8660254037844386,0.5000000000000001,1431083.2547098296
GRANDEUR PARK RESIDENCES,1453.14,BEDOK SOUTH AVENUE 3,Resale,Strata,Condominium,1.0,16.0,Outside Central Region,24,3,6,10,0,99,2016,91,8,0.08080808080808081,1,0,0,1,1.0,6.123233995736766e-17,2344830.238564033
KOVAN RESIDENCES,882.65,KOVAN ROAD,Resale,Strata,Condominium,1.0,19.0,Outside Central Region,22,4,11,15,0,99,2007,84,15,0.15151515151515152,1,0,0,2,0.8660254037844387,-0.49999999999999983,1303321.712892702
THE PALETTE,1162.51,PASIR RIS GROVE,Resale,Strata,Condominium,1.0,18.0,Outside Central Region,22,1,6,10,0,99,2010,87,12,0.12121212121212122,1,0,0,1,0.49999999999999994,0.8660254037844387,1364632.0966976723
FOREST HILLS CONDOMINIUM,1162.51,TRANSIT ROAD,Resale,Strata,Condominium,1.0,26.0,Outside Central Region,21,4,1,5,0,99,2000,78,21,0.21212121212121213,2,0,0,2,0.8660254037844387,-0.49999999999999983,954791.1931530866
THE WOODLEIGH RESIDENCES,688.9,BIDADARI PARK DRIVE,Sub Sale,Strata,Apartment,1.0,13.0,Rest of Central Region,23,5,6,10,0,99,2017,93,6,0.06060606060606061,1,0,0,2,0.49999999999999994,-0.8660254037844387,1517812.452086167
THE GLADES,699.66,BEDOK RISE,Resale,Strata,Condominium,1.0,16.0,Outside Central Region,22,6,11,15,0,99,2013,90,9,0.09090909090909091,1,0,0,2,1.2246467991473532e-16,-1.0,1101585.2814692454
THE MADEIRA,1054.87,BUKIT BATOK STREET 31,Resale,Strata,Condominium,1.0,23.0,Outside Central Region,22,2,16,20,0,99,2000,77,22,0.2222222222222222,2,0,0,1,0.8660254037844386,0.5000000000000001,1088690.8687480276
RIVER ISLES,947.23,EDGEDALE PLAINS,Resale,Strata,Condominium,1.0,19.0,Outside Central Region,24,10,1,5,0,99,2012,87,12,0.12121212121212122,1,1,0,4,-0.8660254037844386,0.5000000000000001,1240161.02435253
PALM GARDENS,1216.33,HONG SAN WALK,Resale,Strata,Condominium,1.0,23.0,Outside Central Region,20,10,6,10,0,99,1996,75,24,0.24242424242424243,2,1,0,4,-0.8660254037844386,0.5000000000000001,901428.1386848052
THE BOTANY AT DAIRY FARM,1076.4,DAIRY FARM WALK,New Sale,Strata,Condominium,1.0,23.0,Outside Central Region,24,8,1,5,0,99,2022,97,2,0.020202020202020204,1,0,0,3,-0.8660254037844384,-0.5000000000000004,2227761.797474986
ARCHIPELAGO,2411.14,BEDOK RESERVOIR ROAD,Resale,Strata,Condominium,1.0,16.0,Outside Central Region,21,2,1,5,0,99,2011,89,10,0.10101010101010101,1,0,0,1,0.8660254037844386,0.5000000000000001,2168757.264049424
ORCHARD SOPHIA,441.32,SOPHIA ROAD,New Sale,Strata,Apartment,1.0,9.0,Core Central Region,23,8,1,5,1,9999,0,9999,0,0.0,0,0,0,3,-0.8660254037844384,-0.5000000000000004,1301280.2896708124
LENTOR MANSION,527.44,LENTOR GARDENS,New Sale,Strata,Apartment,1.0,26.0,Outside Central Region,24,3,1,5,0,99,2023,98,1,0.010101010101010102,1,0,0,1,1.0,6.123233995736766e-17,1195765.2624258725
FLO RESIDENCE,925.7,PUNGGOL FIELD WALK,Resale,Strata,Condominium,1.0,19.0,Outside Central Region,24,11,16,20,0,99,2011,86,13,0.13131313131313133,1,1,1,4,-0.5000000000000004,0.8660254037844384,1270428.0964326125
KENSINGTON PARK CONDOMINIUM,1668.42,KENSINGTON PARK DRIVE,Resale,Strata,Condominium,1.0,19.0,Outside Central Region,20,11,16,20,0,999,1878,857,142,0.14214214214214213,1,1,1,4,-0.5000000000000004,0.8660254037844384,2042992.3644445569
CARIBBEAN AT KEPPEL BAY,839.59,KEPPEL BAY DRIVE,Resale,Strata,Condominium,1.0,4.0,Rest of Central Region,23,1,6,10,0,99,1999,75,24,0.24242424242424243,2,0,0,1,0.49999999999999994,0.8660254037844387,1637805.623774311
SCENECA RESIDENCE,904.18,TANAH MERAH KECHIL LINK,New Sale,Strata,Apartment,1.0,16.0,Outside Central Region,23,1,1,5,0,99,2021,97,2,0.020202020202020204,1,0,0,1,0.49999999999999994,0.8660254037844387,1818881.5304611805
THE ARDEN,1388.56,PHOENIX ROAD,New Sale,Strata,Apartment,1.0,23.0,Outside Central Region,24,2,1,5,0,99,2023,98,1,0.010101010101010102,1,0,0,1,0.8660254037844386,0.5000000000000001,2475285.117092688
EDELWEISS PARK CONDOMINIUM,1733.0,FLORA ROAD,Resale,Strata,Condominium,1.0,17.0,Outside Central Region,22,7,6,10,1,9999,0,9999,0,0.0,0,0,0,3,-0.4999999999999998,-0.8660254037844388,1683727.2008460348
NORMANTON PARK,828.83,NORMANTON PARK,New Sale,Strata,Apartment,1.0,5.0,Rest of Central Region,21,1,6,10,0,99,2019,97,2,0.020202020202020204,1,0,0,1,0.49999999999999994,0.8660254037844387,1447367.276670523
8 @ MOUNT SOPHIA,2174.33,MOUNT SOPHIA,Resale,Strata,Condominium,1.0,9.0,Core Central Region,22,6,6,10,0,103,2002,83,20,0.1941747572815534,1,0,0,2,1.2246467991473532e-16,-1.0,2679590.095549301
MARINA ONE RESIDENCES,688.9,MARINA WAY,Resale,Strata,Apartment,1.0,1.0,Core Central Region,21,11,26,30,0,99,2011,89,10,0.10101010101010101,1,1,1,4,-0.5000000000000004,0.8660254037844384,1648809.4789660196
LENTOR HILLS RESIDENCES,1108.69,LENTOR HILLS ROAD,New Sale,Strata,Apartment,1.0,26.0,Outside Central Region,23,7,6,10,0,99,2022,98,1,0.010101010101010102,1,0,0,3,-0.4999999999999998,-0.8660254037844388,2238914.839056817
PASIR RIS 8,1302.44,PASIR RIS DRIVE 8,Sub Sale,Strata,Apartment,1.0,18.0,Outside Central Region,24,10,1,5,0,99,2021,96,3,0.030303030303030304,1,1,0,4,-0.8660254037844386,0.5000000000000001,2413863.816817121
BAYSHORE PARK,936.47,BAYSHORE ROAD,Resale,Strata,Condominium,1.0,16.0,Outside Central Region,20,8,6,10,0,99,1982,61,38,0.3838383838383838,2,0,0,3,-0.8660254037844384,-0.5000000000000004,918449.7497707697
KASSIA,1054.87,FLORA DRIVE,New Sale,Strata,Condominium,1.0,17.0,Outside Central Region,24,7,1,5,1,9999,0,9999,0,0.0,0,0,0,3,-0.4999999999999998,-0.8660254037844388,1883813.2362732424
PASIR PANJANG COURT,1334.74,PASIR PANJANG CLOSE,Resale,Strata,Apartment,1.0,5.0,Rest of Central Region,23,10,1,5,1,9999,0,9999,0,0.0,0,1,0,4,-0.8660254037844386,0.5000000000000001,1972968.5395497412
GRAND DUNMAN,1097.93,DUNMAN ROAD,New Sale,Strata,Apartment,1.0,15.0,Rest of Central Region,24,7,11,15,0,99,2022,97,2,0.020202020202020204,1,0,0,3,-0.4999999999999998,-0.8660254037844388,2896168.509683539
THE CONTINUUM,947.23,THIAM SIEW AVENUE,New Sale,Strata,Apartment,1.0,15.0,Rest of Central Region,23,5,1,5,1,9999,0,9999,0,0.0,0,0,0,2,0.49999999999999994,-0.8660254037844387,2484403.083541267
WATER PLACE,1356.26,TANJONG RHU ROAD,Resale,Strata,Condominium,1.0,15.0,Rest of Central Region,24,12,6,10,0,99,1998,73,26,0.26262626262626265,2,0,0,4,-2.4492935982947064e-16,1.0,2410473.1689947057
THE INTERLACE,807.3,DEPOT ROAD,Resale,Strata,Condominium,1.0,4.0,Rest of Central Region,23,10,6,10,0,99,2009,85,14,0.1414141414141414,1,1,0,4,-0.8660254037844386,0.5000000000000001,1417633.858105978
SUITES @ SIMS,602.78,SIMS AVENUE,Resale,Strata,Apartment,1.0,14.0,Rest of Central Region,21,11,1,5,1,9999,0,9999,0,0.0,0,1,1,4,-0.5000000000000004,0.8660254037844384,863006.1166500677
NV RESIDENCES,1453.14,PASIR RIS GROVE,Resale,Strata,Condominium,1.0,18.0,Outside Central Region,20,10,6,10,0,99,2008,87,12,0.12121212121212122,1,1,0,4,-0.8660254037844386,0.5000000000000001,1328165.863315277
STARS OF KOVAN,505.91,UPPER SERANGOON ROAD,Resale,Strata,Apartment,1.0,19.0,Outside Central Region,23,3,11,15,0,99,2015,91,8,0.08080808080808081,1,0,0,1,1.0,6.123233995736766e-17,897995.7539685384
KOON SENG HOUSE,785.77,KOON SENG ROAD,New Sale,Strata,Apartment,1.0,15.0,Rest of Central Region,24,11,1,5,1,9999,0,9999,0,0.0,0,1,1,4,-0.5000000000000004,0.8660254037844384,1709205.042745725
KOPAR AT NEWTON,914.94,MAKEWAY AVENUE,New Sale,Strata,Apartment,1.0,9.0,Core Central Region,22,3,21,25,0,99,2019,96,3,0.030303030303030304,1,0,0,1,1.0,6.123233995736766e-17,2392785.5633982406
WATERVIEW,1130.22,TAMPINES AVENUE 1,Resale,Strata,Condominium,1.0,18.0,Outside Central Region,22,3,11,15,0,99,2010,87,12,0.12121212121212122,1,0,0,1,1.0,6.123233995736766e-17,1367703.1539047603
NV RESIDENCES,764.24,PASIR RIS GROVE,Resale,Strata,Condominium,1.0,18.0,Outside Central Region,21,11,11,15,0,99,2008,86,13,0.13131313131313133,1,1,1,4,-0.5000000000000004,0.8660254037844384,828963.2236777578
THE FLORENCE RESIDENCES,1679.18,HOUGANG AVENUE 2,New Sale,Strata,Apartment,1.0,19.0,Outside Central Region,21,7,11,15,0,99,2018,96,3,0.030303030303030304,1,0,0,3,-0.4999999999999998,-0.8660254037844388,2629676.7244172296
THE SAIL @ MARINA BAY,1259.39,MARINA BOULEVARD,Resale,Strata,Apartment,1.0,1.0,Core Central Region,23,9,6,10,0,99,2002,78,21,0.21212121212121213,2,0,0,3,-1.0,-1.8369701987210297e-16,2459052.4741173075
THE BOTANY AT DAIRY FARM,882.65,DAIRY FARM WALK,New Sale,Strata,Condominium,1.0,23.0,Outside Central Region,23,3,6,10,0,99,2022,98,1,0.010101010101010102,1,0,0,1,1.0,6.123233995736766e-17,1748235.3826161078
TANGLIN VIEW,1140.98,PRINCE CHARLES CRESCENT,Resale,Strata,Condominium,1.0,3.0,Rest of Central Region,24,6,6,10,0,99,1997,72,27,0.2727272727272727,2,0,0,2,1.2246467991473532e-16,-1.0,2037960.9996574926
SKY HABITAT,1216.33,BISHAN STREET 15,Resale,Strata,Condominium,1.0,20.0,Rest of Central Region,21,1,31,35,0,99,2011,89,10,0.10101010101010101,1,0,0,1,0.49999999999999994,0.8660254037844387,1832852.3476079286
THE CENTRIS,1259.39,JURONG WEST CENTRAL 3,Resale,Strata,Apartment,1.0,22.0,Outside Central Region,22,3,6,10,0,99,2006,83,16,0.16161616161616163,1,0,0,1,1.0,6.123233995736766e-17,1466528.6831321318
FOREST WOODS,516.67,LORONG LEW LIAN,Resale,Strata,Condominium,1.0,19.0,Outside Central Region,22,3,1,5,0,99,2016,93,6,0.06060606060606061,1,0,0,1,1.0,6.123233995736766e-17,819989.0885364016
THE JADE,1614.6,BUKIT BATOK CENTRAL LINK,Resale,Strata,Condominium,1.0,23.0,Outside Central Region,20,11,26,30,0,99,2001,80,19,0.1919191919191919,1,1,1,4,-0.5000000000000004,0.8660254037844384,1706344.4120593455
THE MYST,516.67,UPPER BUKIT TIMAH ROAD,New Sale,Strata,Condominium,1.0,23.0,Outside Central Region,23,7,6,10,0,99,2023,99,0,0.0,1,0,0,3,-0.4999999999999998,-0.8660254037844388,1069555.1183032533
ONE-NORTH EDEN,516.67,SLIM BARRACKS RISE,New Sale,Strata,Apartment,1.0,5.0,Rest of Central Region,21,4,1,5,0,99,2019,97,2,0.020202020202020204,1,0,0,2,0.8660254037844387,-0.49999999999999983,1066778.0721037113
DUO RESIDENCES,818.06,FRASER STREET,Resale,Strata,Apartment,1.0,7.0,Core Central Region,21,4,26,30,0,99,2011,89,10,0.10101010101010101,1,0,0,2,0.8660254037844387,-0.49999999999999983,1761340.512107989
THE SUMMIT,1248.62,UPPER EAST COAST ROAD,Resale,Strata,Condominium,1.0,16.0,Outside Central Region,21,3,1,5,1,9999,0,9999,0,0.0,0,0,0,1,1.0,6.123233995736766e-17,1601744.207459096
MARTIN MODERN,764.24,MARTIN PLACE,New Sale,Strata,Condominium,1.0,9.0,Core Central Region,21,9,1,5,0,99,2016,94,5,0.050505050505050504,1,0,0,3,-1.0,-1.8369701987210297e-16,2023486.62541116
DUNMAN VIEW,1216.33,HAIG ROAD,Resale,Strata,Condominium,1.0,15.0,Rest of Central Region,24,1,6,10,0,99,1997,72,27,0.2727272727272727,2,0,0,1,0.49999999999999994,0.8660254037844387,1727621.1030157134
THE GARDEN RESIDENCES,613.55,SERANGOON NORTH VIEW,New Sale,Strata,Apartment,1.0,19.0,Outside Central Region,20,11,11,15,0,99,2017,96,3,0.030303030303030304,1,1,1,4,-0.5000000000000004,0.8660254037844384,1039438.2302626233
PARC ESTA,1022.58,SIMS AVENUE,Resale,Strata,Apartment,1.0,14.0,Rest of Central Region,24,4,11,15,0,99,2018,93,6,0.06060606060606061,1,0,0,2,0.8660254037844387,-0.49999999999999983,2176875.01593953
THE CREST,1872.94,PRINCE CHARLES CRESCENT,Resale,Strata,Condominium,1.0,3.0,Rest of Central Region,21,11,1,5,0,99,2012,90,9,0.09090909090909091,1,1,1,4,-0.5000000000000004,0.8660254037844384,3129952.1606823215
KINGSFORD WATERBAY,688.9,UPPER SERANGOON VIEW,Resale,Strata,Apartment,1.0,19.0,Outside Central Region,23,7,1,5,0,99,2014,90,9,0.09090909090909091,1,0,0,3,-0.4999999999999998,-0.8660254037844388,947478.0443135166
BARTLEY RIDGE,850.36,MOUNT VERNON ROAD,Resale,Strata,Condominium,1.0,13.0,Rest of Central Region,22,3,11,15,0,99,2012,89,10,0.10101010101010101,1,0,0,1,1.0,6.123233995736766e-17,1351613.921657002
KOVAN REGENCY,592.02,KOVAN RISE,Resale,Strata,Condominium,1.0,19.0,Outside Central Region,24,7,1,5,0,99,2012,87,12,0.12121212121212122,1,0,0,3,-0.4999999999999998,-0.8660254037844388,924393.4070063593
EIGHT RIVERSUITES,699.66,WHAMPOA EAST,Resale,Strata,Condominium,1.0,12.0,Rest of Central Region,23,5,6,10,0,99,2011,87,12,0.12121212121212122,1,0,0,2,0.49999999999999994,-0.8660254037844387,1191380.7216617686
THE SHELFORD,1033.34,SHELFORD ROAD,Resale,Strata,Condominium,1.0,11.0,Core Central Region,23,3,1,5,1,9999,0,9999,0,0.0,0,0,0,1,1.0,6.123233995736766e-17,2089791.1160546308
IRWELL HILL RESIDENCES,1539.25,IRWELL HILL,New Sale,Strata,Apartment,1.0,9.0,Core Central Region,22,6,26,30,0,99,2020,97,2,0.020202020202020204,1,0,0,2,1.2246467991473532e-16,-1.0,4383559.753151728
THE FLORENCE RESIDENCES,635.08,HOUGANG AVENUE 2,New Sale,Strata,Apartment,1.0,19.0,Outside Central Region,20,9,1,5,0,99,2018,97,2,0.020202020202020204,1,0,0,3,-1.0,-1.8369701987210297e-16,1005533.7545343564
THE METROPOLITAN CONDOMINIUM,775.01,ALEXANDRA VIEW,Resale,Strata,Condominium,1.0,3.0,Rest of Central Region,21,2,6,10,0,99,2006,84,15,0.15151515151515152,1,0,0,1,0.8660254037844386,0.5000000000000001,1211646.1387198763
THE TRILINQ,1700.71,JALAN LEMPENG,Resale,Strata,Condominium,1.0,5.0,Outside Central Region,24,8,1,5,0,99,2012,87,12,0.12121212121212122,1,0,0,3,-0.8660254037844384,-0.5000000000000004,2392437.1334771058
THE WATER EDGE,495.14,LORONG 38 GEYLANG,Resale,Strata,Apartment,1.0,14.0,Rest of Central Region,20,8,1,5,1,9999,0,9999,0,0.0,0,0,0,3,-0.8660254037844384,-0.5000000000000004,681984.9078960567
LENTOR MANSION,785.77,LENTOR GARDENS,New Sale,Strata,Apartment,1.0,26.0,Outside Central Region,24,3,1,5,0,99,2023,98,1,0.010101010101010102,1,0,0,1,1.0,6.123233995736766e-17,1710253.2999450509
SCENECA RESIDENCE,764.24,TANAH MERAH KECHIL LINK,New Sale,Strata,Apartment,1.0,16.0,Outside Central Region,23,1,6,10,0,99,2021,97,2,0.020202020202020204,1,0,0,1,0.49999999999999994,0.8660254037844387,1570066.8984462407
QUEENS,1194.8,STIRLING ROAD,Resale,Strata,Condominium,1.0,3.0,Rest of Central Region,20,10,21,25,0,99,1998,77,22,0.2222222222222222,2,1,0,4,-0.8660254037844386,0.5000000000000001,1539084.0512995662
INTERNATIONAL PLAZA,1033.34,ANSON ROAD,Resale,Strata,Apartment,1.0,2.0,Core Central Region,23,10,36,40,0,99,1970,46,53,0.5353535353535354,3,1,0,4,-0.8660254037844386,0.5000000000000001,1471947.726002843
COMMONWEALTH TOWERS,1302.44,COMMONWEALTH AVENUE,Resale,Strata,Condominium,1.0,3.0,Rest of Central Region,24,4,36,40,0,99,2013,88,11,0.1111111111111111,1,0,0,2,0.8660254037844387,-0.49999999999999983,2877526.8657197966
JERVOIS PRIVE,1463.9,JERVOIS ROAD,New Sale,Strata,Apartment,1.0,10.0,Core Central Region,23,7,1,5,1,9999,0,9999,0,0.0,0,0,0,3,-0.4999999999999998,-0.8660254037844388,3942917.517243658
LEEDON GREEN,958.0,LEEDON HEIGHTS,New Sale,Strata,Condominium,1.0,10.0,Core Central Region,22,9,1,5,1,9999,0,9999,0,0.0,0,0,0,3,-1.0,-1.8369701987210297e-16,2605755.190806275
CLEMENTIWOODS CONDOMINIUM,1054.87,WEST COAST ROAD,Resale,Strata,Condominium,1.0,5.0,Outside Central Region,22,10,1,5,0,99,2006,83,16,0.16161616161616163,1,1,0,4,-0.8660254037844386,0.5000000000000001,1506696.9409941116
MIDWOOD,699.66,HILLVIEW RISE,New Sale,Strata,Condominium,1.0,23.0,Outside Central Region,21,10,16,20,0,99,2018,96,3,0.030303030303030304,1,1,0,4,-0.8660254037844386,0.5000000000000001,1228454.7732900295
CHUAN PARK,742.72,LORONG CHUAN,New Sale,Strata,Condominium,1.0,19.0,Outside Central Region,24,11,1,5,0,99,2024,99,0,0.0,1,1,1,4,-0.5000000000000004,0.8660254037844384,1887604.1134470985
REZI 24,958.0,LORONG 24 GEYLANG,New Sale,Strata,Apartment,1.0,14.0,Rest of Central Region,20,12,1,5,1,9999,0,9999,0,0.0,0,0,0,4,-2.4492935982947064e-16,1.0,1407883.2009443068
CUSCADEN RESERVE,807.3,CUSCADEN ROAD,Resale,Strata,Condominium,1.0,10.0,Core Central Region,24,3,16,20,0,99,2018,93,6,0.06060606060606061,1,0,0,1,1.0,6.123233995736766e-17,2414292.717672192
TREASURES @ G20,452.09,LORONG 20 GEYLANG,Resale,Strata,Apartment,1.0,14.0,Rest of Central Region,21,4,1,5,1,9999,0,9999,0,0.0,0,0,0,2,0.8660254037844387,-0.49999999999999983,530420.9274476419
KI RESIDENCES AT BROOKVALE,753.48,BROOKVALE DRIVE,New Sale,Strata,Condominium,1.0,21.0,Outside Central Region,21,8,1,5,0,999,1885,863,136,0.13613613613613615,1,0,0,3,-0.8660254037844384,-0.5000000000000004,1393205.9562772077
ORANGE GROVE RESIDENCES,2002.1,ORANGE GROVE ROAD,Resale,Strata,Condominium,1.0,10.0,Core Central Region,22,3,1,5,1,9999,0,9999,0,0.0,0,0,0,1,1.0,6.123233995736766e-17,4431534.036525266
CLAVON,764.24,CLEMENTI AVENUE 1,New Sale,Strata,Apartment,1.0,5.0,Outside Central Region,20,12,6,10,0,99,2019,98,1,0.010101010101010102,1,0,0,4,-2.4492935982947064e-16,1.0,1221902.3136986017
REGENTVILLE,1151.75,HOUGANG STREET 92,Resale,Strata,Apartment,1.0,19.0,Outside Central Region,21,7,1,5,0,99,1996,74,25,0.25252525252525254,2,0,0,3,-0.4999999999999998,-0.8660254037844388,915015.8420586517
THE ESSENCE,753.48,CHONG KUO ROAD,New Sale,Strata,Apartment,1.0,26.0,Outside Central Region,20,10,1,5,0,99,2018,97,2,0.020202020202020204,1,1,0,4,-0.8660254037844386,0.5000000000000001,1038613.068132443
NORMANTON PARK,1065.64,NORMANTON PARK,New Sale,Strata,Apartment,1.0,5.0,Rest of Central Region,21,10,16,20,0,99,2019,97,2,0.020202020202020204,1,1,0,4,-0.8660254037844386,0.5000000000000001,1939536.5377070275
GOODWOOD GARDENS,2120.51,BALMORAL CRESCENT,Resale,Strata,Apartment,1.0,10.0,Core Central Region,24,10,6,10,1,9999,0,9999,0,0.0,0,1,0,4,-0.8660254037844386,0.5000000000000001,4169181.1640049843
THE ESTUARY,1528.49,YISHUN AVENUE 1,Resale,Strata,Condominium,1.0,27.0,Outside Central Region,24,10,6,10,0,99,2008,83,16,0.16161616161616163,1,1,0,4,-0.8660254037844386,0.5000000000000001,1906482.3930257119
THE CLEARWATER,1313.21,BEDOK RESERVOIR VIEW,Resale,Strata,Condominium,1.0,16.0,Outside Central Region,23,6,11,15,0,99,1997,73,26,0.26262626262626265,2,0,0,2,1.2246467991473532e-16,-1.0,1674068.518552726
THE POIZ RESIDENCES,441.32,MEYAPPA CHETTIAR ROAD,Resale,Strata,Apartment,1.0,13.0,Rest of Central Region,22,9,1,5,0,99,2014,91,8,0.08080808080808081,1,0,0,3,-1.0,-1.8369701987210297e-16,760406.3823713931
GRAND DUNMAN,1054.87,DUNMAN ROAD,New Sale,Strata,Apartment,1.0,15.0,Rest of Central Region,24,4,6,10,0,99,2022,97,2,0.020202020202020204,1,0,0,2,0.8660254037844387,-0.49999999999999983,2694218.307555889
ONE PEARL BANK,1194.8,PEARL BANK,New Sale,Strata,Apartment,1.0,3.0,Rest of Central Region,22,4,6,10,0,99,2019,96,3,0.030303030303030304,1,0,0,2,0.8660254037844387,-0.49999999999999983,2761516.0156773315
CHANGI RISE CONDOMINIUM,1496.2,SIMEI RISE,Resale,Strata,Condominium,1.0,18.0,Outside Central Region,23,3,1,5,0,99,2000,76,23,0.23232323232323232,2,0,0,1,1.0,6.123233995736766e-17,1487369.8491667567
THE CONTINUUM,1270.15,THIAM SIEW AVENUE,New Sale,Strata,Apartment,1.0,15.0,Rest of Central Region,23,5,11,15,1,9999,0,9999,0,0.0,0,0,0,2,0.49999999999999994,-0.8660254037844387,3518414.02477828
BARTLEY VUE,1044.11,JALAN BUNGA RAMPAI,New Sale,Strata,Apartment,1.0,19.0,Rest of Central Region,23,10,6,10,0,99,2020,96,3,0.030303030303030304,1,1,0,4,-0.8660254037844386,0.5000000000000001,2029095.5155743032
HILLSTA,861.12,PHOENIX ROAD,Resale,Strata,Condominium,1.0,23.0,Outside Central Region,21,10,21,25,0,99,2011,89,10,0.10101010101010101,1,1,0,4,-0.8660254037844386,0.5000000000000001,928217.4239891092
JADESCAPE,1011.82,SHUNFU ROAD,New Sale,Strata,Condominium,1.0,20.0,Rest of Central Region,21,7,1,5,0,99,2018,96,3,0.030303030303030304,1,0,0,3,-0.4999999999999998,-0.8660254037844388,1879795.833105478
THE CONTINUUM,667.37,THIAM SIEW AVENUE,New Sale,Strata,Apartment,1.0,15.0,Rest of Central Region,23,7,11,15,1,9999,0,9999,0,0.0,0,0,0,3,-0.4999999999999998,-0.8660254037844388,1854068.5085098569
THE BOTANY AT DAIRY FARM,1517.72,DAIRY FARM WALK,New Sale,Strata,Condominium,1.0,23.0,Outside Central Region,24,4,11,15,0,99,2022,97,2,0.020202020202020204,1,0,0,2,0.8660254037844387,-0.49999999999999983,3019872.4393127663
THE LAKEGARDEN RESIDENCES,775.01,YUAN CHING ROAD,New Sale,Strata,Apartment,1.0,22.0,Outside Central Region,24,1,6,10,0,99,2023,98,1,0.010101010101010102,1,0,0,1,0.49999999999999994,0.8660254037844387,1692944.8926541237
MIDWOOD,484.38,HILLVIEW RISE,New Sale,Strata,Condominium,1.0,23.0,Outside Central Region,21,7,21,25,0,99,2018,96,3,0.030303030303030304,1,0,0,3,-0.4999999999999998,-0.8660254037844388,858744.4282929503
THE ANTARES,882.65,MATTAR ROAD,New Sale,Strata,Apartment,1.0,14.0,Rest of Central Region,21,8,1,5,0,99,2018,96,3,0.030303030303030304,1,0,0,3,-0.8660254037844384,-0.5000000000000004,1534001.6499960981
THE MYST,516.67,UPPER BUKIT TIMAH ROAD,New Sale,Strata,Condominium,1.0,23.0,Outside Central Region,23,7,16,20,0,99,2023,99,0,0.0,1,0,0,3,-0.4999999999999998,-0.8660254037844388,1169770.6087719155
LENTOR MODERN,1130.22,LENTOR CENTRAL,New Sale,Strata,Apartment,1.0,26.0,Outside Central Region,22,9,6,10,0,99,2021,98,1,0.010101010101010102,1,0,0,3,-1.0,-1.8369701987210297e-16,2277808.190049729
KENT RIDGE HILL RESIDENCES,882.65,SOUTH BUONA VISTA ROAD,New Sale,Strata,Apartment,1.0,5.0,Rest of Central Region,21,3,1,5,0,99,2018,96,3,0.030303030303030304,1,0,0,1,1.0,6.123233995736766e-17,1620580.4948399474
KOVAN REGENCY,592.02,KOVAN RISE,Resale,Strata,Condominium,1.0,19.0,Outside Central Region,21,7,6,10,0,99,2012,90,9,0.09090909090909091,1,0,0,3,-0.4999999999999998,-0.8660254037844388,836732.4682844783
MODENA,2777.11,SIMEI STREET 4,Resale,Strata,Condominium,1.0,18.0,Outside Central Region,22,5,11,15,0,99,1997,74,25,0.25252525252525254,2,0,0,2,0.49999999999999994,-0.8660254037844387,2689831.7963918974
SEASIDE RESIDENCES,678.13,SIGLAP LINK,New Sale,Strata,Apartment,1.0,15.0,Outside Central Region,20,9,26,30,0,99,2016,95,4,0.04040404040404041,1,0,0,3,-1.0,-1.8369701987210297e-16,1420209.4972922395
SPOTTISWOODE RESIDENCES,592.02,SPOTTISWOODE PARK ROAD,Resale,Strata,Condominium,1.0,2.0,Rest of Central Region,24,12,26,30,1,9999,0,9999,0,0.0,0,0,0,4,-2.4492935982947064e-16,1.0,1389127.4718062337
ST REGIS RESIDENCES SINGAPORE,4047.26,TANGLIN ROAD,Resale,Strata,Apartment,1.0,10.0,Core Central Region,22,9,16,20,0,999,1995,972,27,0.02702702702702703,1,0,0,3,-1.0,-1.8369701987210297e-16,10319963.943380864
ROBINSON SUITES,505.91,ROBINSON ROAD,Resale,Strata,Apartment,1.0,1.0,Core Central Region,20,9,6,10,1,9999,0,9999,0,0.0,0,0,0,3,-1.0,-1.8369701987210297e-16,1124452.197391258
VIZ AT HOLLAND,947.23,QUEENSWAY,Resale,Strata,Condominium,1.0,10.0,Core Central Region,22,8,6,10,1,9999,0,9999,0,0.0,0,0,0,3,-0.8660254037844384,-0.5000000000000004,1779153.127777418
ONE-NORTH RESIDENCES,1323.97,ONE-NORTH GATEWAY,Resale,Strata,Apartment,1.0,5.0,Rest of Central Region,21,9,6,10,0,99,2005,83,16,0.16161616161616163,1,0,0,3,-1.0,-1.8369701987210297e-16,1734448.2609790165
GRAND DUNMAN,775.01,DUNMAN ROAD,New Sale,Strata,Apartment,1.0,15.0,Rest of Central Region,23,7,16,20,0,99,2022,98,1,0.010101010101010102,1,0,0,3,-0.4999999999999998,-0.8660254037844388,2052994.4565824827
A TREASURE TROVE,914.94,PUNGGOL WALK,Resale,Strata,Condominium,1.0,19.0,Outside Central Region,21,1,1,5,0,99,2011,89,10,0.10101010101010101,1,0,0,1,0.49999999999999994,0.8660254037844387,1019664.3046887767
THE TENNERY,624.31,WOODLANDS ROAD,Resale,Strata,Apartment,1.0,23.0,Outside Central Region,22,8,6,10,0,99,2010,87,12,0.12121212121212122,1,0,0,3,-0.8660254037844384,-0.5000000000000004,778821.882315396
JADESCAPE,1646.89,SHUNFU ROAD,New Sale,Strata,Condominium,1.0,20.0,Rest of Central Region,21,2,11,15,0,99,2018,96,3,0.030303030303030304,1,0,0,1,0.8660254037844386,0.5000000000000001,2830086.2454333925
CARIBBEAN AT KEPPEL BAY,1313.21,KEPPEL BAY DRIVE,Resale,Strata,Condominium,1.0,4.0,Rest of Central Region,20,10,6,10,0,99,1999,78,21,0.21212121212121213,2,1,0,4,-0.8660254037844386,0.5000000000000001,1964073.5787530134
THE GARDEN RESIDENCES,1119.46,SERANGOON NORTH VIEW,Resale,Strata,Apartment,1.0,19.0,Outside Central Region,24,11,11,15,0,99,2017,92,7,0.0707070707070707,1,1,1,4,-0.5000000000000004,0.8660254037844384,2046726.4477379648
TOWNHOUSE APARTMENTS,2228.15,CAVENAGH ROAD,Resale,Strata,Apartment,1.0,9.0,Core Central Region,22,10,1,5,0,99,1977,54,45,0.45454545454545453,3,1,0,4,-0.8660254037844386,0.5000000000000001,2857031.287839817
REGENT HEIGHTS,1496.2,BUKIT BATOK EAST AVENUE 5,Resale,Strata,Condominium,1.0,23.0,Outside Central Region,21,10,21,25,0,99,1995,73,26,0.26262626262626265,2,1,0,4,-0.8660254037844386,0.5000000000000001,1298001.6032730916
SKY HABITAT,710.42,BISHAN STREET 15,Resale,Strata,Condominium,1.0,20.0,Rest of Central Region,22,7,21,25,0,99,2011,88,11,0.1111111111111111,1,0,0,3,-0.4999999999999998,-0.8660254037844388,1244928.1874280435
SOPHIA HILLS,979.52,MOUNT SOPHIA,Resale,Strata,Condominium,1.0,9.0,Core Central Region,22,4,1,5,0,99,2013,90,9,0.09090909090909091,1,0,0,2,0.8660254037844387,-0.49999999999999983,1796797.4532187444
THE LANDMARK,764.24,CHIN SWEE ROAD,New Sale,Strata,Condominium,1.0,3.0,Rest of Central Region,22,12,21,25,0,99,2020,97,2,0.020202020202020204,1,0,0,4,-2.4492935982947064e-16,1.0,1866041.462472968
THE TENNERY,613.55,WOODLANDS ROAD,Resale,Strata,Apartment,1.0,23.0,Outside Central Region,21,12,6,10,0,99,2010,88,11,0.1111111111111111,1,0,0,4,-2.4492935982947064e-16,1.0,740228.7833530043
GRANGE RESIDENCES,2583.36,GRANGE ROAD,Resale,Strata,Condominium,1.0,10.0,Core Central Region,22,5,6,10,1,9999,0,9999,0,0.0,0,0,0,2,0.49999999999999994,-0.8660254037844387,6984331.102754886
PASIR RIS 8,710.42,PASIR RIS DRIVE 8,New Sale,Strata,Apartment,1.0,18.0,Outside Central Region,21,7,11,15,0,99,2021,99,0,0.0,1,0,0,3,-0.4999999999999998,-0.8660254037844388,1205472.0392597595
FORETT@BUKIT TIMAH,473.62,TOH TUCK ROAD,New Sale,Strata,Apartment,1.0,21.0,Rest of Central Region,20,8,1,5,1,9999,0,9999,0,0.0,0,0,0,3,-0.8660254037844384,-0.5000000000000004,925047.0102305798
PASIR RIS 8,1302.44,PASIR RIS DRIVE 8,New Sale,Strata,Apartment,1.0,18.0,Outside Central Region,22,5,6,10,0,99,2021,98,1,0.010101010101010102,1,0,0,2,0.49999999999999994,-0.8660254037844387,2143126.4478253135
EMERALD OF KATONG,1313.21,JALAN TEMBUSU,New Sale,Strata,Condominium,1.0,15.0,Rest of Central Region,24,11,1,5,0,99,2023,98,1,0.010101010101010102,1,1,1,4,-0.5000000000000004,0.8660254037844384,3192581.908293854
ONE HOLLAND VILLAGE RESIDENCES,688.9,HOLLAND VILLAGE WAY,New Sale,Strata,Apartment,1.0,10.0,Core Central Region,23,2,26,30,0,99,2018,94,5,0.050505050505050504,1,0,0,1,0.8660254037844386,0.5000000000000001,2024386.0091023722
CENTRAL VIEW,1259.39,HOUGANG STREET 11,Resale,Strata,Condominium,1.0,19.0,Outside Central Region,24,10,6,10,0,99,1998,73,26,0.26262626262626265,2,1,0,4,-0.8660254037844386,0.5000000000000001,1776939.6377508042
THOMSON THREE,1044.11,BRIGHT HILL DRIVE,Resale,Strata,Apartment,1.0,20.0,Rest of Central Region,22,3,16,20,0,99,2012,89,10,0.10101010101010101,1,0,0,1,1.0,6.123233995736766e-17,1806458.4065633302
LA FIESTA,753.48,SENGKANG SQUARE,Resale,Strata,Condominium,1.0,19.0,Outside Central Region,21,7,1,5,0,99,2012,90,9,0.09090909090909091,1,0,0,3,-0.4999999999999998,-0.8660254037844388,925541.3125282845
THE SANTORINI,753.48,TAMPINES STREET 86,Resale,Strata,Condominium,1.0,18.0,Outside Central Region,22,6,6,10,0,99,2013,90,9,0.09090909090909091,1,0,0,2,1.2246467991473532e-16,-1.0,944521.441674433
CANNINGHILL PIERS,1948.28,CLARKE QUAY,New Sale,Strata,Apartment,1.0,6.0,Rest of Central Region,22,3,11,15,0,99,2021,98,1,0.010101010101010102,1,0,0,1,1.0,6.123233995736766e-17,5494544.580062954
WOODHAVEN,624.31,WOODGROVE AVENUE,Resale,Strata,Condominium,1.0,25.0,Outside Central Region,21,2,1,5,0,99,2011,89,10,0.10101010101010101,1,0,0,1,0.8660254037844386,0.5000000000000001,650801.0592436029
WILSHIRE RESIDENCES,1485.43,FARRER ROAD,New Sale,Strata,Apartment,1.0,10.0,Core Central Region,21,6,11,15,1,9999,0,9999,0,0.0,0,0,0,2,1.2246467991473532e-16,-1.0,3751910.8630657448
PERFECT TEN,785.77,BUKIT TIMAH ROAD,New Sale,Strata,Apartment,1.0,10.0,Core Central Region,23,1,21,25,1,9999,0,9999,0,0.0,0,0,0,1,0.49999999999999994,0.8660254037844387,2585881.1822603005
NORMANTON PARK,1313.21,NORMANTON PARK,New Sale,Strata,Apartment,1.0,5.0,Rest of Central Region,21,11,6,10,0,99,2019,97,2,0.020202020202020204,1,1,1,4,-0.5000000000000004,0.8660254037844384,2410082.8984185825
NORMANTON PARK,667.37,NORMANTON PARK,New Sale,Strata,Apartment,1.0,5.0,Rest of Central Region,21,6,1,5,0,99,2019,97,2,0.020202020202020204,1,0,0,2,1.2246467991473532e-16,-1.0,1190561.9825407453
ELIAS GREEN,1550.02,ELIAS GREEN,Resale,Strata,Condominium,1.0,18.0,Outside Central Region,21,7,11,15,0,99,1991,69,30,0.30303030303030304,2,0,0,3,-0.4999999999999998,-0.8660254037844388,1202202.4937154015
HERITAGE VIEW,1194.8,DOVER RISE,Resale,Strata,Condominium,1.0,5.0,Rest of Central Region,21,3,1,5,0,99,1996,74,25,0.25252525252525254,2,0,0,1,1.0,6.123233995736766e-17,1451907.2100818676
THE REEF AT KING'S DOCK,484.38,HARBOURFRONT AVENUE,New Sale,Strata,Condominium,1.0,4.0,Rest of Central Region,21,2,1,5,0,99,2021,99,0,0.0,1,0,0,1,0.8660254037844386,0.5000000000000001,1081114.2574577415
CASABLANCA,1119.46,ROSEWOOD DRIVE,Resale,Strata,Condominium,1.0,25.0,Outside Central Region,20,8,16,20,0,99,2001,80,19,0.1919191919191919,1,0,0,3,-0.8660254037844384,-0.5000000000000004,840136.2073067237
THE MORNINGSIDE,2411.14,JALAN KUALA,Resale,Strata,Apartment,1.0,9.0,Core Central Region,23,11,16,20,1,9999,0,9999,0,0.0,0,1,1,4,-0.5000000000000004,0.8660254037844384,4718230.727625991
SENGKANG GRAND RESIDENCES,936.47,COMPASSVALE BOW,New Sale,Strata,Apartment,1.0,19.0,Outside Central Region,21,11,6,10,0,99,2018,96,3,0.030303030303030304,1,1,1,4,-0.5000000000000004,0.8660254037844384,1674151.276260738
WATERFRONT ISLE,635.08,BEDOK RESERVOIR ROAD,Resale,Strata,Condominium,1.0,16.0,Outside Central Region,23,12,1,5,0,99,2009,85,14,0.1414141414141414,1,0,0,4,-2.4492935982947064e-16,1.0,969804.7203552611
CLOVER BY THE PARK,1291.68,BISHAN STREET 25,Resale,Strata,Condominium,1.0,20.0,Rest of Central Region,23,10,31,35,0,99,2007,83,16,0.16161616161616163,1,1,0,4,-0.8660254037844386,0.5000000000000001,2356351.7844491964
CYAN,1463.9,KENG CHIN ROAD,Resale,Strata,Condominium,1.0,10.0,Core Central Region,22,1,16,20,1,9999,0,9999,0,0.0,0,0,0,1,0.49999999999999994,0.8660254037844387,3402603.8717160732
PENROSE,1044.11,SIMS DRIVE,New Sale,Strata,Apartment,1.0,14.0,Rest of Central Region,20,9,11,15,0,99,2019,98,1,0.010101010101010102,1,0,0,3,-1.0,-1.8369701987210297e-16,1623042.1969312977
KLIMT CAIRNHILL,893.41,CAIRNHILL ROAD,New Sale,Strata,Apartment,1.0,9.0,Core Central Region,23,10,26,30,1,9999,0,9999,0,0.0,0,1,0,4,-0.8660254037844386,0.5000000000000001,3060144.034093925
FOURTH AVENUE RESIDENCES,1485.43,FOURTH AVENUE,New Sale,Strata,Apartment,1.0,10.0,Core Central Region,21,2,1,5,0,99,2018,96,3,0.030303030303030304,1,0,0,1,0.8660254037844386,0.5000000000000001,3501753.196440171
SHELFORD REGENCY,1151.75,SHELFORD ROAD,Resale,Strata,Condominium,1.0,11.0,Core Central Region,21,5,1,5,1,9999,0,9999,0,0.0,0,0,0,2,0.49999999999999994,-0.8660254037844387,1910920.3166768504
CUBE 8,925.7,THOMSON ROAD,Resale,Strata,Condominium,1.0,11.0,Core Central Region,23,8,6,10,1,9999,0,9999,0,0.0,0,0,0,3,-0.8660254037844384,-0.5000000000000004,1770533.3101677925
GRANDEUR PARK RESIDENCES,592.02,BEDOK SOUTH AVENUE 3,Sub Sale,Strata,Condominium,1.0,16.0,Outside Central Region,21,7,11,15,0,99,2016,94,5,0.050505050505050504,1,0,0,3,-0.4999999999999998,-0.8660254037844388,989694.4622583684
PINETREE HILL,1463.9,PINE GROVE,New Sale,Strata,Condominium,1.0,21.0,Rest of Central Region,23,7,16,20,0,99,2022,98,1,0.010101010101010102,1,0,0,3,-0.4999999999999998,-0.8660254037844388,3597733.274560475
LATITUDE,1614.6,JALAN MUTIARA,Resale,Strata,Condominium,1.0,10.0,Core Central Region,21,2,6,10,1,9999,0,9999,0,0.0,0,0,0,1,0.8660254037844386,0.5000000000000001,3351036.5977234393
RIVERSAILS,882.65,UPPER SERANGOON CRESCENT,Resale,Strata,Condominium,1.0,19.0,Outside Central Region,22,11,11,15,0,99,2011,88,11,0.1111111111111111,1,1,1,4,-0.5000000000000004,0.8660254037844384,1138987.078072783
THE INTERLACE,1054.87,DEPOT ROAD,Resale,Strata,Condominium,1.0,4.0,Rest of Central Region,21,6,11,15,0,99,2009,87,12,0.12121212121212122,1,0,0,2,1.2246467991473532e-16,-1.0,1520163.1757531438
THE RESERVE RESIDENCES,495.14,JALAN ANAK BUKIT,New Sale,Strata,Apartment,1.0,21.0,Rest of Central Region,23,5,16,20,0,99,2021,97,2,0.020202020202020204,1,0,0,2,0.49999999999999994,-0.8660254037844387,1328855.907280272
LENTOR MANSION,656.6,LENTOR GARDENS,New Sale,Strata,Apartment,1.0,26.0,Outside Central Region,24,3,1,5,0,99,2023,98,1,0.010101010101010102,1,0,0,1,1.0,6.123233995736766e-17,1470256.4189371476
THE FLORENCE RESIDENCES,635.08,HOUGANG AVENUE 2,New Sale,Strata,Apartment,1.0,19.0,Outside Central Region,22,5,16,20,0,99,2018,95,4,0.04040404040404041,1,0,0,2,0.49999999999999994,-0.8660254037844387,1192512.2498458626
VERTICUS,936.47,JALAN KEMAMAN,New Sale,Strata,Apartment,1.0,12.0,Rest of Central Region,22,3,16,20,1,9999,0,9999,0,0.0,0,0,0,1,1.0,6.123233995736766e-17,1857733.7791250742
WATERCREST,1302.44,LOYANG BESAR CLOSE,Resale,Strata,Condominium,1.0,17.0,Outside Central Region,21,12,0,0,0,999,1885,863,136,0.13613613613613615,1,0,0,4,-2.4492935982947064e-16,1.0,1151604.3894497338
THE ALPS RESIDENCES,688.9,TAMPINES STREET 86,Sub Sale,Strata,Condominium,1.0,18.0,Outside Central Region,21,12,6,10,0,99,2015,93,6,0.06060606060606061,1,0,0,4,-2.4492935982947064e-16,1.0,884453.2229963461
THE JOVELL,904.18,FLORA DRIVE,New Sale,Strata,Condominium,1.0,17.0,Outside Central Region,21,9,6,10,0,99,2018,96,3,0.030303030303030304,1,0,0,3,-1.0,-1.8369701987210297e-16,1190827.139454399
EMERALD OF KATONG,1151.75,JALAN TEMBUSU,New Sale,Strata,Condominium,1.0,15.0,Rest of Central Region,24,11,16,20,0,99,2023,98,1,0.010101010101010102,1,1,1,4,-0.5000000000000004,0.8660254037844384,3026587.1354785687
INFINI AT EAST COAST,1248.62,EAST COAST ROAD,New Sale,Strata,Apartment,1.0,15.0,Outside Central Region,21,12,1,5,1,9999,0,9999,0,0.0,0,0,0,4,-2.4492935982947064e-16,1.0,2382069.08589981
THE FLORENCE RESIDENCES,1280.92,HOUGANG AVENUE 2,Sub Sale,Strata,Apartment,1.0,19.0,Outside Central Region,22,11,6,10,0,99,2018,95,4,0.04040404040404041,1,1,1,4,-0.5000000000000004,0.8660254037844384,2191043.8258431656
THE JOVELL,527.44,FLORA DRIVE,New Sale,Strata,Condominium,1.0,17.0,Outside Central Region,20,12,1,5,0,99,2018,97,2,0.020202020202020204,1,0,0,4,-2.4492935982947064e-16,1.0,718127.6791670866
COMPASS HEIGHTS,1248.62,SENGKANG SQUARE,Resale,Strata,Apartment,1.0,19.0,Outside Central Region,22,2,11,15,0,99,2000,77,22,0.2222222222222222,2,0,0,1,0.8660254037844386,0.5000000000000001,1315582.9542091847
TREASURE AT TAMPINES,678.13,TAMPINES LANE,New Sale,Strata,Condominium,1.0,18.0,Outside Central Region,21,2,6,10,0,99,2018,96,3,0.030303030303030304,1,0,0,1,0.8660254037844386,0.5000000000000001,995202.9683984224
PICCADILLY GRAND,710.42,NORTHUMBERLAND ROAD,New Sale,Strata,Apartment,1.0,8.0,Rest of Central Region,22,5,11,15,0,99,2021,98,1,0.010101010101010102,1,0,0,2,0.49999999999999994,-0.8660254037844387,1550633.8530805656
FOURTH AVENUE RESIDENCES,947.23,FOURTH AVENUE,New Sale,Strata,Apartment,1.0,10.0,Core Central Region,20,8,1,5,0,99,2018,97,2,0.020202020202020204,1,0,0,3,-0.8660254037844384,-0.5000000000000004,2130137.916352557
STURDEE RESIDENCES,721.19,BEATTY ROAD,Sub Sale,Strata,Condominium,1.0,8.0,Rest of Central Region,21,6,21,25,0,99,2015,93,6,0.06060606060606061,1,0,0,2,1.2246467991473532e-16,-1.0,1291414.231061009
THE GARDEN RESIDENCES,1001.05,SERANGOON NORTH VIEW,New Sale,Strata,Apartment,1.0,19.0,Outside Central Region,21,1,1,5,0,99,2017,95,4,0.04040404040404041,1,0,0,1,0.49999999999999994,0.8660254037844387,1589620.8257061332
PARC VISTA,1054.87,CORPORATION ROAD,Resale,Strata,Condominium,1.0,22.0,Outside Central Region,21,8,1,5,0,99,1995,73,26,0.26262626262626265,2,0,0,3,-0.8660254037844384,-0.5000000000000004,935862.093564698
THE POIZ RESIDENCES,1184.04,MEYAPPA CHETTIAR ROAD,Resale,Strata,Apartment,1.0,13.0,Rest of Central Region,21,12,6,10,0,99,2014,92,7,0.0707070707070707,1,0,0,4,-2.4492935982947064e-16,1.0,2027159.2787639282
THE BOTANY AT DAIRY FARM,742.72,DAIRY FARM WALK,New Sale,Strata,Condominium,1.0,23.0,Outside Central Region,23,3,6,10,0,99,2022,98,1,0.010101010101010102,1,0,0,1,1.0,6.123233995736766e-17,1526496.6626970307
MIDTOWN MODERN,1065.64,TAN QUEE LAN STREET,New Sale,Strata,Apartment,1.0,7.0,Core Central Region,21,9,21,25,0,99,2019,97,2,0.020202020202020204,1,0,0,3,-1.0,-1.8369701987210297e-16,2849517.566959233
THE MYST,850.36,UPPER BUKIT TIMAH ROAD,New Sale,Strata,Condominium,1.0,23.0,Outside Central Region,23,7,6,10,0,99,2023,99,0,0.0,1,0,0,3,-0.4999999999999998,-0.8660254037844388,1737304.4478487244
KI RESIDENCES AT BROOKVALE,753.48,BROOKVALE DRIVE,New Sale,Strata,Condominium,1.0,21.0,Outside Central Region,20,12,1,5,0,999,1885,864,135,0.13513513513513514,1,0,0,4,-2.4492935982947064e-16,1.0,1334798.9605909497
GRANGE 1866,828.83,GRANGE ROAD,New Sale,Strata,Apartment,1.0,10.0,Core Central Region,23,7,1,5,1,9999,0,9999,0,0.0,0,0,0,3,-0.4999999999999998,-0.8660254037844388,2402759.598676197
AMBER PARK,2335.79,AMBER GARDENS,New Sale,Strata,Condominium,1.0,15.0,Rest of Central Region,21,10,1,5,1,9999,0,9999,0,0.0,0,1,0,4,-0.8660254037844386,0.5000000000000001,5220776.53291201
THE WATERGARDENS AT CANBERRA,721.19,CANBERRA DRIVE,New Sale,Strata,Apartment,1.0,27.0,Outside Central Region,21,8,1,5,0,99,2020,98,1,0.010101010101010102,1,0,0,3,-0.8660254037844384,-0.5000000000000004,1075434.3172353918
SPOTTISWOODE RESIDENCES,1410.08,SPOTTISWOODE PARK ROAD,Resale,Strata,Condominium,1.0,2.0,Rest of Central Region,23,6,26,30,1,9999,0,9999,0,0.0,0,0,0,2,1.2246467991473532e-16,-1.0,2905168.672441367
THE ATELIER,1280.92,MAKEWAY AVENUE,New Sale,Strata,Apartment,1.0,9.0,Core Central Region,23,4,11,15,1,9999,0,9999,0,0.0,0,0,0,2,0.8660254037844387,-0.49999999999999983,3404675.360041162
SKY EVERTON,914.94,EVERTON ROAD,New Sale,Strata,Apartment,1.0,2.0,Rest of Central Region,20,11,31,35,1,9999,0,9999,0,0.0,0,1,1,4,-0.5000000000000004,0.8660254037844384,2564135.9700774224
CANARY VILLE,1087.16,LORONG J TELOK KURAU,Resale,Strata,Apartment,1.0,15.0,Outside Central Region,23,5,1,5,1,9999,0,9999,0,0.0,0,0,0,2,0.49999999999999994,-0.8660254037844387,1775639.659545305
GRAND DUNMAN,1119.46,DUNMAN ROAD,New Sale,Strata,Apartment,1.0,15.0,Rest of Central Region,23,7,11,15,0,99,2022,98,1,0.010101010101010102,1,0,0,3,-0.4999999999999998,-0.8660254037844388,2850065.279470606
TREASURE AT TAMPINES,592.02,TAMPINES LANE,Sub Sale,Strata,Condominium,1.0,18.0,Outside Central Region,23,10,6,10,0,99,2018,94,5,0.050505050505050504,1,1,0,4,-0.8660254037844386,0.5000000000000001,959000.1070513201
8 RAJA,1571.54,JALAN RAJA UDANG,Resale,Strata,Apartment,1.0,12.0,Rest of Central Region,20,9,11,15,1,9999,0,9999,0,0.0,0,0,0,3,-1.0,-1.8369701987210297e-16,1827968.7343252962
TREASURE AT TAMPINES,678.13,TAMPINES LANE,New Sale,Strata,Condominium,1.0,18.0,Outside Central Region,20,10,6,10,0,99,2018,97,2,0.020202020202020204,1,1,0,4,-0.8660254037844386,0.5000000000000001,981179.2456689264
KINGS APARTMENTS,1140.98,LORONG K TELOK KURAU,Resale,Strata,Apartment,1.0,15.0,Outside Central Region,20,9,1,5,1,9999,0,9999,0,0.0,0,0,0,3,-1.0,-1.8369701987210297e-16,1234287.1563961701
KI RESIDENCES AT BROOKVALE,861.12,BROOKVALE DRIVE,New Sale,Strata,Condominium,1.0,21.0,Outside Central Region,21,4,1,5,0,999,1885,863,136,0.13613613613613615,1,0,0,2,0.8660254037844387,-0.49999999999999983,1538442.2482170104
TEMBUSU GRAND,667.37,JALAN TEMBUSU,New Sale,Strata,Condominium,1.0,15.0,Rest of Central Region,23,4,11,15,0,99,2022,98,1,0.010101010101010102,1,0,0,2,0.8660254037844387,-0.49999999999999983,1683896.4700745007
THE WATERGARDENS AT CANBERRA,1302.44,CANBERRA DRIVE,New Sale,Strata,Apartment,1.0,27.0,Outside Central Region,23,3,1,5,0,99,2020,96,3,0.030303030303030304,1,0,0,1,1.0,6.123233995736766e-17,2022696.3338708803
WATERSCAPE AT CAVENAGH,592.02,CAVENAGH ROAD,Resale,Strata,Apartment,1.0,9.0,Core Central Region,21,4,1,5,1,9999,0,9999,0,0.0,0,0,0,2,0.8660254037844387,-0.49999999999999983,1156220.8394125898
RESIDENTIAL APARTMENTS,37131.49,GUILLEMARD ROAD/JALAN MOLEK,Resale,Land,Apartment,30.0,14.0,Rest of Central Region,20,11,1,5,0,9999,1962,9941,58,0.0058005800580058,1,1,1,4,-0.5000000000000004,0.8660254037844384,86122052.46139914
KOVAN REGENCY,1054.87,KOVAN RISE,Resale,Strata,Condominium,1.0,19.0,Outside Central Region,20,12,11,15,0,99,2012,91,8,0.08080808080808081,1,0,0,4,-2.4492935982947064e-16,1.0,1364750.9273783134
CITY GATE,753.48,BEACH ROAD,Resale,Strata,Apartment,1.0,7.0,Rest of Central Region,21,4,16,20,0,99,2014,92,7,0.0707070707070707,1,0,0,2,0.8660254037844387,-0.49999999999999983,1361170.2077155316
THE LENOX,430.56,CHANGI ROAD,Resale,Strata,Apartment,1.0,14.0,Outside Central Region,22,3,1,5,1,9999,0,9999,0,0.0,0,0,0,1,1.0,6.123233995736766e-17,618035.1689713036
COSTA DEL SOL,1991.34,BAYSHORE ROAD,Resale,Strata,Condominium,1.0,16.0,Outside Central Region,21,4,26,30,0,99,1997,75,24,0.24242424242424243,2,0,0,2,0.8660254037844387,-0.49999999999999983,2721787.4304837803
ONE HOLLAND VILLAGE RESIDENCES,1097.93,HOLLAND VILLAGE WAY,New Sale,Strata,Apartment,1.0,10.0,Core Central Region,22,6,1,5,0,99,2018,95,4,0.04040404040404041,1,0,0,2,1.2246467991473532e-16,-1.0,2860246.1331577674
RIVIERE,2002.1,JIAK KIM STREET,New Sale,Strata,Apartment,1.0,3.0,Rest of Central Region,22,5,21,25,0,99,2018,95,4,0.04040404040404041,1,0,0,2,0.49999999999999994,-0.8660254037844387,6075362.740947964
ASTON MANSIONS,1162.51,LORONG 42 GEYLANG,Resale,Strata,Apartment,1.0,14.0,Rest of Central Region,22,3,6,10,0,99,1995,72,27,0.2727272727272727,2,0,0,1,1.0,6.123233995736766e-17,1272306.2707745053
ORCHARD SOPHIA,710.42,SOPHIA ROAD,New Sale,Strata,Apartment,1.0,9.0,Core Central Region,23,11,1,5,1,9999,0,9999,0,0.0,0,1,1,4,-0.5000000000000004,0.8660254037844384,1997743.2887117837
PASIR RIS 8,710.42,PASIR RIS DRIVE 8,New Sale,Strata,Apartment,1.0,18.0,Outside Central Region,23,11,1,5,0,99,2021,97,2,0.020202020202020204,1,1,1,4,-0.5000000000000004,0.8660254037844384,1368650.898760142
NORMANTON PARK,667.37,NORMANTON PARK,New Sale,Strata,Apartment,1.0,5.0,Rest of Central Region,21,1,1,5,0,99,2019,97,2,0.020202020202020204,1,0,0,1,0.49999999999999994,0.8660254037844387,1171809.3995738474
RAFFLESIA CONDOMINIUM,914.94,BISHAN STREET 21,Resale,Strata,Condominium,1.0,20.0,Rest of Central Region,22,5,6,10,0,99,1997,74,25,0.25252525252525254,2,0,0,2,0.49999999999999994,-0.8660254037844387,1253478.5080397504
VERTICUS,678.13,JALAN KEMAMAN,New Sale,Strata,Apartment,1.0,12.0,Rest of Central Region,21,11,16,20,1,9999,0,9999,0,0.0,0,1,1,4,-0.5000000000000004,0.8660254037844384,1414317.9806040213
THE CITRINE,1313.21,JALAN DATOH,Resale,Strata,Apartment,1.0,12.0,Rest of Central Region,22,11,1,5,1,9999,0,9999,0,0.0,0,1,1,4,-0.5000000000000004,0.8660254037844384,1791154.7394873782
COMMONWEALTH TOWERS,484.38,COMMONWEALTH AVENUE,Resale,Strata,Condominium,1.0,3.0,Rest of Central Region,24,3,41,45,0,99,2013,88,11,0.1111111111111111,1,0,0,1,1.0,6.123233995736766e-17,1026793.2457047473
THE REEF AT KING'S DOCK,882.65,HARBOURFRONT AVENUE,New Sale,Strata,Condominium,1.0,4.0,Rest of Central Region,23,5,1,5,0,99,2021,97,2,0.020202020202020204,1,0,0,2,0.49999999999999994,-0.8660254037844387,2144692.8937226865
THE AVENIR,527.44,RIVER VALLEY CLOSE,New Sale,Strata,Condominium,1.0,9.0,Core Central Region,23,6,26,30,1,9999,0,9999,0,0.0,0,0,0,2,1.2246467991473532e-16,-1.0,1640576.0129645555
AMBER PARK,1302.44,AMBER GARDENS,New Sale,Strata,Condominium,1.0,15.0,Rest of Central Region,22,3,11,15,1,9999,0,9999,0,0.0,0,0,0,1,1.0,6.123233995736766e-17,3315953.2464384786
HIGH PARK RESIDENCES,1442.38,FERNVALE ROAD,Resale,Strata,Apartment,1.0,28.0,Outside Central Region,22,9,6,10,0,99,2014,91,8,0.08080808080808081,1,0,0,3,-1.0,-1.8369701987210297e-16,1925812.2854874802
CHILTERN PARK,914.94,SERANGOON AVENUE 3,Resale,Strata,Condominium,1.0,19.0,Outside Central Region,24,12,6,10,0,99,1991,66,33,0.3333333333333333,2,0,0,4,-2.4492935982947064e-16,1.0,1505835.1695649133
ONE DUSUN RESIDENCES,484.38,JALAN DUSUN,Resale,Strata,Apartment,1.0,12.0,Rest of Central Region,24,9,21,25,1,9999,0,9999,0,0.0,0,0,0,3,-1.0,-1.8369701987210297e-16,852958.6423383337
RIVERBAY,785.77,MAR THOMA ROAD,Resale,Strata,Apartment,1.0,12.0,Rest of Central Region,21,12,11,15,0,999,1882,860,139,0.13913913913913914,1,0,0,4,-2.4492935982947064e-16,1.0,1056283.7559044606
ONE DRAYCOTT,796.54,DRAYCOTT PARK,Resale,Strata,Apartment,1.0,10.0,Core Central Region,24,2,16,20,1,9999,0,9999,0,0.0,0,0,0,1,0.8660254037844386,0.5000000000000001,2537174.257343594
PEAK RESIDENCE,527.44,THOMSON ROAD,New Sale,Strata,Condominium,1.0,11.0,Core Central Region,22,7,1,5,1,9999,0,9999,0,0.0,0,0,0,3,-0.4999999999999998,-0.8660254037844388,1290256.9139375817
MAYSPRINGS,1313.21,PETIR ROAD,Resale,Strata,Apartment,1.0,23.0,Outside Central Region,22,1,6,10,0,99,1994,71,28,0.2828282828282828,2,0,0,1,0.49999999999999994,0.8660254037844387,1173250.288596535
NEPTUNE COURT,1636.13,MARINE VISTA,Resale,Strata,Apartment,1.0,15.0,Outside Central Region,24,12,6,10,0,99,1975,50,49,0.494949494949495,3,0,0,4,-2.4492935982947064e-16,1.0,1740157.3054236928
PARK NOVA,2206.62,TOMLINSON ROAD,New Sale,Strata,Apartment,1.0,10.0,Core Central Region,21,10,16,20,1,9999,0,9999,0,0.0,0,1,0,4,-0.8660254037844386,0.5000000000000001,10784951.329009712
RIVERFRONT RESIDENCES,914.94,HOUGANG AVENUE 7,Sub Sale,Strata,Apartment,1.0,19.0,Outside Central Region,23,10,6,10,0,99,2018,94,5,0.050505050505050504,1,1,0,4,-0.8660254037844386,0.5000000000000001,1526687.9148523011
HIGH PARK RESIDENCES,1399.32,FERNVALE ROAD,Resale,Strata,Apartment,1.0,28.0,Outside Central Region,21,8,21,25,0,99,2014,92,7,0.0707070707070707,1,0,0,3,-0.8660254037844384,-0.5000000000000004,1908932.6403559414
HERITAGE VIEW,1205.57,DOVER RISE,Resale,Strata,Condominium,1.0,5.0,Rest of Central Region,21,5,1,5,0,99,1996,74,25,0.25252525252525254,2,0,0,2,0.49999999999999994,-0.8660254037844387,1468256.8322125927
FORETT@BUKIT TIMAH,1582.31,TOH TUCK ROAD,Sub Sale,Strata,Apartment,1.0,21.0,Rest of Central Region,24,12,1,5,1,9999,0,9999,0,0.0,0,0,0,4,-2.4492935982947064e-16,1.0,3187931.8633769657
THE ESTUARY,1119.46,YISHUN AVENUE 1,Resale,Strata,Condominium,1.0,27.0,Outside Central Region,21,10,6,10,0,99,2008,86,13,0.13131313131313133,1,1,0,4,-0.8660254037844386,0.5000000000000001,1155848.4139836663
BLUWATERS 2,2755.58,JALAN LOYANG BESAR,Resale,Strata,Condominium,1.0,17.0,Outside Central Region,21,5,1,5,0,946,1938,863,83,0.08773784355179703,1,0,0,2,0.49999999999999994,-0.8660254037844387,1803981.1716440506
MIDTOWN MODERN,1442.38,TAN QUEE LAN STREET,New Sale,Strata,Apartment,1.0,7.0,Core Central Region,22,8,16,20,0,99,2019,96,3,0.030303030303030304,1,0,0,3,-0.8660254037844384,-0.5000000000000004,4026525.6010008855
PRINCIPAL GARDEN,807.3,PRINCE CHARLES CRESCENT,Resale,Strata,Condominium,1.0,3.0,Rest of Central Region,23,3,11,15,0,99,2014,90,9,0.09090909090909091,1,0,0,1,1.0,6.123233995736766e-17,1748333.1772675705
PARC BOTANNIA,979.52,FERNVALE STREET,Resale,Strata,Condominium,1.0,28.0,Outside Central Region,24,1,16,20,0,99,2016,91,8,0.08080808080808081,1,0,0,1,0.49999999999999994,0.8660254037844387,1587177.1082900264
PALM ISLES,990.29,FLORA DRIVE,Resale,Strata,Condominium,1.0,17.0,Outside Central Region,21,12,6,10,0,99,2011,89,10,0.10101010101010101,1,0,0,4,-2.4492935982947064e-16,1.0,982806.4261126668
PICCADILLY GRAND,1679.18,NORTHUMBERLAND ROAD,New Sale,Strata,Apartment,1.0,8.0,Rest of Central Region,23,5,16,20,0,99,2021,97,2,0.020202020202020204,1,0,0,2,0.49999999999999994,-0.8660254037844387,3419084.6557137743
PALM ISLES,1323.97,FLORA DRIVE,Resale,Strata,Condominium,1.0,17.0,Outside Central Region,22,9,6,10,0,99,2011,88,11,0.1111111111111111,1,0,0,3,-1.0,-1.8369701987210297e-16,1464424.103760321
THE VENUE RESIDENCES,850.36,TAI THONG CRESCENT,Resale,Strata,Apartment,1.0,13.0,Rest of Central Region,21,5,6,10,0,99,2012,90,9,0.09090909090909091,1,0,0,2,0.49999999999999994,-0.8660254037844387,1278893.591393722
THE CONTINUUM,667.37,THIAM SIEW AVENUE,New Sale,Strata,Apartment,1.0,15.0,Rest of Central Region,23,5,11,15,1,9999,0,9999,0,0.0,0,0,0,2,0.49999999999999994,-0.8660254037844387,1855746.0370022675
VERDALE,742.72,DE SOUZA AVENUE,New Sale,Strata,Apartment,1.0,21.0,Rest of Central Region,21,12,1,5,0,99,2018,96,3,0.030303030303030304,1,0,0,4,-2.4492935982947064e-16,1.0,1373291.7265704593
CARIBBEAN AT KEPPEL BAY,1334.74,KEPPEL BAY DRIVE,Resale,Strata,Condominium,1.0,4.0,Rest of Central Region,24,5,1,5,0,99,1999,74,25,0.25252525252525254,2,0,0,2,0.49999999999999994,-0.8660254037844387,2437115.668671489
HILLOCK GREEN,1033.34,LENTOR CENTRAL,New Sale,Strata,Apartment,1.0,26.0,Outside Central Region,24,9,16,20,0,99,2022,97,2,0.020202020202020204,1,0,0,3,-1.0,-1.8369701987210297e-16,2263080.0407105978
SILVERSEA,1506.96,MARINE PARADE ROAD,Resale,Strata,Condominium,1.0,15.0,Rest of Central Region,20,8,1,5,0,99,2007,86,13,0.13131313131313133,1,0,0,3,-0.8660254037844384,-0.5000000000000004,2344396.4710076675
THE AMBRA,1216.33,LORONG H TELOK KURAU,Resale,Strata,Apartment,1.0,15.0,Outside Central Region,22,6,1,5,1,9999,0,9999,0,0.0,0,0,0,2,1.2246467991473532e-16,-1.0,1520310.8457423097
RIVERFRONT RESIDENCES,462.85,HOUGANG AVENUE 7,Sub Sale,Strata,Apartment,1.0,19.0,Outside Central Region,23,8,6,10,0,99,2018,94,5,0.050505050505050504,1,0,0,3,-0.8660254037844384,-0.5000000000000004,762282.719646146
JADESCAPE,527.44,SHUNFU ROAD,New Sale,Strata,Condominium,1.0,20.0,Rest of Central Region,21,3,16,20,0,99,2018,96,3,0.030303030303030304,1,0,0,1,1.0,6.123233995736766e-17,984858.7769949908
MANDARIN GARDENS,1571.54,SIGLAP ROAD,Resale,Strata,Condominium,1.0,15.0,Outside Central Region,21,11,1,5,0,99,1982,60,39,0.3939393939393939,2,1,1,4,-0.5000000000000004,0.8660254037844384,1852014.3387416073
1919,678.13,SOPHIA ROAD,Resale,Strata,Apartment,1.0,9.0,Core Central Region,23,8,1,5,1,9999,0,9999,0,0.0,0,0,0,3,-0.8660254037844384,-0.5000000000000004,1396884.972003489
MARINA BAY RESIDENCES,1636.13,MARINA BOULEVARD,Resale,Strata,Condominium,1.0,1.0,Core Central Region,24,8,41,45,0,99,2005,80,19,0.1919191919191919,1,0,0,3,-0.8660254037844384,-0.5000000000000004,3981437.943840643
THE BOTANY AT DAIRY FARM,505.91,DAIRY FARM WALK,New Sale,Strata,Condominium,1.0,23.0,Outside Central Region,23,3,1,5,0,99,2022,98,1,0.010101010101010102,1,0,0,1,1.0,6.123233995736766e-17,1086423.7710571445
RV ALTITUDE,635.08,RIVER VALLEY ROAD,New Sale,Strata,Apartment,1.0,9.0,Core Central Region,21,3,11,15,1,9999,0,9999,0,0.0,0,0,0,1,1.0,6.123233995736766e-17,1611186.9124153014
LEEDON GREEN,1496.2,LEEDON HEIGHTS,New Sale,Strata,Condominium,1.0,10.0,Core Central Region,22,10,1,5,1,9999,0,9999,0,0.0,0,1,0,4,-0.8660254037844386,0.5000000000000001,4246410.34388159
J'DEN,1259.39,JURONG EAST CENTRAL 1,New Sale,Strata,Apartment,1.0,22.0,Outside Central Region,23,11,16,20,0,99,2023,99,0,0.0,1,1,1,4,-0.5000000000000004,0.8660254037844384,3077592.7221628325
ATRIUM RESIDENCES,1022.58,LORONG 28 GEYLANG,Resale,Strata,Apartment,1.0,14.0,Rest of Central Region,24,5,6,10,1,9999,0,9999,0,0.0,0,0,0,2,0.49999999999999994,-0.8660254037844387,1355430.1384225818
MIDTOWN BAY,742.72,BEACH ROAD,New Sale,Strata,Apartment,1.0,7.0,Core Central Region,24,2,16,20,0,99,2018,93,6,0.06060606060606061,1,0,0,1,0.8660254037844386,0.5000000000000001,2450544.48676051
FOURTH AVENUE RESIDENCES,710.42,FOURTH AVENUE,New Sale,Strata,Apartment,1.0,10.0,Core Central Region,21,1,6,10,0,99,2018,96,3,0.030303030303030304,1,0,0,1,0.49999999999999994,0.8660254037844387,1706288.2385273108
RIVIERE,818.06,JIAK KIM STREET,New Sale,Strata,Apartment,1.0,3.0,Rest of Central Region,22,4,21,25,0,99,2018,95,4,0.04040404040404041,1,0,0,2,0.8660254037844387,-0.49999999999999983,2344054.172029974
BURLINGTON SQUARE,667.37,BENCOOLEN STREET,Resale,Strata,Apartment,1.0,7.0,Rest of Central Region,22,4,11,15,0,99,1996,73,26,0.26262626262626265,2,0,0,2,0.8660254037844387,-0.49999999999999983,1012704.8073850423
BOATHOUSE RESIDENCES,731.95,UPPER SERANGOON VIEW,Resale,Strata,Condominium,1.0,19.0,Outside Central Region,21,12,11,15,0,99,2011,89,10,0.10101010101010101,1,0,0,4,-2.4492935982947064e-16,1.0,881595.9294030578
SUMMERHILL,1474.67,HUME AVENUE,Resale,Strata,Condominium,1.0,21.0,Outside Central Region,23,12,6,10,1,9999,0,9999,0,0.0,0,0,0,4,-2.4492935982947064e-16,1.0,2432051.696573942
EUHABITAT,947.23,JALAN EUNOS,Resale,Strata,Condominium,1.0,14.0,Outside Central Region,22,3,1,5,0,99,2010,87,12,0.12121212121212122,1,0,0,1,1.0,6.123233995736766e-17,1177158.3383300249
LA FIESTA,1259.39,SENGKANG SQUARE,Resale,Strata,Condominium,1.0,19.0,Outside Central Region,23,8,1,5,0,99,2012,88,11,0.1111111111111111,1,0,0,3,-0.8660254037844384,-0.5000000000000004,1584390.1847275295
HILLOCK GREEN,904.18,LENTOR CENTRAL,New Sale,Strata,Apartment,1.0,26.0,Outside Central Region,23,11,11,15,0,99,2022,98,1,0.010101010101010102,1,1,1,4,-0.5000000000000004,0.8660254037844384,1951810.4605190305
THE MYST,678.13,UPPER BUKIT TIMAH ROAD,New Sale,Strata,Condominium,1.0,23.0,Outside Central Region,23,7,6,10,0,99,2023,99,0,0.0,1,0,0,3,-0.4999999999999998,-0.8660254037844388,1436068.882511428
PICARDY GARDENS,1431.61,JALAN PARI BURONG,Resale,Strata,Apartment,1.0,16.0,Outside Central Region,21,5,1,5,1,9999,0,9999,0,0.0,0,0,0,2,0.49999999999999994,-0.8660254037844387,1680522.5927781076
DOMUS,904.18,IRRAWADDY ROAD,Resale,Strata,Apartment,1.0,12.0,Rest of Central Region,23,9,21,25,1,9999,0,9999,0,0.0,0,0,0,3,-1.0,-1.8369701987210297e-16,1708012.429748335
KI RESIDENCES AT BROOKVALE,1173.28,BROOKVALE DRIVE,New Sale,Strata,Condominium,1.0,21.0,Outside Central Region,21,3,6,10,0,999,1885,863,136,0.13613613613613615,1,0,0,1,1.0,6.123233995736766e-17,2081080.2600719363
ONE HOLLAND VILLAGE RESIDENCES,484.38,HOLLAND VILLAGE WAY,New Sale,Strata,Apartment,1.0,10.0,Core Central Region,22,6,26,30,0,99,2018,95,4,0.04040404040404041,1,0,0,2,1.2246467991473532e-16,-1.0,1451520.095773391
KANDIS RESIDENCE,807.3,KANDIS LINK,New Sale,Strata,Condominium,1.0,27.0,Outside Central Region,20,11,1,5,0,99,2016,95,4,0.04040404040404041,1,1,1,4,-0.5000000000000004,0.8660254037844384,1020506.2878962224
RAFFLESIA CONDOMINIUM,1216.33,BISHAN STREET 21,Resale,Strata,Condominium,1.0,20.0,Rest of Central Region,24,11,1,5,0,99,1997,72,27,0.2727272727272727,2,1,1,4,-0.5000000000000004,0.8660254037844384,1877316.4402344187
PALM GARDENS,1205.57,HONG SAN WALK,Resale,Strata,Condominium,1.0,23.0,Outside Central Region,22,4,11,15,0,99,1996,73,26,0.26262626262626265,2,0,0,2,0.8660254037844387,-0.49999999999999983,1073370.4451791157
KOPAR AT NEWTON,1054.87,MAKEWAY AVENUE,New Sale,Strata,Apartment,1.0,9.0,Core Central Region,22,1,1,5,0,99,2019,96,3,0.030303030303030304,1,0,0,1,0.49999999999999994,0.8660254037844387,2525776.459547254
THE RESERVE RESIDENCES,1323.97,JALAN ANAK BUKIT,New Sale,Strata,Apartment,1.0,21.0,Rest of Central Region,24,1,26,30,0,99,2021,96,3,0.030303030303030304,1,0,0,1,0.49999999999999994,0.8660254037844387,3446721.9088285677
AFFINITY AT SERANGOON,925.7,SERANGOON NORTH AVENUE 1,Sub Sale,Strata,Apartment,1.0,19.0,Outside Central Region,24,2,1,5,0,99,2018,93,6,0.06060606060606061,1,0,0,1,0.8660254037844386,0.5000000000000001,1693264.6644619578
KOPAR AT NEWTON,1054.87,MAKEWAY AVENUE,New Sale,Strata,Apartment,1.0,9.0,Core Central Region,22,2,16,20,0,99,2019,96,3,0.030303030303030304,1,0,0,1,0.8660254037844386,0.5000000000000001,2597524.999591405
HONG HENG MANSIONS,1302.44,SEMBAWANG ROAD,Resale,Strata,Apartment,1.0,26.0,Outside Central Region,21,8,1,5,1,9999,0,9999,0,0.0,0,0,0,3,-0.8660254037844384,-0.5000000000000004,1458336.1228834912
THE ABERDEEN,1302.44,JALAN TAMAN,Resale,Strata,Condominium,1.0,12.0,Rest of Central Region,23,6,1,5,1,9999,0,9999,0,0.0,0,0,0,2,1.2246467991473532e-16,-1.0,1906239.4198043277
ALEXIS,635.08,ALEXANDRA ROAD,Resale,Strata,Apartment,1.0,3.0,Rest of Central Region,23,10,1,5,1,9999,0,9999,0,0.0,0,1,0,4,-0.8660254037844386,0.5000000000000001,1046109.8967700299
SORA,667.37,YUAN CHING ROAD,New Sale,Strata,Apartment,1.0,22.0,Outside Central Region,24,7,6,10,0,99,2023,98,1,0.010101010101010102,1,0,0,3,-0.4999999999999998,-0.8660254037844388,1456641.8054671928
KINGSFORD WATERBAY,473.62,UPPER SERANGOON VIEW,Resale,Strata,Apartment,1.0,19.0,Outside Central Region,24,12,11,15,0,99,2014,89,10,0.10101010101010101,1,0,0,4,-2.4492935982947064e-16,1.0,743763.9086868668
PARC CLEMATIS,1711.48,JALAN LEMPENG,New Sale,Strata,Apartment,1.0,5.0,Outside Central Region,22,1,6,10,0,99,2019,96,3,0.030303030303030304,1,0,0,1,0.49999999999999994,0.8660254037844387,2857023.5395045592
SELETAR PARK RESIDENCE,1011.82,SELETAR ROAD,Resale,Strata,Condominium,1.0,28.0,Outside Central Region,22,8,1,5,0,99,2011,88,11,0.1111111111111111,1,0,0,3,-0.8660254037844384,-0.5000000000000004,1156736.768985724
THE GARDEN RESIDENCES,1539.25,SERANGOON NORTH VIEW,Resale,Strata,Apartment,1.0,19.0,Outside Central Region,24,6,11,15,0,99,2017,92,7,0.0707070707070707,1,0,0,2,1.2246467991473532e-16,-1.0,2343467.375189174
TROPICANA CONDOMINIUM,1614.6,JALAN TIGA RATUS,Resale,Strata,Condominium,1.0,16.0,Outside Central Region,22,4,1,5,0,999,1885,862,137,0.13713713713713713,1,0,0,2,0.8660254037844387,-0.49999999999999983,1855317.4850280907
THE INTERLACE,3928.86,DEPOT ROAD,Resale,Strata,Condominium,1.0,4.0,Rest of Central Region,22,4,16,20,0,99,2009,86,13,0.13131313131313133,1,0,0,2,0.8660254037844387,-0.49999999999999983,4396844.545132615
ICON @ PASIR PANJANG,968.76,PASIR PANJANG ROAD,Resale,Strata,Apartment,1.0,5.0,Rest of Central Region,20,12,1,5,1,9999,0,9999,0,0.0,0,0,0,4,-2.4492935982947064e-16,1.0,1155140.2003736158
PETIT JERVOIS,1001.05,JERVOIS ROAD,Resale,Strata,Apartment,1.0,10.0,Core Central Region,23,5,1,5,1,9999,0,9999,0,0.0,0,0,0,2,0.49999999999999994,-0.8660254037844387,2492710.009555421
GRAND DUNMAN,548.96,DUNMAN ROAD,New Sale,Strata,Apartment,1.0,15.0,Rest of Central Region,23,11,1,5,0,99,2022,98,1,0.010101010101010102,1,1,1,4,-0.5000000000000004,0.8660254037844384,1363505.6859749318
WATERBANK AT DAKOTA,484.38,DAKOTA CRESCENT,Resale,Strata,Condominium,1.0,14.0,Rest of Central Region,20,12,16,20,0,99,2009,88,11,0.1111111111111111,1,0,0,4,-2.4492935982947064e-16,1.0,854199.3250461894
THOMSON GRAND,947.23,SIN MING WALK,Resale,Strata,Condominium,1.0,20.0,Rest of Central Region,24,10,6,10,0,99,2010,85,14,0.1414141414141414,1,1,0,4,-0.8660254037844386,0.5000000000000001,1715864.5223586406
MIDWOOD,785.77,HILLVIEW RISE,New Sale,Strata,Condominium,1.0,23.0,Outside Central Region,21,7,6,10,0,99,2018,96,3,0.030303030303030304,1,0,0,3,-0.4999999999999998,-0.8660254037844388,1259864.9991975878
BRADDELL VIEW,1862.17,BRADDELL HILL,Resale,Strata,Apartment,1.0,20.0,Rest of Central Region,22,3,1,5,0,102,1978,58,44,0.43137254901960786,3,0,0,1,1.0,6.123233995736766e-17,1680083.887763499
SIMS RESIDENCES,1410.08,LORONG 39 GEYLANG,Resale,Strata,Apartment,1.0,14.0,Rest of Central Region,24,5,1,5,0,99,1997,72,27,0.2727272727272727,2,0,0,2,0.49999999999999994,-0.8660254037844387,1693860.3623520778
STIRLING RESIDENCES,635.08,STIRLING ROAD,Resale,Strata,Apartment,1.0,3.0,Rest of Central Region,24,6,21,25,0,99,2017,92,7,0.0707070707070707,1,0,0,2,1.2246467991473532e-16,-1.0,1480581.4849860892
ASTOR GREEN,1065.64,PINE GROVE,Resale,Strata,Condominium,1.0,21.0,Rest of Central Region,23,1,6,10,0,99,1991,67,32,0.32323232323232326,2,0,0,1,0.49999999999999994,0.8660254037844387,1589973.7433182986
SKIES MILTONIA,1033.34,MILTONIA CLOSE,Resale,Strata,Condominium,1.0,27.0,Outside Central Region,23,8,6,10,0,99,2012,88,11,0.1111111111111111,1,0,0,3,-0.8660254037844384,-0.5000000000000004,1227281.2895632354
JUI RESIDENCES,462.85,SERANGOON ROAD,Resale,Strata,Apartment,1.0,12.0,Rest of Central Region,23,7,6,10,1,9999,0,9999,0,0.0,0,0,0,3,-0.4999999999999998,-0.8660254037844388,809108.5627170625
PALM ISLES,516.67,FLORA DRIVE,Resale,Strata,Condominium,1.0,17.0,Outside Central Region,23,2,6,10,0,99,2011,87,12,0.12121212121212122,1,0,0,1,0.8660254037844386,0.5000000000000001,659616.5495437939
ONE JERVOIS,1065.64,JERVOIS CLOSE,Resale,Strata,Condominium,1.0,10.0,Core Central Region,23,10,1,5,1,9999,0,9999,0,0.0,0,1,0,4,-0.8660254037844386,0.5000000000000001,2299772.3810759545
MON JERVOIS,893.41,JERVOIS ROAD,Resale,Strata,Condominium,1.0,10.0,Core Central Region,23,3,1,5,0,99,2012,88,11,0.1111111111111111,1,0,0,1,1.0,6.123233995736766e-17,1807652.6790562242
CLAVON,678.13,CLEMENTI AVENUE 1,Sub Sale,Strata,Apartment,1.0,5.0,Outside Central Region,24,8,31,35,0,99,2019,94,5,0.050505050505050504,1,0,0,3,-0.8660254037844384,-0.5000000000000004,1348911.7784082126
QUEENS PEAK,947.23,DUNDEE ROAD,Sub Sale,Strata,Condominium,1.0,3.0,Rest of Central Region,21,4,16,20,0,99,2015,93,6,0.06060606060606061,1,0,0,2,0.8660254037844387,-0.49999999999999983,1696620.4377202962
THE PANORAMA,1011.82,ANG MO KIO AVENUE 2,Resale,Strata,Condominium,1.0,20.0,Outside Central Region,24,4,11,15,0,99,2013,88,11,0.1111111111111111,1,0,0,2,0.8660254037844387,-0.49999999999999983,2010744.251655385
WING FONG COURT,1065.64,LORONG 14 GEYLANG,Resale,Strata,Apartment,1.0,14.0,Rest of Central Region,21,11,1,5,1,9999,0,9999,0,0.0,0,1,1,4,-0.5000000000000004,0.8660254037844384,927702.4008778502
GILSTEAD TWO,904.18,GILSTEAD ROAD,Resale,Strata,Apartment,1.0,11.0,Core Central Region,23,12,11,15,1,9999,0,9999,0,0.0,0,0,0,4,-2.4492935982947064e-16,1.0,1913927.6213905455
NORMANTON PARK,721.19,NORMANTON PARK,New Sale,Strata,Apartment,1.0,5.0,Rest of Central Region,21,2,11,15,0,99,2019,97,2,0.020202020202020204,1,0,0,1,0.8660254037844386,0.5000000000000001,1295193.332590185
EDELWEISS PARK CONDOMINIUM,1270.15,FLORA ROAD,Resale,Strata,Condominium,1.0,17.0,Outside Central Region,24,1,1,5,1,9999,0,9999,0,0.0,0,0,0,1,0.49999999999999994,0.8660254037844387,1406022.5513257268
THE WATERGARDENS AT CANBERRA,645.84,CANBERRA DRIVE,New Sale,Strata,Apartment,1.0,27.0,Outside Central Region,21,8,1,5,0,99,2020,98,1,0.010101010101010102,1,0,0,3,-0.8660254037844384,-0.5000000000000004,993129.0210949935
BLOSSOMS BY THE PARK,1076.4,SLIM BARRACKS RISE,New Sale,Strata,Apartment,1.0,5.0,Rest of Central Region,23,4,16,20,0,99,2022,98,1,0.010101010101010102,1,0,0,2,0.8660254037844387,-0.49999999999999983,2614285.944085352
CITY GATE,570.49,BEACH ROAD,Resale,Strata,Apartment,1.0,7.0,Rest of Central Region,22,9,11,15,0,99,2014,91,8,0.08080808080808081,1,0,0,3,-1.0,-1.8369701987210297e-16,1124228.55526621
EMERALD OF KATONG,904.18,JALAN TEMBUSU,New Sale,Strata,Condominium,1.0,15.0,Rest of Central Region,24,11,11,15,0,99,2023,98,1,0.010101010101010102,1,1,1,4,-0.5000000000000004,0.8660254037844384,2419244.0463466444
THE PEARL @ MOUNT FABER,1173.28,MOUNT FABER ROAD,Resale,Strata,Condominium,1.0,4.0,Rest of Central Region,24,11,1,5,0,99,2002,77,22,0.2222222222222222,2,1,1,4,-0.5000000000000004,0.8660254037844384,1868267.1087930205
THE INTERLACE,1044.11,DEPOT ROAD,Resale,Strata,Condominium,1.0,4.0,Rest of Central Region,23,7,11,15,0,99,2009,85,14,0.1414141414141414,1,0,0,3,-0.4999999999999998,-0.8660254037844388,1684726.9830892347
RIVERFRONT RESIDENCES,462.85,HOUGANG AVENUE 7,Sub Sale,Strata,Apartment,1.0,19.0,Outside Central Region,22,3,6,10,0,99,2018,95,4,0.04040404040404041,1,0,0,1,1.0,6.123233995736766e-17,701053.9011432645
MIDTOWN MODERN,721.19,TAN QUEE LAN STREET,New Sale,Strata,Apartment,1.0,7.0,Core Central Region,21,3,16,20,0,99,2019,97,2,0.020202020202020204,1,0,0,1,1.0,6.123233995736766e-17,1922719.438822364
JADESCAPE,1011.82,SHUNFU ROAD,Sub Sale,Strata,Condominium,1.0,20.0,Rest of Central Region,23,6,1,5,0,99,2018,94,5,0.050505050505050504,1,0,0,2,1.2246467991473532e-16,-1.0,2131420.3098579366
FERRARIA PARK CONDOMINIUM,1022.58,FLORA DRIVE,Resale,Strata,Condominium,1.0,17.0,Outside Central Region,22,2,6,10,1,9999,0,9999,0,0.0,0,0,0,1,0.8660254037844386,0.5000000000000001,1076560.4114405042
MAYFAIR GARDENS,592.02,RIFLE RANGE ROAD,New Sale,Strata,Condominium,1.0,21.0,Rest of Central Region,21,5,1,5,0,99,2018,96,3,0.030303030303030304,1,0,0,2,0.49999999999999994,-0.8660254037844387,1134896.068774572
THE VENUE RESIDENCES,839.59,TAI THONG CRESCENT,Resale,Strata,Apartment,1.0,13.0,Rest of Central Region,22,8,11,15,0,99,2012,89,10,0.10101010101010101,1,0,0,3,-0.8660254037844384,-0.5000000000000004,1431050.9051578217
MON JERVOIS,2325.02,JERVOIS ROAD,Resale,Strata,Condominium,1.0,10.0,Core Central Region,21,5,1,5,0,99,2012,90,9,0.09090909090909091,1,0,0,2,0.49999999999999994,-0.8660254037844387,3849527.9113905905
MEADOWS @ PEIRCE,2238.91,UPPER THOMSON ROAD,Resale,Strata,Condominium,1.0,26.0,Outside Central Region,20,9,1,5,1,9999,0,9999,0,0.0,0,0,0,3,-1.0,-1.8369701987210297e-16,2210435.7242166228
THE WATERLINE,882.65,POH HUAT ROAD WEST,Resale,Strata,Condominium,1.0,19.0,Outside Central Region,21,11,1,5,1,9999,0,9999,0,0.0,0,1,1,4,-0.5000000000000004,0.8660254037844384,1101292.3644180903
VIEW AT KISMIS,893.41,LORONG KISMIS,New Sale,Strata,Apartment,1.0,21.0,Rest of Central Region,20,12,1,5,0,99,2019,98,1,0.010101010101010102,1,0,0,4,-2.4492935982947064e-16,1.0,1503694.690652198
ECO,1033.34,BEDOK SOUTH AVENUE 3,Resale,Strata,Condominium,1.0,16.0,Outside Central Region,21,3,11,15,0,99,2012,90,9,0.09090909090909091,1,0,0,1,1.0,6.123233995736766e-17,1237631.7090406278
THE URBANITE,656.6,HERTFORD ROAD,Resale,Strata,Apartment,1.0,8.0,Rest of Central Region,23,3,1,5,1,9999,0,9999,0,0.0,0,0,0,1,1.0,6.123233995736766e-17,1057983.6058160434
THE INTERLACE,4251.78,DEPOT ROAD,Resale,Strata,Condominium,1.0,4.0,Rest of Central Region,21,3,6,10,0,99,2009,87,12,0.12121212121212122,1,0,0,1,1.0,6.123233995736766e-17,3832223.773641769
CENTRA STUDIOS,419.8,LORONG 25 GEYLANG,Resale,Strata,Apartment,1.0,14.0,Rest of Central Region,24,3,6,10,1,9999,0,9999,0,0.0,0,0,0,1,1.0,6.123233995736766e-17,711065.3224645703
THE GAZANIA,904.18,HOW SUN DRIVE,New Sale,Strata,Condominium,1.0,19.0,Outside Central Region,22,2,1,5,1,9999,0,9999,0,0.0,0,0,0,1,0.8660254037844386,0.5000000000000001,1925360.5760642542
KINGSFORD WATERBAY,850.36,UPPER SERANGOON VIEW,Resale,Strata,Apartment,1.0,19.0,Outside Central Region,23,12,11,15,0,99,2014,90,9,0.09090909090909091,1,0,0,4,-2.4492935982947064e-16,1.0,1235496.2958547836
TREASURE AT TAMPINES,1087.16,TAMPINES LANE,New Sale,Strata,Condominium,1.0,18.0,Outside Central Region,20,11,6,10,0,99,2018,97,2,0.020202020202020204,1,1,1,4,-0.5000000000000004,0.8660254037844384,1498479.6818917133
AVENUE SOUTH RESIDENCE,1668.42,SILAT AVENUE,Sub Sale,Strata,Apartment,1.0,3.0,Rest of Central Region,23,12,56,60,0,99,2018,94,5,0.050505050505050504,1,0,0,4,-2.4492935982947064e-16,1.0,3640265.956205548
THE TRE VER,495.14,POTONG PASIR AVENUE 1,New Sale,Strata,Condominium,1.0,13.0,Rest of Central Region,21,4,11,15,0,99,2018,96,3,0.030303030303030304,1,0,0,2,0.8660254037844387,-0.49999999999999983,863133.3516511217
TREASURE AT TAMPINES,462.85,TAMPINES LANE,Resale,Strata,Condominium,1.0,18.0,Outside Central Region,24,6,11,15,0,99,2018,93,6,0.06060606060606061,1,0,0,2,1.2246467991473532e-16,-1.0,823746.2684951432
THE MAKENA,1582.31,MEYER ROAD,Resale,Strata,Condominium,1.0,15.0,Rest of Central Region,21,8,1,5,1,9999,0,9999,0,0.0,0,0,0,3,-0.8660254037844384,-0.5000000000000004,2481796.4980390486
THE SIXTH AVENUE RESIDENCES,2604.89,SIXTH AVENUE,Resale,Strata,Condominium,1.0,10.0,Core Central Region,22,6,1,5,1,9999,0,9999,0,0.0,0,0,0,2,1.2246467991473532e-16,-1.0,4525094.792971208
JUNIPER HILL,699.66,EWE BOON ROAD,Resale,Strata,Apartment,1.0,10.0,Core Central Region,23,3,1,5,1,9999,0,9999,0,0.0,0,0,0,1,1.0,6.123233995736766e-17,1995335.2528034248
ONE HOLLAND VILLAGE RESIDENCES,484.38,HOLLAND VILLAGE WAY,New Sale,Strata,Apartment,1.0,10.0,Core Central Region,22,11,26,30,0,99,2018,95,4,0.04040404040404041,1,1,1,4,-0.5000000000000004,0.8660254037844384,1464956.4879181145
ALEX RESIDENCES,1044.11,ALEXANDRA VIEW,Resale,Strata,Apartment,1.0,3.0,Rest of Central Region,23,9,21,25,0,99,2013,89,10,0.10101010101010101,1,0,0,3,-1.0,-1.8369701987210297e-16,2406072.964168328
LIV @ MB,1119.46,ARTHUR ROAD,New Sale,Strata,Condominium,1.0,15.0,Rest of Central Region,22,5,11,15,0,99,2021,98,1,0.010101010101010102,1,0,0,2,0.49999999999999994,-0.8660254037844387,2628752.945664136
AMBER PARK,462.85,AMBER GARDENS,Sub Sale,Strata,Condominium,1.0,15.0,Rest of Central Region,24,4,11,15,1,9999,0,9999,0,0.0,0,0,0,2,0.8660254037844387,-0.49999999999999983,1339049.8232643942
THE RESERVE RESIDENCES,667.37,JALAN ANAK BUKIT,New Sale,Strata,Apartment,1.0,21.0,Rest of Central Region,23,5,21,25,0,99,2021,97,2,0.020202020202020204,1,0,0,2,0.49999999999999994,-0.8660254037844387,1762297.1419584546
QUEENS,914.94,STIRLING ROAD,Resale,Strata,Condominium,1.0,3.0,Rest of Central Region,21,9,36,40,0,99,1998,76,23,0.23232323232323232,2,0,0,3,-1.0,-1.8369701987210297e-16,1383765.6659680821
THE WOODLEIGH RESIDENCES,699.66,BIDADARI PARK DRIVE,New Sale,Strata,Apartment,1.0,13.0,Rest of Central Region,20,8,6,10,0,99,2017,96,3,0.030303030303030304,1,0,0,3,-0.8660254037844384,-0.5000000000000004,1314460.9685011895
THE CONTINUUM,1270.15,THIAM SIEW AVENUE,New Sale,Strata,Apartment,1.0,15.0,Rest of Central Region,24,11,6,10,1,9999,0,9999,0,0.0,0,1,1,4,-0.5000000000000004,0.8660254037844384,3567850.755141457
CAVENAGH COURT,1862.17,CAVENAGH ROAD,Resale,Strata,Apartment,1.0,9.0,Core Central Region,24,12,6,10,1,9999,0,9999,0,0.0,0,0,0,4,-2.4492935982947064e-16,1.0,3490448.4343271106
THE FLORENCE RESIDENCES,635.08,HOUGANG AVENUE 2,New Sale,Strata,Apartment,1.0,19.0,Outside Central Region,20,9,1,5,0,99,2018,97,2,0.020202020202020204,1,0,0,3,-1.0,-1.8369701987210297e-16,1005533.7545343564
THE GAZANIA,990.29,HOW SUN DRIVE,New Sale,Strata,Condominium,1.0,19.0,Outside Central Region,22,5,1,5,1,9999,0,9999,0,0.0,0,0,0,2,0.49999999999999994,-0.8660254037844387,2077254.7806107928
RIVER PLACE,785.77,HAVELOCK ROAD,Resale,Strata,Condominium,1.0,3.0,Rest of Central Region,21,12,1,5,0,99,1995,73,26,0.26262626262626265,2,0,0,4,-2.4492935982947064e-16,1.0,1233739.8975499442
CLAVON,678.13,CLEMENTI AVENUE 1,New Sale,Strata,Apartment,1.0,5.0,Outside Central Region,20,12,36,40,0,99,2019,98,1,0.010101010101010102,1,0,0,4,-2.4492935982947064e-16,1.0,1147092.8344614992
D'NEST,484.38,PASIR RIS GROVE,Resale,Strata,Condominium,1.0,18.0,Outside Central Region,22,5,11,15,0,99,2010,87,12,0.12121212121212122,1,0,0,2,0.49999999999999994,-0.8660254037844387,648615.4132309705
ORCHARD SCOTTS,2088.22,ANTHONY ROAD,Resale,Strata,Condominium,1.0,9.0,Core Central Region,21,7,11,15,0,99,2001,79,20,0.20202020202020202,2,0,0,3,-0.4999999999999998,-0.8660254037844388,3898346.486627123
LEEDON GREEN,958.0,LEEDON HEIGHTS,New Sale,Strata,Condominium,1.0,10.0,Core Central Region,21,7,6,10,1,9999,0,9999,0,0.0,0,0,0,3,-0.4999999999999998,-0.8660254037844388,2501947.7583776577
SIMS URBAN OASIS,785.77,SIMS DRIVE,Resale,Strata,Condominium,1.0,14.0,Rest of Central Region,21,11,11,15,0,99,2014,92,7,0.0707070707070707,1,1,1,4,-0.5000000000000004,0.8660254037844384,1222260.7935382926
REFLECTIONS AT KEPPEL BAY,947.23,KEPPEL BAY VIEW,Resale,Strata,Condominium,1.0,4.0,Rest of Central Region,23,2,21,25,0,99,2006,82,17,0.1717171717171717,1,0,0,1,0.8660254037844386,0.5000000000000001,1870568.9068043802
CHUAN PARK,699.66,LORONG CHUAN,New Sale,Strata,Condominium,1.0,19.0,Outside Central Region,24,11,6,10,0,99,2024,99,0,0.0,1,1,1,4,-0.5000000000000004,0.8660254037844384,1779981.0787190907
HAIG 162,355.21,HAIG ROAD,Resale,Strata,Apartment,1.0,15.0,Rest of Central Region,22,6,6,10,1,9999,0,9999,0,0.0,0,0,0,2,1.2246467991473532e-16,-1.0,618440.2492191773
THE RESERVE RESIDENCES,495.14,JALAN ANAK BUKIT,New Sale,Strata,Apartment,1.0,21.0,Rest of Central Region,23,5,11,15,0,99,2021,97,2,0.020202020202020204,1,0,0,2,0.49999999999999994,-0.8660254037844387,1284459.8698507836
PASIR RIS 8,1463.9,PASIR RIS DRIVE 8,New Sale,Strata,Apartment,1.0,18.0,Outside Central Region,21,7,6,10,0,99,2021,99,0,0.0,1,0,0,3,-0.4999999999999998,-0.8660254037844388,2289265.2569087655
CARIBBEAN AT KEPPEL BAY,2583.36,KEPPEL BAY DRIVE,Resale,Strata,Condominium,1.0,4.0,Rest of Central Region,20,11,6,10,0,99,1999,78,21,0.21212121212121213,2,1,1,4,-0.5000000000000004,0.8660254037844384,2918615.6696291165
QUEENS PEAK,936.47,DUNDEE ROAD,Resale,Strata,Condominium,1.0,3.0,Rest of Central Region,23,9,36,40,0,99,2015,91,8,0.08080808080808081,1,0,0,3,-1.0,-1.8369701987210297e-16,2029043.1800532478
BRADDELL VIEW,1700.71,BRADDELL HILL,Resale,Strata,Apartment,1.0,20.0,Rest of Central Region,22,7,6,10,0,102,1978,58,44,0.43137254901960786,3,0,0,3,-0.4999999999999998,-0.8660254037844388,1663461.363081769
REFLECTIONS AT KEPPEL BAY,1130.22,KEPPEL BAY VIEW,Resale,Strata,Condominium,1.0,4.0,Rest of Central Region,21,4,1,5,0,99,2006,84,15,0.15151515151515152,1,0,0,2,0.8660254037844387,-0.49999999999999983,1775532.884231826
AALTO,1959.05,MEYER ROAD,Resale,Strata,Condominium,1.0,15.0,Rest of Central Region,24,3,16,20,1,9999,0,9999,0,0.0,0,0,0,1,1.0,6.123233995736766e-17,4713768.562003284
KENT RIDGE HILL RESIDENCES,1786.82,SOUTH BUONA VISTA ROAD,New Sale,Strata,Apartment,1.0,5.0,Rest of Central Region,22,10,1,5,0,99,2018,95,4,0.04040404040404041,1,1,0,4,-0.8660254037844386,0.5000000000000001,3169735.262716589
CENTRO RESIDENCES,871.88,ANG MO KIO AVENUE 8,Resale,Strata,Condominium,1.0,20.0,Outside Central Region,21,8,6,10,0,99,2007,85,14,0.1414141414141414,1,0,0,3,-0.8660254037844384,-0.5000000000000004,1150472.440719831
GARDENVISTA,1162.51,DUNEARN ROAD,Resale,Strata,Condominium,1.0,21.0,Rest of Central Region,24,10,6,10,0,99,1999,74,25,0.25252525252525254,2,1,0,4,-0.8660254037844386,0.5000000000000001,2134237.5966484486
NORMANTON PARK,559.73,NORMANTON PARK,New Sale,Strata,Apartment,1.0,5.0,Rest of Central Region,21,7,16,20,0,99,2019,97,2,0.020202020202020204,1,0,0,3,-0.4999999999999998,-0.8660254037844388,1051874.4158008916
VILLA DE WEST,1905.23,PASIR PANJANG ROAD,Resale,Strata,Condominium,1.0,5.0,Rest of Central Region,20,8,1,5,1,9999,0,9999,0,0.0,0,0,0,3,-0.8660254037844384,-0.5000000000000004,1887592.1817278194
THE MINTON,2604.89,HOUGANG STREET 11,Resale,Strata,Condominium,1.0,19.0,Outside Central Region,21,10,1,5,0,99,2007,85,14,0.1414141414141414,1,1,0,4,-0.8660254037844386,0.5000000000000001,2472101.139198856
ONE SHENTON,581.26,SHENTON WAY,Resale,Strata,Apartment,1.0,1.0,Core Central Region,23,7,31,35,0,99,2005,81,18,0.18181818181818182,1,0,0,3,-0.4999999999999998,-0.8660254037844388,1119455.6218176587
EMERALD OF KATONG,1560.78,JALAN TEMBUSU,New Sale,Strata,Condominium,1.0,15.0,Rest of Central Region,24,11,6,10,0,99,2023,98,1,0.010101010101010102,1,1,1,4,-0.5000000000000004,0.8660254037844384,3824579.345257187
IRWELL HILL RESIDENCES,624.31,IRWELL HILL,New Sale,Strata,Apartment,1.0,9.0,Core Central Region,21,10,26,30,0,99,2020,98,1,0.010101010101010102,1,1,0,4,-0.8660254037844386,0.5000000000000001,1768632.1689852232
TREASURE AT TAMPINES,656.6,TAMPINES LANE,New Sale,Strata,Condominium,1.0,18.0,Outside Central Region,20,8,1,5,0,99,2018,97,2,0.020202020202020204,1,0,0,3,-0.8660254037844384,-0.5000000000000004,933602.4820334562
BOTANIQUE AT BARTLEY,721.19,UPPER PAYA LEBAR ROAD,Resale,Strata,Condominium,1.0,19.0,Outside Central Region,23,2,11,15,0,99,2014,90,9,0.09090909090909091,1,0,0,1,0.8660254037844386,0.5000000000000001,1315814.9773300258
RITZ MANSIONS,861.12,BALESTIER ROAD,Resale,Strata,Apartment,1.0,12.0,Rest of Central Region,22,7,6,10,1,9999,0,9999,0,0.0,0,0,0,3,-0.4999999999999998,-0.8660254037844388,1341813.9428014855
CENTRAL GREEN CONDOMINIUM,1528.49,JALAN MEMBINA,Resale,Strata,Condominium,1.0,3.0,Rest of Central Region,22,10,1,5,0,99,1992,69,30,0.30303030303030304,2,1,0,4,-0.8660254037844386,0.5000000000000001,2384889.1787071372
GUILLEMARD EDGE,441.32,LORONG 30 GEYLANG,Resale,Strata,Apartment,1.0,14.0,Rest of Central Region,24,6,6,10,1,9999,0,9999,0,0.0,0,0,0,2,1.2246467991473532e-16,-1.0,764855.1339837705
SHELFORD SUITES,3541.36,SHELFORD ROAD,Resale,Strata,Condominium,1.0,11.0,Core Central Region,22,12,1,5,1,9999,0,9999,0,0.0,0,0,0,4,-2.4492935982947064e-16,1.0,4739974.508045053
GRAND DUNMAN,775.01,DUNMAN ROAD,New Sale,Strata,Apartment,1.0,15.0,Rest of Central Region,23,7,6,10,0,99,2022,98,1,0.010101010101010102,1,0,0,3,-0.4999999999999998,-0.8660254037844388,1938555.9102289926
STELLAR RV,893.41,RIVER VALLEY ROAD,Resale,Strata,Apartment,1.0,10.0,Core Central Region,23,1,6,10,1,9999,0,9999,0,0.0,0,0,0,1,0.49999999999999994,0.8660254037844387,1479444.393623958
PENROSE,1065.64,SIMS DRIVE,Sub Sale,Strata,Apartment,1.0,14.0,Rest of Central Region,24,12,16,20,0,99,2019,94,5,0.050505050505050504,1,0,0,4,-2.4492935982947064e-16,1.0,2180836.939832678
SENGKANG GRAND RESIDENCES,936.47,COMPASSVALE BOW,Sub Sale,Strata,Apartment,1.0,19.0,Outside Central Region,24,7,1,5,0,99,2018,93,6,0.06060606060606061,1,0,0,3,-0.4999999999999998,-0.8660254037844388,1817671.4677132294
PULLMAN RESIDENCES NEWTON,667.37,DUNEARN ROAD,New Sale,Strata,Apartment,1.0,11.0,Core Central Region,20,8,6,10,1,9999,0,9999,0,0.0,0,0,0,3,-0.8660254037844384,-0.5000000000000004,1787929.57916775
LENTOR MANSION,656.6,LENTOR GARDENS,New Sale,Strata,Apartment,1.0,26.0,Outside Central Region,24,3,11,15,0,99,2023,98,1,0.010101010101010102,1,0,0,1,1.0,6.123233995736766e-17,1535210.2808275225
PENROSE,979.52,SIMS DRIVE,New Sale,Strata,Apartment,1.0,14.0,Rest of Central Region,20,12,6,10,0,99,2019,98,1,0.010101010101010102,1,0,0,4,-2.4492935982947064e-16,1.0,1542073.7476034623
CUSCADEN RESERVE,807.3,CUSCADEN ROAD,Resale,Strata,Condominium,1.0,10.0,Core Central Region,24,10,21,25,0,99,2018,93,6,0.06060606060606061,1,1,0,4,-0.8660254037844386,0.5000000000000001,2474974.286728057
PULLMAN RESIDENCES NEWTON,1162.51,DUNEARN ROAD,New Sale,Strata,Apartment,1.0,11.0,Core Central Region,23,3,21,25,1,9999,0,9999,0,0.0,0,0,0,1,1.0,6.123233995736766e-17,3537352.5903329086
PARC CENTROS,473.62,PUNGGOL CENTRAL,Resale,Strata,Condominium,1.0,19.0,Outside Central Region,22,4,1,5,0,99,2012,89,10,0.10101010101010101,1,0,0,2,0.8660254037844387,-0.49999999999999983,677006.2286582305
IRWELL HILL RESIDENCES,667.37,IRWELL HILL,New Sale,Strata,Apartment,1.0,9.0,Core Central Region,23,2,31,35,0,99,2020,96,3,0.030303030303030304,1,0,0,1,0.8660254037844386,0.5000000000000001,2017453.9527175324
SANDY PALM,1786.82,JALAN LOYANG BESAR,Resale,Strata,Condominium,1.0,17.0,Outside Central Region,21,1,1,5,0,99,1996,74,25,0.25252525252525254,2,0,0,1,0.49999999999999994,0.8660254037844387,1279449.7806894414
SEA ESTA,904.18,PASIR RIS LINK,Resale,Strata,Condominium,1.0,18.0,Outside Central Region,21,11,6,10,0,99,2012,90,9,0.09090909090909091,1,1,1,4,-0.5000000000000004,0.8660254037844384,969395.2677036594
ARCHIPELAGO,527.44,BEDOK RESERVOIR ROAD,Resale,Strata,Condominium,1.0,16.0,Outside Central Region,23,2,1,5,0,99,2011,87,12,0.12121212121212122,1,0,0,1,0.8660254037844386,0.5000000000000001,765251.120166958
PARC CLEMATIS,688.9,JALAN LEMPENG,Sub Sale,Strata,Apartment,1.0,5.0,Outside Central Region,24,10,6,10,0,99,2019,94,5,0.050505050505050504,1,1,0,4,-0.8660254037844386,0.5000000000000001,1380147.6513067998
THE ARCADY AT BOON KENG,968.76,SAINT BARNABAS LANE,New Sale,Strata,Apartment,1.0,12.0,Rest of Central Region,24,1,16,20,1,9999,0,9999,0,0.0,0,0,0,1,0.49999999999999994,0.8660254037844387,2384184.727024972
SYMPHONY SUITES,1022.58,YISHUN CLOSE,Resale,Strata,Condominium,1.0,27.0,Outside Central Region,21,3,11,15,0,99,2014,92,7,0.0707070707070707,1,0,0,1,1.0,6.123233995736766e-17,1031773.4245783461
THE RESERVE RESIDENCES,936.47,JALAN ANAK BUKIT,New Sale,Strata,Apartment,1.0,21.0,Rest of Central Region,23,5,11,15,0,99,2021,97,2,0.020202020202020204,1,0,0,2,0.49999999999999994,-0.8660254037844387,2261665.326740331
COUNTRY PARK CONDOMINIUM,1711.48,BEDOK ROAD,Resale,Strata,Condominium,1.0,16.0,Outside Central Region,24,11,1,5,1,9999,0,9999,0,0.0,0,1,1,4,-0.5000000000000004,0.8660254037844384,2576563.6286619464
SPOTTISWOODE SUITES,452.09,SPOTTISWOODE PARK ROAD,Resale,Strata,Apartment,1.0,2.0,Rest of Central Region,24,8,11,15,1,9999,0,9999,0,0.0,0,0,0,3,-0.8660254037844384,-0.5000000000000004,1049676.4984003538
CASABLANCA,1108.69,ROSEWOOD DRIVE,Resale,Strata,Condominium,1.0,25.0,Outside Central Region,21,3,11,15,0,99,2001,79,20,0.20202020202020202,2,0,0,1,1.0,6.123233995736766e-17,848148.0146171944
CHUAN PARK,731.95,LORONG CHUAN,New Sale,Strata,Condominium,1.0,19.0,Outside Central Region,24,11,11,15,0,99,2024,99,0,0.0,1,1,1,4,-0.5000000000000004,0.8660254037844384,1926087.051100573
THE CASCADIA,2820.17,BUKIT TIMAH ROAD,Resale,Strata,Condominium,1.0,21.0,Rest of Central Region,22,12,6,10,1,9999,0,9999,0,0.0,0,0,0,4,-2.4492935982947064e-16,1.0,4030934.9956685733
TEMBUSU GRAND,527.44,JALAN TEMBUSU,New Sale,Strata,Condominium,1.0,15.0,Rest of Central Region,23,5,16,20,0,99,2022,98,1,0.010101010101010102,1,0,0,2,0.49999999999999994,-0.8660254037844387,1372094.186038744
BALMORAL 8,1840.64,BALMORAL ROAD,Resale,Strata,Condominium,1.0,10.0,Core Central Region,21,4,6,10,1,9999,0,9999,0,0.0,0,0,0,2,0.8660254037844387,-0.49999999999999983,3519684.5864329147
CAIRNHILL PLAZA,2292.73,CAIRNHILL ROAD,Resale,Strata,Apartment,1.0,9.0,Core Central Region,23,7,26,30,1,9999,0,9999,0,0.0,0,0,0,3,-0.4999999999999998,-0.8660254037844388,5302214.912790373
REFLECTIONS AT KEPPEL BAY,1722.24,KEPPEL BAY VIEW,Resale,Strata,Condominium,1.0,4.0,Rest of Central Region,23,1,16,20,0,99,2006,82,17,0.1717171717171717,1,0,0,1,0.49999999999999994,0.8660254037844387,3131378.444115381
RIVIERE,818.06,JIAK KIM STREET,New Sale,Strata,Apartment,1.0,3.0,Rest of Central Region,20,9,6,10,0,99,2018,97,2,0.020202020202020204,1,0,0,3,-1.0,-1.8369701987210297e-16,2075521.8596687457
JERVOIS PRIVE,699.66,JERVOIS ROAD,New Sale,Strata,Apartment,1.0,10.0,Core Central Region,23,9,1,5,1,9999,0,9999,0,0.0,0,0,0,3,-1.0,-1.8369701987210297e-16,2058102.3267411215
KINGSFORD WATERBAY,688.9,UPPER SERANGOON VIEW,Resale,Strata,Apartment,1.0,19.0,Outside Central Region,22,6,11,15,0,99,2014,91,8,0.08080808080808081,1,0,0,2,1.2246467991473532e-16,-1.0,946154.1443886639
THE PALETTE,505.91,PASIR RIS GROVE,Resale,Strata,Condominium,1.0,18.0,Outside Central Region,21,8,11,15,0,99,2010,88,11,0.1111111111111111,1,0,0,3,-0.8660254037844384,-0.5000000000000004,660492.8057807352
DE CENTURION,570.49,TANJONG RHU ROAD,Resale,Strata,Apartment,1.0,15.0,Rest of Central Region,21,6,6,10,1,9999,0,9999,0,0.0,0,0,0,2,1.2246467991473532e-16,-1.0,903912.1635542347
THE INTERLACE,1463.9,DEPOT ROAD,Resale,Strata,Condominium,1.0,4.0,Rest of Central Region,22,5,6,10,0,99,2009,86,13,0.13131313131313133,1,0,0,2,0.49999999999999994,-0.8660254037844387,2285608.4015616807
YEWTEE RESIDENCES,1194.8,CHOA CHU KANG NORTH 6,Resale,Strata,Apartment,1.0,23.0,Outside Central Region,23,6,1,5,0,99,2006,82,17,0.1717171717171717,1,0,0,2,1.2246467991473532e-16,-1.0,1339599.3294843012
SYMPHONY HEIGHTS,968.76,HUME AVENUE,Resale,Strata,Condominium,1.0,21.0,Outside Central Region,24,6,6,10,1,9999,0,9999,0,0.0,0,0,0,2,1.2246467991473532e-16,-1.0,1660461.5782342101
PARC RIVIERA,1184.04,WEST COAST VALE,Resale,Strata,Condominium,1.0,5.0,Outside Central Region,21,7,11,15,0,99,2015,93,6,0.06060606060606061,1,0,0,3,-0.4999999999999998,-0.8660254037844388,1536105.0975409884
AVENUE SOUTH RESIDENCE,1108.69,SILAT AVENUE,Resale,Strata,Apartment,1.0,3.0,Rest of Central Region,24,12,41,45,0,99,2018,93,6,0.06060606060606061,1,0,0,4,-2.4492935982947064e-16,1.0,2465976.9465464144
KOVAN MELODY,1323.97,KOVAN ROAD,Resale,Strata,Condominium,1.0,19.0,Outside Central Region,22,9,11,15,0,99,2004,81,18,0.18181818181818182,1,0,0,3,-1.0,-1.8369701987210297e-16,1865399.2294157357
THE MADEIRA,1054.87,BUKIT BATOK STREET 31,Resale,Strata,Condominium,1.0,23.0,Outside Central Region,21,3,11,15,0,99,2000,78,21,0.21212121212121213,2,0,0,1,1.0,6.123233995736766e-17,967473.8828543322
IMPERIAL HEIGHTS,775.01,IPOH LANE,Resale,Strata,Apartment,1.0,15.0,Rest of Central Region,22,12,1,5,1,9999,0,9999,0,0.0,0,0,0,4,-2.4492935982947064e-16,1.0,1063219.3584501238
PERFECT TEN,753.48,BUKIT TIMAH ROAD,New Sale,Strata,Apartment,1.0,10.0,Core Central Region,21,12,16,20,1,9999,0,9999,0,0.0,0,0,0,4,-2.4492935982947064e-16,1.0,2470715.1169899204
ONE BERNAM,1420.85,BERNAM STREET,New Sale,Strata,Apartment,1.0,2.0,Core Central Region,24,4,16,20,0,99,2019,94,5,0.050505050505050504,1,0,0,2,0.8660254037844387,-0.49999999999999983,3607091.8968608635
RIVIERE,818.06,JIAK KIM STREET,New Sale,Strata,Apartment,1.0,3.0,Rest of Central Region,20,12,1,5,0,99,2018,97,2,0.020202020202020204,1,0,0,4,-2.4492935982947064e-16,1.0,2050103.062822137
GLENDALE PARK,1313.21,HILLVIEW AVENUE,Resale,Strata,Condominium,1.0,23.0,Outside Central Region,21,2,1,5,1,9999,0,9999,0,0.0,0,0,0,1,0.8660254037844386,0.5000000000000001,1574450.829398569
MOOI RESIDENCES,882.65,HOLLAND ROAD,New Sale,Strata,Apartment,1.0,10.0,Core Central Region,22,11,1,5,1,9999,0,9999,0,0.0,0,1,1,4,-0.5000000000000004,0.8660254037844384,2264379.752174374
THE WARREN,1237.86,CHOA CHU KANG LOOP,Resale,Strata,Condominium,1.0,23.0,Outside Central Region,21,4,6,10,0,99,2001,79,20,0.20202020202020202,2,0,0,2,0.8660254037844387,-0.49999999999999983,1083362.7691893494
FLORIDIAN,958.0,BUKIT TIMAH ROAD,Resale,Strata,Condominium,1.0,21.0,Rest of Central Region,22,10,6,10,1,9999,0,9999,0,0.0,0,1,0,4,-0.8660254037844386,0.5000000000000001,1970679.9402394432
THOMSON THREE,731.95,BRIGHT HILL DRIVE,Resale,Strata,Apartment,1.0,20.0,Rest of Central Region,23,9,6,10,0,99,2012,88,11,0.1111111111111111,1,0,0,3,-1.0,-1.8369701987210297e-16,1416758.7693598196
THE LINCOLN MODERN,1410.08,LINCOLN ROAD,Resale,Strata,Apartment,1.0,11.0,Core Central Region,23,11,21,25,1,9999,0,9999,0,0.0,0,1,1,4,-0.5000000000000004,0.8660254037844384,2924767.9538769936
SAM KIANG MANSIONS,1205.57,ST. THOMAS WALK,Resale,Strata,Apartment,1.0,9.0,Core Central Region,21,12,16,20,1,9999,0,9999,0,0.0,0,0,0,4,-2.4492935982947064e-16,1.0,2376623.6495037195
D'LEEDON,2454.19,LEEDON HEIGHTS,Resale,Strata,Condominium,1.0,10.0,Core Central Region,21,6,11,15,0,99,2010,88,11,0.1111111111111111,1,0,0,2,1.2246467991473532e-16,-1.0,4084148.7638162225
PULLMAN RESIDENCES NEWTON,1162.51,DUNEARN ROAD,New Sale,Strata,Apartment,1.0,11.0,Core Central Region,20,11,1,5,1,9999,0,9999,0,0.0,0,1,1,4,-0.5000000000000004,0.8660254037844384,2918960.4319720217
INTERNATIONAL PLAZA,1033.34,ANSON ROAD,Resale,Strata,Apartment,1.0,2.0,Core Central Region,21,5,36,40,0,99,1970,48,51,0.5151515151515151,3,0,0,2,0.49999999999999994,-0.8660254037844387,1359292.5264478945
PARC ESTA,527.44,SIMS AVENUE,Sub Sale,Strata,Apartment,1.0,14.0,Rest of Central Region,22,8,1,5,0,99,2018,95,4,0.04040404040404041,1,0,0,3,-0.8660254037844384,-0.5000000000000004,1074903.7268753985
THE HYDE,775.01,BALMORAL ROAD,New Sale,Strata,Condominium,1.0,10.0,Core Central Region,21,1,1,5,1,9999,0,9999,0,0.0,0,0,0,1,0.49999999999999994,0.8660254037844387,2190708.256802796
THE WARREN,1065.64,CHOA CHU KANG LOOP,Resale,Strata,Condominium,1.0,23.0,Outside Central Region,21,12,1,5,0,99,2001,79,20,0.20202020202020202,2,0,0,4,-2.4492935982947064e-16,1.0,997402.0980790426
PARC KOMO,764.24,UPPER CHANGI ROAD NORTH,New Sale,Strata,Apartment,1.0,17.0,Outside Central Region,21,7,1,5,1,9999,0,9999,0,0.0,0,0,0,3,-0.4999999999999998,-0.8660254037844388,1191230.6445367471
SKT MANSIONS,1011.82,LORONG 25 GEYLANG,Resale,Strata,Apartment,1.0,14.0,Rest of Central Region,22,4,6,10,1,9999,0,9999,0,0.0,0,0,0,2,0.8660254037844387,-0.49999999999999983,1297942.2947036496
PARC ROSEWOOD,548.96,ROSEWOOD DRIVE,Resale,Strata,Condominium,1.0,25.0,Outside Central Region,21,8,1,5,0,99,2011,89,10,0.10101010101010101,1,0,0,3,-0.8660254037844384,-0.5000000000000004,600502.0865629364
THE COMMODORE,1270.15,CANBERRA DRIVE,New Sale,Strata,Condominium,1.0,27.0,Outside Central Region,22,4,1,5,0,99,2020,97,2,0.020202020202020204,1,0,0,2,0.8660254037844387,-0.49999999999999983,1853751.540097289
THE JOVELL,667.37,FLORA DRIVE,New Sale,Strata,Condominium,1.0,17.0,Outside Central Region,21,10,6,10,0,99,2018,96,3,0.030303030303030304,1,1,0,4,-0.8660254037844386,0.5000000000000001,973555.7524710714
THOMSON THREE,1485.43,BRIGHT HILL DRIVE,Resale,Strata,Apartment,1.0,20.0,Rest of Central Region,24,3,1,5,0,99,2012,87,12,0.12121212121212122,1,0,0,1,1.0,6.123233995736766e-17,2397074.1138040167
AMO RESIDENCE,678.13,ANG MO KIO RISE,New Sale,Strata,Apartment,1.0,20.0,Outside Central Region,22,7,1,5,0,99,2021,98,1,0.010101010101010102,1,0,0,3,-0.4999999999999998,-0.8660254037844388,1374639.7657979634
BOTANIQUE AT BARTLEY,925.7,UPPER PAYA LEBAR ROAD,Sub Sale,Strata,Condominium,1.0,19.0,Outside Central Region,20,9,11,15,0,99,2014,93,6,0.06060606060606061,1,0,0,3,-1.0,-1.8369701987210297e-16,1399280.1124173403
THE RESERVE RESIDENCES,1313.21,JALAN ANAK BUKIT,New Sale,Strata,Apartment,1.0,21.0,Rest of Central Region,23,10,6,10,0,99,2021,97,2,0.020202020202020204,1,1,0,4,-0.8660254037844386,0.5000000000000001,3190148.781528287
HILLTOPS,2378.84,CAIRNHILL CIRCLE,Resale,Strata,Condominium,1.0,9.0,Core Central Region,20,10,6,10,1,9999,0,9999,0,0.0,0,1,0,4,-0.8660254037844386,0.5000000000000001,7405805.146604658
RIVERGATE,1797.59,ROBERTSON QUAY,Resale,Strata,Apartment,1.0,9.0,Core Central Region,24,1,6,10,1,9999,0,9999,0,0.0,0,0,0,1,0.49999999999999994,0.8660254037844387,4605353.9314752035
THE TENNERY,613.55,WOODLANDS ROAD,Resale,Strata,Apartment,1.0,23.0,Outside Central Region,21,1,16,20,0,99,2010,88,11,0.1111111111111111,1,0,0,1,0.49999999999999994,0.8660254037844387,708756.0985357967
VAN HOLLAND,495.14,HOLLAND ROAD,New Sale,Strata,Condominium,1.0,10.0,Core Central Region,22,9,1,5,1,9999,0,9999,0,0.0,0,0,0,3,-1.0,-1.8369701987210297e-16,1433952.7949850936
AMO RESIDENCE,1291.68,ANG MO KIO RISE,New Sale,Strata,Apartment,1.0,20.0,Outside Central Region,22,7,11,15,0,99,2021,98,1,0.010101010101010102,1,0,0,3,-0.4999999999999998,-0.8660254037844388,2682154.5311320857
ENVIO,731.95,JOO CHIAT PLACE,Resale,Strata,Apartment,1.0,15.0,Outside Central Region,23,8,1,5,1,9999,0,9999,0,0.0,0,0,0,3,-0.8660254037844384,-0.5000000000000004,1241985.7559149093
38 I SUITES,667.37,IPOH LANE,Resale,Strata,Apartment,1.0,15.0,Rest of Central Region,23,8,11,15,1,9999,0,9999,0,0.0,0,0,0,3,-0.8660254037844384,-0.5000000000000004,1150802.5733985878
SHELFORD SUITES,1367.03,SHELFORD ROAD,Resale,Strata,Condominium,1.0,11.0,Core Central Region,22,4,1,5,1,9999,0,9999,0,0.0,0,0,0,2,0.8660254037844387,-0.49999999999999983,2429386.66859188
THE ALPS RESIDENCES,1065.64,TAMPINES STREET 86,Sub Sale,Strata,Condominium,1.0,18.0,Outside Central Region,21,7,1,5,0,99,2015,93,6,0.06060606060606061,1,0,0,3,-0.4999999999999998,-0.8660254037844388,1348859.5698547869
SEASIDE RESIDENCES,505.91,SIGLAP LINK,Sub Sale,Strata,Apartment,1.0,15.0,Outside Central Region,21,4,6,10,0,99,2016,94,5,0.050505050505050504,1,0,0,2,0.8660254037844387,-0.49999999999999983,1014753.5602214504
NORMANTON PARK,1108.69,NORMANTON PARK,New Sale,Strata,Apartment,1.0,5.0,Rest of Central Region,22,3,21,25,0,99,2019,96,3,0.030303030303030304,1,0,0,1,1.0,6.123233995736766e-17,2127733.416023716
RIVERSOUND RESIDENCE,753.48,SENGKANG EAST AVENUE,Resale,Strata,Condominium,1.0,19.0,Outside Central Region,22,3,1,5,0,99,2011,88,11,0.1111111111111111,1,0,0,1,1.0,6.123233995736766e-17,898939.3765699678
ATRIUM RESIDENCES,1227.1,LORONG 28 GEYLANG,Resale,Strata,Apartment,1.0,14.0,Rest of Central Region,24,4,1,5,1,9999,0,9999,0,0.0,0,0,0,2,0.8660254037844387,-0.49999999999999983,1423946.1574304106
THE PARC CONDOMINIUM,1420.85,WEST COAST WALK,Resale,Strata,Condominium,1.0,5.0,Outside Central Region,21,10,6,10,1,9999,0,9999,0,0.0,0,1,0,4,-0.8660254037844386,0.5000000000000001,2073670.8009762636
THE GARDEN RESIDENCES,968.76,SERANGOON NORTH VIEW,Resale,Strata,Apartment,1.0,19.0,Outside Central Region,23,10,1,5,0,99,2017,93,6,0.06060606060606061,1,1,0,4,-0.8660254037844386,0.5000000000000001,1604342.397977389
SUNSHINE RESIDENCE,968.76,LORONG K TELOK KURAU,Resale,Strata,Apartment,1.0,15.0,Outside Central Region,22,5,1,5,1,9999,0,9999,0,0.0,0,0,0,2,0.49999999999999994,-0.8660254037844387,1253034.6154027032
DAINTREE RESIDENCE,1119.46,TOH TUCK ROAD,New Sale,Strata,Condominium,1.0,21.0,Rest of Central Region,21,2,1,5,0,99,2017,95,4,0.04040404040404041,1,0,0,1,0.8660254037844386,0.5000000000000001,1876922.0838905815
BURLINGTON SQUARE,936.47,BENCOOLEN STREET,Resale,Strata,Apartment,1.0,7.0,Rest of Central Region,21,6,6,10,0,99,1996,74,25,0.25252525252525254,2,0,0,2,1.2246467991473532e-16,-1.0,1197859.131293548
CAMELOT BY-THE-WATER,3035.45,TANJONG RHU ROAD,Resale,Strata,Condominium,1.0,15.0,Rest of Central Region,21,8,1,5,0,99,1996,74,25,0.25252525252525254,2,0,0,3,-0.8660254037844384,-0.5000000000000004,4371571.346499101
MEYER BLUE,710.42,MEYER ROAD,New Sale,Strata,Apartment,1.0,15.0,Rest of Central Region,24,10,21,25,1,9999,0,9999,0,0.0,0,1,0,4,-0.8660254037844386,0.5000000000000001,2413985.073729038
KI RESIDENCES AT BROOKVALE,1259.39,BROOKVALE DRIVE,New Sale,Strata,Condominium,1.0,21.0,Outside Central Region,20,12,1,5,0,999,1885,864,135,0.13513513513513514,1,0,0,4,-2.4492935982947064e-16,1.0,2287993.7815120947
THE JOVELL,1270.15,FLORA DRIVE,New Sale,Strata,Condominium,1.0,17.0,Outside Central Region,20,8,6,10,0,99,2018,97,2,0.020202020202020204,1,0,0,3,-0.8660254037844384,-0.5000000000000004,1530405.0206582015
RV SUITES,602.78,RIVER VALLEY ROAD,Resale,Strata,Apartment,1.0,10.0,Core Central Region,21,2,1,5,1,9999,0,9999,0,0.0,0,0,0,1,0.8660254037844386,0.5000000000000001,1002781.8143182703
THE SIXTH AVENUE RESIDENCES,1636.13,SIXTH AVENUE,Resale,Strata,Condominium,1.0,10.0,Core Central Region,24,10,1,5,1,9999,0,9999,0,0.0,0,1,0,4,-0.8660254037844386,0.5000000000000001,3164682.945831456
KI RESIDENCES AT BROOKVALE,753.48,BROOKVALE DRIVE,New Sale,Strata,Condominium,1.0,21.0,Outside Central Region,21,3,6,10,0,999,1885,863,136,0.13613613613613615,1,0,0,1,1.0,6.123233995736766e-17,1368718.2923937212
THE SIXTH AVENUE RESIDENCES,1291.68,SIXTH AVENUE,Resale,Strata,Condominium,1.0,10.0,Core Central Region,21,1,1,5,1,9999,0,9999,0,0.0,0,0,0,1,0.49999999999999994,0.8660254037844387,2308509.636385218
RESIDENTIAL APARTMENTS,387.5,OUTRAM ROAD,Resale,Strata,Apartment,1.0,3.0,Rest of Central Region,22,3,1,5,1,9999,0,9999,0,0.0,0,0,0,1,1.0,6.123233995736766e-17,1003230.8754769316
THE RESIDENCES AT W SINGAPORE SENTOSA COVE,1259.39,OCEAN WAY,Resale,Strata,Condominium,1.0,4.0,Core Central Region,24,5,1,5,0,99,2006,81,18,0.18181818181818182,1,0,0,2,0.49999999999999994,-0.8660254037844387,2255802.8613934633
ONE BERNAM,731.95,BERNAM STREET,New Sale,Strata,Apartment,1.0,2.0,Core Central Region,22,5,6,10,0,99,2019,96,3,0.030303030303030304,1,0,0,2,0.49999999999999994,-0.8660254037844387,1783689.4549819808
CARDIFF RESIDENCE,1130.22,CARDIFF GROVE,Resale,Strata,Condominium,1.0,19.0,Outside Central Region,22,8,1,5,0,99,2011,88,11,0.1111111111111111,1,0,0,3,-0.8660254037844384,-0.5000000000000004,1231107.1957761776
SENGKANG GRAND RESIDENCES,678.13,COMPASSVALE BOW,New Sale,Strata,Apartment,1.0,19.0,Outside Central Region,21,6,11,15,0,99,2018,96,3,0.030303030303030304,1,0,0,2,1.2246467991473532e-16,-1.0,1185620.159235284
PRIMEDGE,527.44,LORONG 34 GEYLANG,Resale,Strata,Apartment,1.0,14.0,Rest of Central Region,21,10,6,10,1,9999,0,9999,0,0.0,0,1,0,4,-0.8660254037844386,0.5000000000000001,813467.4748663101
ESPADA,355.21,ST. THOMAS WALK,Resale,Strata,Apartment,1.0,9.0,Core Central Region,21,3,11,15,1,9999,0,9999,0,0.0,0,0,0,1,1.0,6.123233995736766e-17,947244.3345655242
THE RICHMOND,1582.31,ST. MICHAEL'S ROAD,Resale,Strata,Apartment,1.0,12.0,Rest of Central Region,22,12,6,10,1,9999,0,9999,0,0.0,0,0,0,4,-2.4492935982947064e-16,1.0,2082837.6231019874
UNION SQUARE RESIDENCES,721.19,HAVELOCK ROAD,New Sale,Strata,Apartment,1.0,1.0,Rest of Central Region,24,11,6,10,0,99,2024,99,0,0.0,1,1,1,4,-0.5000000000000004,0.8660254037844384,2159488.4603773244
ECO,979.52,BEDOK SOUTH AVENUE 3,Resale,Strata,Condominium,1.0,16.0,Outside Central Region,21,2,11,15,0,99,2012,90,9,0.09090909090909091,1,0,0,1,0.8660254037844386,0.5000000000000001,1102138.813528718
THE CASCADIA,1237.86,BUKIT TIMAH ROAD,Resale,Strata,Condominium,1.0,21.0,Rest of Central Region,20,8,6,10,1,9999,0,9999,0,0.0,0,0,0,3,-0.8660254037844384,-0.5000000000000004,2097549.5041248207
THE HYDE,678.13,BALMORAL ROAD,New Sale,Strata,Condominium,1.0,10.0,Core Central Region,21,12,11,15,1,9999,0,9999,0,0.0,0,0,0,4,-2.4492935982947064e-16,1.0,2064287.1392856135
PARK NATURA,1743.77,BUKIT BATOK EAST AVENUE 6,Resale,Strata,Condominium,1.0,23.0,Rest of Central Region,21,12,1,5,1,9999,0,9999,0,0.0,0,0,0,4,-2.4492935982947064e-16,1.0,2325400.479718618
SCENECA RESIDENCE,764.24,TANAH MERAH KECHIL LINK,New Sale,Strata,Apartment,1.0,16.0,Outside Central Region,23,1,11,15,0,99,2021,97,2,0.020202020202020204,1,0,0,1,0.49999999999999994,0.8660254037844387,1585830.1733997948
SORA,731.95,YUAN CHING ROAD,New Sale,Strata,Apartment,1.0,22.0,Outside Central Region,24,7,1,5,0,99,2023,98,1,0.010101010101010102,1,0,0,3,-0.4999999999999998,-0.8660254037844388,1533288.3301318062
VUE 8 RESIDENCE,1033.34,PASIR RIS HEIGHTS,Resale,Strata,Condominium,1.0,18.0,Outside Central Region,24,9,11,15,0,99,2012,87,12,0.12121212121212122,1,0,0,3,-1.0,-1.8369701987210297e-16,1559401.8887307176
VACANZA @ EAST,1022.58,LENGKONG TUJOH,Resale,Strata,Condominium,1.0,14.0,Outside Central Region,24,2,6,10,1,9999,0,9999,0,0.0,0,0,0,1,0.8660254037844386,0.5000000000000001,1541671.569354861
SKY VUE,1140.98,BISHAN STREET 15,Resale,Strata,Condominium,1.0,20.0,Rest of Central Region,23,5,26,30,0,99,2013,89,10,0.10101010101010101,1,0,0,2,0.49999999999999994,-0.8660254037844387,2380227.879328261
ONE PEARL BANK,893.41,PEARL BANK,New Sale,Strata,Apartment,1.0,3.0,Rest of Central Region,22,7,31,35,0,99,2019,96,3,0.030303030303030304,1,0,0,3,-0.4999999999999998,-0.8660254037844388,2210394.7380104107
THE BENTLY RESIDENCES@KOVAN,1022.58,KOVAN ROAD,Resale,Strata,Apartment,1.0,19.0,Outside Central Region,21,3,1,5,1,9999,0,9999,0,0.0,0,0,0,1,1.0,6.123233995736766e-17,1215252.7183235867
ROBIN RESIDENCES,710.42,ROBIN DRIVE,Resale,Strata,Condominium,1.0,10.0,Core Central Region,22,10,1,5,1,9999,0,9999,0,0.0,0,1,0,4,-0.8660254037844386,0.5000000000000001,1546807.8539548272
AMO RESIDENCE,742.72,ANG MO KIO RISE,New Sale,Strata,Apartment,1.0,20.0,Outside Central Region,22,7,16,20,0,99,2021,98,1,0.010101010101010102,1,0,0,3,-0.4999999999999998,-0.8660254037844388,1618782.3497537102
PARC ESTA,699.66,SIMS AVENUE,Sub Sale,Strata,Apartment,1.0,14.0,Rest of Central Region,22,8,6,10,0,99,2018,95,4,0.04040404040404041,1,0,0,3,-0.8660254037844384,-0.5000000000000004,1441952.8610177874
THE WHARF RESIDENCE,4133.38,TONG WATT ROAD,Resale,Strata,Condominium,1.0,9.0,Core Central Region,21,8,6,10,0,999,1841,819,180,0.18018018018018017,1,0,0,3,-0.8660254037844384,-0.5000000000000004,6941882.289849952
GRANGE 1866,1011.82,GRANGE ROAD,New Sale,Strata,Apartment,1.0,10.0,Core Central Region,24,9,16,20,1,9999,0,9999,0,0.0,0,0,0,3,-1.0,-1.8369701987210297e-16,3097848.326568398
PASIR RIS 8,538.2,PASIR RIS DRIVE 8,New Sale,Strata,Apartment,1.0,18.0,Outside Central Region,21,7,6,10,0,99,2021,99,0,0.0,1,0,0,3,-0.4999999999999998,-0.8660254037844388,931093.4655211981
TEMBUSU GRAND,1173.28,JALAN TEMBUSU,New Sale,Strata,Condominium,1.0,15.0,Rest of Central Region,24,9,6,10,0,99,2022,97,2,0.020202020202020204,1,0,0,3,-1.0,-1.8369701987210297e-16,2836927.891622471
ROBERTSON 100,1173.28,ROBERTSON QUAY,Resale,Strata,Apartment,1.0,9.0,Core Central Region,22,10,6,10,1,9999,0,9999,0,0.0,0,1,0,4,-0.8660254037844386,0.5000000000000001,2468654.565419165
SANCTUARY GREEN,1399.32,TANJONG RHU ROAD,Resale,Strata,Condominium,1.0,15.0,Rest of Central Region,21,9,1,5,0,99,1997,75,24,0.24242424242424243,2,0,0,3,-1.0,-1.8369701987210297e-16,1765105.0092978168
QUEENS PEAK,495.14,DUNDEE ROAD,Resale,Strata,Condominium,1.0,3.0,Rest of Central Region,24,2,11,15,0,99,2015,90,9,0.09090909090909091,1,0,0,1,0.8660254037844386,0.5000000000000001,981875.2040662691
THE POIZ RESIDENCES,419.8,MEYAPPA CHETTIAR ROAD,Resale,Strata,Apartment,1.0,13.0,Rest of Central Region,20,12,16,20,0,99,2014,93,6,0.06060606060606061,1,0,0,4,-2.4492935982947064e-16,1.0,726475.7399634222
VERTICUS,635.08,JALAN KEMAMAN,New Sale,Strata,Apartment,1.0,12.0,Rest of Central Region,20,11,6,10,1,9999,0,9999,0,0.0,0,1,1,4,-0.5000000000000004,0.8660254037844384,1197452.19288264
28 RC SUITES,430.56,RACE COURSE LANE,Resale,Strata,Apartment,1.0,8.0,Rest of Central Region,24,12,6,10,1,9999,0,9999,0,0.0,0,0,0,4,-2.4492935982947064e-16,1.0,782962.8631109789
ZEDGE,495.14,AKYAB ROAD,Resale,Strata,Apartment,1.0,11.0,Core Central Region,24,1,6,10,1,9999,0,9999,0,0.0,0,0,0,1,0.49999999999999994,0.8660254037844387,901049.8525731881
THE RESIDENCES AT W SINGAPORE SENTOSA COVE,3347.6,OCEAN WAY,Resale,Strata,Condominium,1.0,4.0,Core Central Region,24,5,6,10,0,99,2006,81,18,0.18181818181818182,1,0,0,2,0.49999999999999994,-0.8660254037844387,6034974.0737482775
WATERTOWN,592.02,PUNGGOL CENTRAL,Resale,Strata,Apartment,1.0,19.0,Outside Central Region,22,10,1,5,0,99,2011,88,11,0.1111111111111111,1,1,0,4,-0.8660254037844386,0.5000000000000001,858109.0499770324
THE WATERSIDE,2411.14,TANJONG RHU ROAD,Resale,Strata,Condominium,1.0,15.0,Rest of Central Region,20,9,11,15,1,9999,0,9999,0,0.0,0,0,0,3,-1.0,-1.8369701987210297e-16,3917836.473171034
REFLECTIONS AT KEPPEL BAY,1140.98,KEPPEL BAY VIEW,Resale,Strata,Condominium,1.0,4.0,Rest of Central Region,23,3,31,35,0,99,2006,82,17,0.1717171717171717,1,0,0,1,1.0,6.123233995736766e-17,2312212.257070533
NORMANTON PARK,764.24,NORMANTON PARK,New Sale,Strata,Apartment,1.0,5.0,Rest of Central Region,21,1,6,10,0,99,2019,97,2,0.020202020202020204,1,0,0,1,0.49999999999999994,0.8660254037844387,1338033.0481950152
PICCADILLY GRAND,1076.4,NORTHUMBERLAND ROAD,New Sale,Strata,Apartment,1.0,8.0,Rest of Central Region,22,5,16,20,0,99,2021,98,1,0.010101010101010102,1,0,0,2,0.49999999999999994,-0.8660254037844387,2294375.403326247
CASA AL MARE,775.01,JALAN LOYANG BESAR,New Sale,Strata,Apartment,1.0,17.0,Outside Central Region,21,5,1,5,1,9999,0,9999,0,0.0,0,0,0,2,0.49999999999999994,-0.8660254037844387,1241688.3765999358
AVENUE SOUTH RESIDENCE,688.9,SILAT AVENUE,New Sale,Strata,Apartment,1.0,3.0,Rest of Central Region,21,9,41,45,0,99,2018,96,3,0.030303030303030304,1,0,0,3,-1.0,-1.8369701987210297e-16,1585988.846136911
CANAAN,775.01,MATTAR ROAD,Resale,Strata,Apartment,1.0,14.0,Rest of Central Region,24,9,1,5,1,9999,0,9999,0,0.0,0,0,0,3,-1.0,-1.8369701987210297e-16,1472870.5542675564
BEACON HEIGHTS,893.41,MAR THOMA ROAD,Resale,Strata,Condominium,1.0,12.0,Rest of Central Region,20,8,6,10,0,999,1882,861,138,0.13813813813813813,1,0,0,3,-0.8660254037844384,-0.5000000000000004,1009852.8817224997
SOHO 188,462.85,RACE COURSE ROAD,Resale,Strata,Apartment,1.0,8.0,Rest of Central Region,21,1,1,5,1,9999,0,9999,0,0.0,0,0,0,1,0.49999999999999994,0.8660254037844387,664109.7611161286
THE LINQ @ BEAUTY WORLD,548.96,UPPER BUKIT TIMAH ROAD,New Sale,Strata,Apartment,1.0,21.0,Rest of Central Region,20,11,11,15,1,9999,0,9999,0,0.0,0,1,1,4,-0.5000000000000004,0.8660254037844384,1230732.9821225663
ALTEZ,527.44,ENGGOR STREET,Resale,Strata,Apartment,1.0,2.0,Core Central Region,21,2,11,15,0,99,2008,86,13,0.13131313131313133,1,0,0,1,0.8660254037844386,0.5000000000000001,1035543.4515320909
J'DEN,1184.04,JURONG EAST CENTRAL 1,New Sale,Strata,Apartment,1.0,22.0,Outside Central Region,23,11,16,20,0,99,2023,99,0,0.0,1,1,1,4,-0.5000000000000004,0.8660254037844384,2811093.8513528393
CASHEW PARK CONDOMINIUM,1367.03,CASHEW ROAD,Resale,Strata,Condominium,1.0,23.0,Outside Central Region,23,10,1,5,0,999,1882,858,141,0.14114114114114115,1,1,0,4,-0.8660254037844386,0.5000000000000001,1936810.634746052
FORTUNE PARK,979.52,TAMPINES ROAD,Resale,Strata,Condominium,1.0,19.0,Outside Central Region,24,2,6,10,1,9999,0,9999,0,0.0,0,0,0,1,0.8660254037844386,0.5000000000000001,1466648.901110756
EMERALD PARK,1173.28,INDUS ROAD,Resale,Strata,Condominium,1.0,3.0,Rest of Central Region,20,11,6,10,0,99,1991,70,29,0.29292929292929293,2,1,1,4,-0.5000000000000004,0.8660254037844384,1441633.5272947699
SOLEIL @ SINARAN,958.0,SINARAN DRIVE,Resale,Strata,Condominium,1.0,11.0,Core Central Region,21,8,16,20,0,99,2006,84,15,0.15151515151515152,1,0,0,3,-0.8660254037844384,-0.5000000000000004,1754724.3139493605
LE MARICAN,570.49,LORONG MARICAN,Resale,Strata,Apartment,1.0,14.0,Outside Central Region,22,4,1,5,1,9999,0,9999,0,0.0,0,0,0,2,0.8660254037844387,-0.49999999999999983,796715.2004898813
THE GAZANIA,635.08,HOW SUN DRIVE,New Sale,Strata,Condominium,1.0,19.0,Outside Central Region,22,5,1,5,1,9999,0,9999,0,0.0,0,0,0,2,0.49999999999999994,-0.8660254037844387,1423941.257748978
PENROSE,645.84,SIMS DRIVE,New Sale,Strata,Apartment,1.0,14.0,Rest of Central Region,20,9,11,15,0,99,2019,98,1,0.010101010101010102,1,0,0,3,-1.0,-1.8369701987210297e-16,1040347.6290826062
BEACON HEIGHTS,667.37,MAR THOMA ROAD,Resale,Strata,Condominium,1.0,12.0,Rest of Central Region,20,12,11,15,0,999,1882,861,138,0.13813813813813813,1,0,0,4,-2.4492935982947064e-16,1.0,862656.1304006418
NORMANTON PARK,1065.64,NORMANTON PARK,New Sale,Strata,Apartment,1.0,5.0,Rest of Central Region,21,9,16,20,0,99,2019,97,2,0.020202020202020204,1,0,0,3,-1.0,-1.8369701987210297e-16,1918166.0571781697
FOURTH AVENUE RESIDENCES,1474.67,FOURTH AVENUE,Sub Sale,Strata,Apartment,1.0,10.0,Core Central Region,23,2,1,5,0,99,2018,94,5,0.050505050505050504,1,0,0,1,0.8660254037844386,0.5000000000000001,3778672.67542867
YISHUN SAPPHIRE,1377.79,CANBERRA DRIVE,Resale,Strata,Condominium,1.0,27.0,Outside Central Region,20,12,11,15,0,99,1998,77,22,0.2222222222222222,2,0,0,4,-2.4492935982947064e-16,1.0,1097809.4942025945
STIRLING RESIDENCES,688.9,STIRLING ROAD,Sub Sale,Strata,Apartment,1.0,3.0,Rest of Central Region,22,11,11,15,0,99,2017,94,5,0.050505050505050504,1,1,1,4,-0.5000000000000004,0.8660254037844384,1494896.6855832774
FOREST WOODS,721.19,LORONG LEW LIAN,Sub Sale,Strata,Condominium,1.0,19.0,Outside Central Region,21,4,6,10,0,99,2016,94,5,0.050505050505050504,1,0,0,2,0.8660254037844387,-0.49999999999999983,1163852.8657379616
ARCHIPELAGO,839.59,BEDOK RESERVOIR ROAD,Resale,Strata,Condominium,1.0,16.0,Outside Central Region,20,12,1,5,0,99,2011,90,9,0.09090909090909091,1,0,0,4,-2.4492935982947064e-16,1.0,944888.3102452385
CASPIAN,1603.84,LAKESIDE DRIVE,Resale,Strata,Condominium,1.0,22.0,Outside Central Region,22,3,6,10,0,99,2008,85,14,0.1414141414141414,1,0,0,1,1.0,6.123233995736766e-17,1901503.2198723147
DRAYCOTT EIGHT,1173.28,DRAYCOTT PARK,Resale,Strata,Condominium,1.0,10.0,Core Central Region,21,12,1,5,0,99,1997,75,24,0.24242424242424243,2,0,0,4,-2.4492935982947064e-16,1.0,2282482.582507862
NORMANTON PARK,1087.16,NORMANTON PARK,New Sale,Strata,Apartment,1.0,5.0,Rest of Central Region,22,5,21,25,0,99,2019,96,3,0.030303030303030304,1,0,0,2,0.49999999999999994,-0.8660254037844387,2097385.750346088
MIDTOWN MODERN,409.03,TAN QUEE LAN STREET,New Sale,Strata,Apartment,1.0,7.0,Core Central Region,21,3,16,20,0,99,2019,97,2,0.020202020202020204,1,0,0,1,1.0,6.123233995736766e-17,1285183.3438465667
JUNIPER HILL,1108.69,EWE BOON ROAD,New Sale,Strata,Apartment,1.0,10.0,Core Central Region,21,12,6,10,1,9999,0,9999,0,0.0,0,0,0,4,-2.4492935982947064e-16,1.0,3213632.973223209
BEDOK RESIDENCES,516.67,BEDOK NORTH DRIVE,Resale,Strata,Apartment,1.0,16.0,Outside Central Region,22,4,11,15,0,99,2011,88,11,0.1111111111111111,1,0,0,2,0.8660254037844387,-0.49999999999999983,884137.2179474145
ATRIUM RESIDENCES,1001.05,LORONG 28 GEYLANG,Resale,Strata,Apartment,1.0,14.0,Rest of Central Region,21,9,6,10,1,9999,0,9999,0,0.0,0,0,0,3,-1.0,-1.8369701987210297e-16,1124923.055667447
HUNDRED TREES,914.94,WEST COAST DRIVE,Resale,Strata,Condominium,1.0,5.0,Outside Central Region,21,9,6,10,0,956,1928,863,93,0.09728033472803348,1,0,0,3,-1.0,-1.8369701987210297e-16,1242539.31670898
ROBERTSON EDGE,398.27,TONG WATT ROAD,Resale,Strata,Apartment,1.0,9.0,Core Central Region,23,4,6,10,0,999,1841,817,182,0.18218218218218218,1,0,0,2,0.8660254037844387,-0.49999999999999983,814725.8857208232
CHUAN PARK,936.47,LORONG CHUAN,New Sale,Strata,Condominium,1.0,19.0,Outside Central Region,24,11,11,15,0,99,2024,99,0,0.0,1,1,1,4,-0.5000000000000004,0.8660254037844384,2440494.8870671
MAYSPRINGS,1550.02,PETIR ROAD,Resale,Strata,Apartment,1.0,23.0,Outside Central Region,22,7,21,25,0,99,1994,71,28,0.2828282828282828,2,0,0,3,-0.4999999999999998,-0.8660254037844388,1489793.2564813078
NORWOOD GRAND,904.18,CHAMPIONS WAY,New Sale,Strata,Apartment,1.0,25.0,Outside Central Region,24,10,6,10,0,99,2023,98,1,0.010101010101010102,1,1,0,4,-0.8660254037844386,0.5000000000000001,1901150.3937038556
MIDTOWN MODERN,1065.64,TAN QUEE LAN STREET,New Sale,Strata,Apartment,1.0,7.0,Core Central Region,21,3,21,25,0,99,2019,97,2,0.020202020202020204,1,0,0,1,1.0,6.123233995736766e-17,2815401.8746963046
RIPPLE BAY,764.24,PASIR RIS LINK,Resale,Strata,Condominium,1.0,18.0,Outside Central Region,21,6,1,5,0,99,2011,89,10,0.10101010101010101,1,0,0,2,1.2246467991473532e-16,-1.0,819572.1595692136
AMBER PARK,484.38,AMBER GARDENS,New Sale,Strata,Condominium,1.0,15.0,Rest of Central Region,20,10,1,5,1,9999,0,9999,0,0.0,0,1,0,4,-0.8660254037844386,0.5000000000000001,1164346.6500607172
MIDTOWN MODERN,409.03,TAN QUEE LAN STREET,New Sale,Strata,Apartment,1.0,7.0,Core Central Region,23,4,26,30,0,99,2019,95,4,0.04040404040404041,1,0,0,2,0.8660254037844387,-0.49999999999999983,1544662.9925887808
THE JOVELL,667.37,FLORA DRIVE,New Sale,Strata,Condominium,1.0,17.0,Outside Central Region,21,9,1,5,0,99,2018,96,3,0.030303030303030304,1,0,0,3,-1.0,-1.8369701987210297e-16,944563.1125421067
PARC ROSEWOOD,581.26,ROSEWOOD DRIVE,Resale,Strata,Condominium,1.0,25.0,Outside Central Region,23,8,1,5,0,99,2011,87,12,0.12121212121212122,1,0,0,3,-0.8660254037844384,-0.5000000000000004,761592.7330692314
WATERTOWN,570.49,PUNGGOL CENTRAL,Resale,Strata,Apartment,1.0,19.0,Outside Central Region,22,8,6,10,0,99,2011,88,11,0.1111111111111111,1,0,0,3,-0.8660254037844384,-0.5000000000000004,872678.2825085893
PEOPLE'S PARK COMPLEX,1119.46,PARK ROAD,Resale,Strata,Apartment,1.0,1.0,Rest of Central Region,24,5,16,20,0,99,1968,43,56,0.5656565656565656,3,0,0,2,0.49999999999999994,-0.8660254037844387,1090284.7560811017
PATERSON RESIDENCE,2012.87,PATERSON ROAD,Resale,Strata,Condominium,1.0,9.0,Core Central Region,21,3,21,25,1,9999,0,9999,0,0.0,0,0,0,1,1.0,6.123233995736766e-17,5424024.511926203
THE GARDEN RESIDENCES,452.09,SERANGOON NORTH VIEW,Resale,Strata,Apartment,1.0,19.0,Outside Central Region,23,6,6,10,0,99,2017,93,6,0.06060606060606061,1,0,0,2,1.2246467991473532e-16,-1.0,788312.766473917
CENTRAL VIEW,1216.33,HOUGANG STREET 11,Resale,Strata,Condominium,1.0,19.0,Outside Central Region,24,9,6,10,0,99,1998,73,26,0.26262626262626265,2,0,0,3,-1.0,-1.8369701987210297e-16,1711082.851043273
PARC CLEMATIS,452.09,JALAN LEMPENG,New Sale,Strata,Apartment,1.0,5.0,Outside Central Region,20,9,6,10,0,99,2019,98,1,0.010101010101010102,1,0,0,3,-1.0,-1.8369701987210297e-16,836825.7144493157
JERVOIS MANSION,495.14,JERVOIS CLOSE,New Sale,Strata,Apartment,1.0,10.0,Core Central Region,21,10,1,5,1,9999,0,9999,0,0.0,0,1,0,4,-0.8660254037844386,0.5000000000000001,1299984.7929652645
PEOPLE'S PARK COMPLEX,409.03,PARK ROAD,Resale,Strata,Apartment,1.0,1.0,Rest of Central Region,21,6,11,15,0,99,1968,46,53,0.5353535353535354,3,0,0,2,1.2246467991473532e-16,-1.0,518390.54245663976
THE LANDMARK,1140.98,CHIN SWEE ROAD,New Sale,Strata,Condominium,1.0,3.0,Rest of Central Region,24,1,21,25,0,99,2020,95,4,0.04040404040404041,1,0,0,1,0.49999999999999994,0.8660254037844387,2947317.6713657095
HAIG COURT,1442.38,HAIG ROAD,Resale,Strata,Condominium,1.0,15.0,Rest of Central Region,21,9,11,15,1,9999,0,9999,0,0.0,0,0,0,3,-1.0,-1.8369701987210297e-16,2429665.5152661307
PULLMAN RESIDENCES NEWTON,1162.51,DUNEARN ROAD,New Sale,Strata,Apartment,1.0,11.0,Core Central Region,23,2,16,20,1,9999,0,9999,0,0.0,0,0,0,1,0.8660254037844386,0.5000000000000001,3421358.503572836
LEEDON GREEN,710.42,LEEDON HEIGHTS,New Sale,Strata,Condominium,1.0,10.0,Core Central Region,21,3,6,10,1,9999,0,9999,0,0.0,0,0,0,1,1.0,6.123233995736766e-17,1801366.2633367465
THE CREST,1915.99,PRINCE CHARLES CRESCENT,Resale,Strata,Condominium,1.0,3.0,Rest of Central Region,24,7,11,15,0,99,2012,87,12,0.12121212121212122,1,0,0,3,-0.4999999999999998,-0.8660254037844388,3645838.8838354195
CASA MERAH,979.52,TANAH MERAH KECHIL AVENUE,Resale,Strata,Apartment,1.0,16.0,Outside Central Region,23,5,1,5,0,99,2006,82,17,0.1717171717171717,1,0,0,2,0.49999999999999994,-0.8660254037844387,1274018.284634975
SENGKANG GRAND RESIDENCES,473.62,COMPASSVALE BOW,Sub Sale,Strata,Apartment,1.0,19.0,Outside Central Region,24,8,6,10,0,99,2018,93,6,0.06060606060606061,1,0,0,3,-0.8660254037844384,-0.5000000000000004,937959.7754896102
THE CLEMENT CANOPY,656.6,CLEMENTI AVENUE 1,Resale,Strata,Apartment,1.0,5.0,Outside Central Region,22,4,26,30,0,99,2016,93,6,0.06060606060606061,1,0,0,2,0.8660254037844387,-0.49999999999999983,1137160.879291195
BARTLEY RESIDENCES,925.7,LORONG HOW SUN,Resale,Strata,Apartment,1.0,19.0,Outside Central Region,24,5,1,5,0,99,2011,86,13,0.13131313131313133,1,0,0,2,0.49999999999999994,-0.8660254037844387,1536546.203317352
BARTLEY RESIDENCES,1377.79,LORONG HOW SUN,Resale,Strata,Apartment,1.0,19.0,Outside Central Region,22,6,6,10,0,99,2011,88,11,0.1111111111111111,1,0,0,2,1.2246467991473532e-16,-1.0,1832535.1850102644
THE WATERSIDE,2411.14,TANJONG RHU ROAD,Resale,Strata,Condominium,1.0,15.0,Rest of Central Region,22,4,6,10,1,9999,0,9999,0,0.0,0,0,0,2,0.8660254037844387,-0.49999999999999983,4342008.506313432
ISUITES @ MARSHALL,592.02,MARSHALL ROAD,Resale,Strata,Apartment,1.0,15.0,Rest of Central Region,24,10,1,5,1,9999,0,9999,0,0.0,0,1,0,4,-0.8660254037844386,0.5000000000000001,934888.7192955207
MARGARET VILLE,1184.04,MARGARET DRIVE,Resale,Strata,Apartment,1.0,3.0,Rest of Central Region,23,12,26,30,0,99,2017,93,6,0.06060606060606061,1,0,0,4,-2.4492935982947064e-16,1.0,2593039.0500734774
FERRARIA PARK CONDOMINIUM,1302.44,FLORA DRIVE,Resale,Strata,Condominium,1.0,17.0,Outside Central Region,23,7,1,5,1,9999,0,9999,0,0.0,0,0,0,3,-0.4999999999999998,-0.8660254037844388,1498818.3499685987
THE INTERWEAVE,387.5,KIM KEAT ROAD,Resale,Strata,Apartment,1.0,12.0,Rest of Central Region,22,4,11,15,1,9999,0,9999,0,0.0,0,0,0,2,0.8660254037844387,-0.49999999999999983,624949.4269883013
PEAK RESIDENCE,807.3,THOMSON ROAD,New Sale,Strata,Condominium,1.0,11.0,Core Central Region,23,3,1,5,1,9999,0,9999,0,0.0,0,0,0,1,1.0,6.123233995736766e-17,1982050.8779395483
NORWOOD GRAND,710.42,CHAMPIONS WAY,New Sale,Strata,Apartment,1.0,25.0,Outside Central Region,24,10,6,10,0,99,2023,98,1,0.010101010101010102,1,1,0,4,-0.8660254037844386,0.5000000000000001,1526712.1957354865
NORMANTON PARK,731.95,NORMANTON PARK,New Sale,Strata,Apartment,1.0,5.0,Rest of Central Region,21,1,16,20,0,99,2019,97,2,0.020202020202020204,1,0,0,1,0.49999999999999994,0.8660254037844387,1316162.5231950374
WEST BAY CONDOMINIUM,1216.33,WEST COAST CRESCENT,Resale,Strata,Condominium,1.0,5.0,Outside Central Region,21,11,1,5,0,99,1991,69,30,0.30303030303030304,2,1,1,4,-0.5000000000000004,0.8660254037844384,1165023.305895057
KI RESIDENCES AT BROOKVALE,753.48,BROOKVALE DRIVE,New Sale,Strata,Condominium,1.0,21.0,Outside Central Region,21,9,1,5,0,999,1885,863,136,0.13613613613613615,1,0,0,3,-1.0,-1.8369701987210297e-16,1405390.37420041
10 EVELYN,753.48,EVELYN ROAD,New Sale,Strata,Apartment,1.0,11.0,Core Central Region,23,8,1,5,1,9999,0,9999,0,0.0,0,0,0,3,-0.8660254037844384,-0.5000000000000004,1965699.1614994095
INFINI AT EAST COAST,1248.62,EAST COAST ROAD,New Sale,Strata,Apartment,1.0,15.0,Outside Central Region,21,9,1,5,1,9999,0,9999,0,0.0,0,0,0,3,-1.0,-1.8369701987210297e-16,2341809.243690487
THE BAYSHORE,936.47,BAYSHORE ROAD,Resale,Strata,Condominium,1.0,16.0,Outside Central Region,23,9,6,10,0,99,1993,69,30,0.30303030303030304,2,0,0,3,-1.0,-1.8369701987210297e-16,1181585.666774587
KOPAR AT NEWTON,516.67,MAKEWAY AVENUE,New Sale,Strata,Apartment,1.0,9.0,Core Central Region,22,8,16,20,0,99,2019,96,3,0.030303030303030304,1,0,0,3,-0.8660254037844384,-0.5000000000000004,1385999.7831709334
PENROSE,1173.28,SIMS DRIVE,New Sale,Strata,Apartment,1.0,14.0,Rest of Central Region,21,11,6,10,0,99,2019,97,2,0.020202020202020204,1,1,1,4,-0.5000000000000004,0.8660254037844384,1929238.3473272093
RIVERFRONT RESIDENCES,516.67,HOUGANG AVENUE 7,Sub Sale,Strata,Apartment,1.0,19.0,Outside Central Region,23,7,6,10,0,99,2018,94,5,0.050505050505050504,1,0,0,3,-0.4999999999999998,-0.8660254037844388,822861.5535905394
SCENECA RESIDENCE,764.24,TANAH MERAH KECHIL LINK,New Sale,Strata,Apartment,1.0,16.0,Outside Central Region,23,1,6,10,0,99,2021,97,2,0.020202020202020204,1,0,0,1,0.49999999999999994,0.8660254037844387,1570066.8984462407
AFFINITY AT SERANGOON,473.62,SERANGOON NORTH AVENUE 1,Sub Sale,Strata,Apartment,1.0,19.0,Outside Central Region,23,9,1,5,0,99,2018,94,5,0.050505050505050504,1,0,0,3,-1.0,-1.8369701987210297e-16,794407.1050643743
ONE HOLLAND VILLAGE RESIDENCES,1280.92,HOLLAND VILLAGE WAY,New Sale,Strata,Apartment,1.0,10.0,Core Central Region,23,6,21,25,0,99,2018,94,5,0.050505050505050504,1,0,0,2,1.2246467991473532e-16,-1.0,3965472.5667225337
HIGH PARK RESIDENCES,667.37,FERNVALE ROAD,Resale,Strata,Apartment,1.0,28.0,Outside Central Region,24,7,16,20,0,99,2014,89,10,0.10101010101010101,1,0,0,3,-0.4999999999999998,-0.8660254037844388,1029877.2229152048
SKY HABITAT,1862.17,BISHAN STREET 15,Resale,Strata,Condominium,1.0,20.0,Rest of Central Region,23,12,26,30,0,99,2011,87,12,0.12121212121212122,1,0,0,4,-2.4492935982947064e-16,1.0,3330140.3243869925
LENTOR HILLS RESIDENCES,958.0,LENTOR HILLS ROAD,New Sale,Strata,Apartment,1.0,26.0,Outside Central Region,24,3,16,20,0,99,2022,97,2,0.020202020202020204,1,0,0,1,1.0,6.123233995736766e-17,2134554.2627492617
RIVERFRONT RESIDENCES,1485.43,HOUGANG AVENUE 7,New Sale,Strata,Apartment,1.0,19.0,Outside Central Region,21,3,6,10,0,99,2018,96,3,0.030303030303030304,1,0,0,1,1.0,6.123233995736766e-17,2068523.2838835726
CASA SARINA,1108.69,LORONG SARINA,Resale,Strata,Condominium,1.0,14.0,Outside Central Region,21,7,1,5,1,9999,0,9999,0,0.0,0,0,0,3,-0.4999999999999998,-0.8660254037844388,1243127.3015166637
KOVAN REGENCY,505.91,KOVAN RISE,Resale,Strata,Condominium,1.0,19.0,Outside Central Region,23,3,6,10,0,99,2012,88,11,0.1111111111111111,1,0,0,1,1.0,6.123233995736766e-17,883983.4451910879
GRAND DUNMAN,1119.46,DUNMAN ROAD,New Sale,Strata,Apartment,1.0,15.0,Rest of Central Region,23,7,11,15,0,99,2022,98,1,0.010101010101010102,1,0,0,3,-0.4999999999999998,-0.8660254037844388,2850065.279470606
KOVAN MELODY,904.18,KOVAN ROAD,Resale,Strata,Condominium,1.0,19.0,Outside Central Region,23,12,6,10,0,99,2004,80,19,0.1919191919191919,1,0,0,4,-2.4492935982947064e-16,1.0,1450893.6629375794
BARTLEY RIDGE,462.85,MOUNT VERNON ROAD,Resale,Strata,Condominium,1.0,13.0,Rest of Central Region,20,10,6,10,0,99,2012,91,8,0.08080808080808081,1,1,0,4,-0.8660254037844386,0.5000000000000001,690986.4362492479
HAIG COURT,1399.32,HAIG ROAD,Resale,Strata,Condominium,1.0,15.0,Rest of Central Region,23,7,1,5,1,9999,0,9999,0,0.0,0,0,0,3,-0.4999999999999998,-0.8660254037844388,2239429.635556733
THE WOODLEIGH RESIDENCES,958.0,BIDADARI PARK DRIVE,New Sale,Strata,Apartment,1.0,13.0,Rest of Central Region,20,11,6,10,0,99,2017,96,3,0.030303030303030304,1,1,1,4,-0.5000000000000004,0.8660254037844384,1951910.4120918664
NIN RESIDENCE,850.36,PHENG GECK AVENUE,Resale,Strata,Apartment,1.0,13.0,Rest of Central Region,22,1,11,15,0,99,2010,87,12,0.12121212121212122,1,0,0,1,0.49999999999999994,0.8660254037844387,1200458.7766717551
CENTRAL GREEN CONDOMINIUM,1291.68,JALAN MEMBINA,Resale,Strata,Condominium,1.0,3.0,Rest of Central Region,24,8,6,10,0,99,1992,67,32,0.32323232323232326,2,0,0,3,-0.8660254037844384,-0.5000000000000004,2315375.013816297
PENROSE,979.52,SIMS DRIVE,New Sale,Strata,Apartment,1.0,14.0,Rest of Central Region,21,6,16,20,0,99,2019,97,2,0.020202020202020204,1,0,0,2,1.2246467991473532e-16,-1.0,1700095.7576373138
HOLLAND PEAK,592.02,HOLLAND HILL,Resale,Strata,Condominium,1.0,10.0,Core Central Region,22,4,1,5,1,9999,0,9999,0,0.0,0,0,0,2,0.8660254037844387,-0.49999999999999983,1129656.3018435189
ARENA RESIDENCES,807.3,GUILLEMARD CRESCENT,New Sale,Strata,Apartment,1.0,14.0,Rest of Central Region,20,11,1,5,1,9999,0,9999,0,0.0,0,1,1,4,-0.5000000000000004,0.8660254037844384,1441795.596012218
FORETT@BUKIT TIMAH,947.23,TOH TUCK ROAD,New Sale,Strata,Apartment,1.0,21.0,Rest of Central Region,21,2,1,5,1,9999,0,9999,0,0.0,0,0,0,1,0.8660254037844386,0.5000000000000001,1822412.805923972
KOPAR AT NEWTON,1528.49,MAKEWAY AVENUE,New Sale,Strata,Apartment,1.0,9.0,Core Central Region,22,9,11,15,0,99,2019,96,3,0.030303030303030304,1,0,0,3,-1.0,-1.8369701987210297e-16,3757771.7512165103
RIO VISTA,1248.62,UPPER SERANGOON VIEW,Resale,Strata,Condominium,1.0,19.0,Outside Central Region,20,12,6,10,0,99,2001,80,19,0.1919191919191919,1,0,0,4,-2.4492935982947064e-16,1.0,1019199.3929016438
REGENT HEIGHTS,1022.58,BUKIT BATOK EAST AVENUE 5,Resale,Strata,Condominium,1.0,23.0,Outside Central Region,22,12,16,20,0,99,1995,72,27,0.2727272727272727,2,0,0,4,-2.4492935982947064e-16,1.0,958144.5606649877
CAVENAGH GARDENS,1162.51,CAVENAGH ROAD,Resale,Strata,Apartment,1.0,9.0,Core Central Region,24,11,1,5,1,9999,0,9999,0,0.0,0,1,1,4,-0.5000000000000004,0.8660254037844384,1977414.8772978496
THE SAIL @ MARINA BAY,861.12,MARINA BOULEVARD,Resale,Strata,Apartment,1.0,1.0,Core Central Region,24,2,21,25,0,99,2002,77,22,0.2222222222222222,2,0,0,1,0.8660254037844386,0.5000000000000001,1710053.5857272341
CASABLANCA,1130.22,ROSEWOOD DRIVE,Resale,Strata,Condominium,1.0,25.0,Outside Central Region,23,4,1,5,0,99,2001,77,22,0.2222222222222222,2,0,0,2,0.8660254037844387,-0.49999999999999983,1116317.6208946889
PARC OLYMPIA,495.14,FLORA DRIVE,Resale,Strata,Condominium,1.0,17.0,Outside Central Region,21,9,6,10,0,99,2012,90,9,0.09090909090909091,1,0,0,3,-1.0,-1.8369701987210297e-16,570964.5233873909
ASTON MANSIONS,1140.98,LORONG 42 GEYLANG,Resale,Strata,Apartment,1.0,14.0,Rest of Central Region,21,9,6,10,0,99,1995,73,26,0.26262626262626265,2,0,0,3,-1.0,-1.8369701987210297e-16,1230950.387799344
QUEENS PEAK,947.23,DUNDEE ROAD,Resale,Strata,Condominium,1.0,3.0,Rest of Central Region,23,5,11,15,0,99,2015,91,8,0.08080808080808081,1,0,0,2,0.49999999999999994,-0.8660254037844387,1768874.9507249868
LA FLEUR,419.8,LORONG 26 GEYLANG,Resale,Strata,Apartment,1.0,14.0,Rest of Central Region,22,9,6,10,1,9999,0,9999,0,0.0,0,0,0,3,-1.0,-1.8369701987210297e-16,597958.870223521
CLAVON,958.0,CLEMENTI AVENUE 1,Sub Sale,Strata,Apartment,1.0,5.0,Outside Central Region,24,9,6,10,0,99,2019,94,5,0.050505050505050504,1,0,0,3,-1.0,-1.8369701987210297e-16,1928730.6901813946
SIN MING PLAZA,1506.96,SIN MING ROAD,Resale,Strata,Apartment,1.0,20.0,Rest of Central Region,24,10,1,5,1,9999,0,9999,0,0.0,0,1,0,4,-0.8660254037844386,0.5000000000000001,2140323.2265775665
WATER PLACE,1216.33,TANJONG RHU ROAD,Resale,Strata,Condominium,1.0,15.0,Rest of Central Region,22,12,6,10,0,99,1998,75,24,0.24242424242424243,2,0,0,4,-2.4492935982947064e-16,1.0,1970792.723811272
THE CENTRIS,1302.44,JURONG WEST CENTRAL 3,Resale,Strata,Apartment,1.0,22.0,Outside Central Region,21,3,6,10,0,99,2006,84,15,0.15151515151515152,1,0,0,1,1.0,6.123233995736766e-17,1447133.8169386897
CLAVON,764.24,CLEMENTI AVENUE 1,New Sale,Strata,Apartment,1.0,5.0,Outside Central Region,20,12,21,25,0,99,2019,98,1,0.010101010101010102,1,0,0,4,-2.4492935982947064e-16,1.0,1262119.3433054637
THE GARDEN RESIDENCES,1119.46,SERANGOON NORTH VIEW,New Sale,Strata,Apartment,1.0,19.0,Outside Central Region,20,9,6,10,0,99,2017,96,3,0.030303030303030304,1,0,0,3,-1.0,-1.8369701987210297e-16,1762376.8024071201
THE LAKEGARDEN RESIDENCES,925.7,YUAN CHING ROAD,New Sale,Strata,Apartment,1.0,22.0,Outside Central Region,24,9,1,5,0,99,2023,98,1,0.010101010101010102,1,0,0,3,-1.0,-1.8369701987210297e-16,1941527.5236569028
CANNINGHILL PIERS,828.83,CLARKE QUAY,New Sale,Strata,Apartment,1.0,6.0,Rest of Central Region,21,11,26,30,0,99,2021,99,0,0.0,1,1,1,4,-0.5000000000000004,0.8660254037844384,2397069.006439481
EMERALD OF KATONG,624.31,JALAN TEMBUSU,New Sale,Strata,Condominium,1.0,15.0,Rest of Central Region,24,11,1,5,0,99,2023,98,1,0.010101010101010102,1,1,1,4,-0.5000000000000004,0.8660254037844384,1628232.579182802
YONG SIAK VIEW,990.29,YONG SIAK STREET,Resale,Strata,Apartment,1.0,3.0,Rest of Central Region,20,8,1,5,1,9999,0,9999,0,0.0,0,0,0,3,-0.8660254037844384,-0.5000000000000004,1451454.942596981
PARK PLACE RESIDENCES AT PLQ,1162.51,PAYA LEBAR ROAD,Resale,Strata,Apartment,1.0,14.0,Rest of Central Region,23,5,16,20,0,99,2015,91,8,0.08080808080808081,1,0,0,2,0.49999999999999994,-0.8660254037844387,1980104.8000891036
TERRA HILL,1087.16,YEW SIANG ROAD,New Sale,Strata,Apartment,1.0,5.0,Rest of Central Region,23,2,1,5,1,9999,0,9999,0,0.0,0,0,0,1,0.8660254037844386,0.5000000000000001,2821683.638974014
FORETT@BUKIT TIMAH,968.76,TOH TUCK ROAD,New Sale,Strata,Apartment,1.0,21.0,Rest of Central Region,20,8,6,10,1,9999,0,9999,0,0.0,0,0,0,3,-0.8660254037844384,-0.5000000000000004,1857367.2632877063
MIDTOWN BAY,409.03,BEACH ROAD,New Sale,Strata,Apartment,1.0,7.0,Core Central Region,24,3,16,20,0,99,2018,93,6,0.06060606060606061,1,0,0,1,1.0,6.123233995736766e-17,1553576.4874766208
THE TRILINQ,893.41,JALAN LEMPENG,Resale,Strata,Condominium,1.0,5.0,Outside Central Region,22,8,1,5,0,99,2012,89,10,0.10101010101010101,1,0,0,3,-0.8660254037844384,-0.5000000000000004,1279337.1048798177
SERAYA RESIDENCES,1227.1,SERAYA LANE,New Sale,Strata,Apartment,1.0,15.0,Rest of Central Region,20,9,1,5,1,9999,0,9999,0,0.0,0,0,0,3,-1.0,-1.8369701987210297e-16,2173219.5757151833
SYMPHONY HEIGHTS,958.0,HUME AVENUE,Resale,Strata,Condominium,1.0,21.0,Outside Central Region,22,8,6,10,1,9999,0,9999,0,0.0,0,0,0,3,-0.8660254037844384,-0.5000000000000004,1477105.9262952846
MEADOWLODGE,1205.57,CHUN TIN ROAD,Resale,Strata,Condominium,1.0,21.0,Rest of Central Region,22,7,1,5,0,99,1997,74,25,0.25252525252525254,2,0,0,3,-0.4999999999999998,-0.8660254037844388,1728592.5838779025
PASIR RIS 8,1302.44,PASIR RIS DRIVE 8,New Sale,Strata,Apartment,1.0,18.0,Outside Central Region,21,7,6,10,0,99,2021,99,0,0.0,1,0,0,3,-0.4999999999999998,-0.8660254037844388,2028169.0109966702
KI RESIDENCES AT BROOKVALE,861.12,BROOKVALE DRIVE,New Sale,Strata,Condominium,1.0,21.0,Outside Central Region,21,1,1,5,0,999,1885,863,136,0.13613613613613615,1,0,0,1,0.49999999999999994,0.8660254037844387,1511590.832926095
WHISTLER GRAND,613.55,WEST COAST VALE,New Sale,Strata,Apartment,1.0,5.0,Outside Central Region,20,8,26,30,0,99,2018,97,2,0.020202020202020204,1,0,0,3,-0.8660254037844384,-0.5000000000000004,969020.0911427732
CUSCADEN RESERVE,699.66,CUSCADEN ROAD,Resale,Strata,Condominium,1.0,10.0,Core Central Region,24,3,6,10,0,99,2018,93,6,0.06060606060606061,1,0,0,1,1.0,6.123233995736766e-17,2018872.8069394638
LOFT @ NATHAN,452.09,NATHAN ROAD,Resale,Strata,Apartment,1.0,10.0,Core Central Region,22,9,1,5,1,9999,0,9999,0,0.0,0,0,0,3,-1.0,-1.8369701987210297e-16,875958.751272066
JADESCAPE,764.24,SHUNFU ROAD,Sub Sale,Strata,Condominium,1.0,20.0,Rest of Central Region,22,3,11,15,0,99,2018,95,4,0.04040404040404041,1,0,0,1,1.0,6.123233995736766e-17,1467414.4348258239
THE RESERVE RESIDENCES,1044.11,JALAN ANAK BUKIT,New Sale,Strata,Apartment,1.0,21.0,Rest of Central Region,23,5,11,15,0,99,2021,97,2,0.020202020202020204,1,0,0,2,0.49999999999999994,-0.8660254037844387,2526981.615130887
SUNSHINE RESIDENCE,958.0,LORONG K TELOK KURAU,Resale,Strata,Apartment,1.0,15.0,Outside Central Region,22,9,1,5,1,9999,0,9999,0,0.0,0,0,0,3,-1.0,-1.8369701987210297e-16,1284357.94398766
THE RESERVE RESIDENCES,613.55,JALAN ANAK BUKIT,New Sale,Strata,Apartment,1.0,21.0,Rest of Central Region,23,5,11,15,0,99,2021,97,2,0.020202020202020204,1,0,0,2,0.49999999999999994,-0.8660254037844387,1487180.2511877047
TREASURE AT TAMPINES,1323.97,TAMPINES LANE,Resale,Strata,Condominium,1.0,18.0,Outside Central Region,24,7,6,10,0,99,2018,93,6,0.06060606060606061,1,0,0,3,-0.4999999999999998,-0.8660254037844388,2186730.1099439426
THOMSON THREE,710.42,BRIGHT HILL DRIVE,Resale,Strata,Apartment,1.0,20.0,Rest of Central Region,21,7,16,20,0,99,2012,90,9,0.09090909090909091,1,0,0,3,-0.4999999999999998,-0.8660254037844388,1218738.5242800673
ROBIN SUITES,462.85,ROBIN ROAD,Resale,Strata,Apartment,1.0,10.0,Core Central Region,20,11,16,20,1,9999,0,9999,0,0.0,0,1,1,4,-0.5000000000000004,0.8660254037844384,1020394.526044506
LENTOR HILLS RESIDENCES,1356.26,LENTOR HILLS ROAD,New Sale,Strata,Apartment,1.0,26.0,Outside Central Region,24,4,11,15,0,99,2022,97,2,0.020202020202020204,1,0,0,2,0.8660254037844387,-0.49999999999999983,2893321.3956657387
CUSCADEN RESERVE,936.47,CUSCADEN ROAD,New Sale,Strata,Condominium,1.0,10.0,Core Central Region,21,9,26,30,0,99,2018,96,3,0.030303030303030304,1,0,0,3,-1.0,-1.8369701987210297e-16,3048274.2711114
FORESQUE RESIDENCES,1237.86,PETIR ROAD,Resale,Strata,Condominium,1.0,23.0,Outside Central Region,23,8,6,10,0,99,2011,87,12,0.12121212121212122,1,0,0,3,-0.8660254037844384,-0.5000000000000004,1726625.0906113905
TEMBUSU GRAND,990.29,JALAN TEMBUSU,New Sale,Strata,Condominium,1.0,15.0,Rest of Central Region,23,4,16,20,0,99,2022,98,1,0.010101010101010102,1,0,0,2,0.8660254037844387,-0.49999999999999983,2481361.427379227
FONTANA HEIGHTS,3466.01,MOUNT SINAI RISE,Resale,Strata,Condominium,1.0,10.0,Core Central Region,22,2,11,15,1,9999,0,9999,0,0.0,0,0,0,1,0.8660254037844386,0.5000000000000001,7107727.711346414
SEASCAPE,4068.79,COVE WAY,Resale,Strata,Condominium,1.0,4.0,Core Central Region,21,11,6,10,0,99,2007,85,14,0.1414141414141414,1,1,1,4,-0.5000000000000004,0.8660254037844384,8926109.405173432
THE GARDEN RESIDENCES,1119.46,SERANGOON NORTH VIEW,New Sale,Strata,Apartment,1.0,19.0,Outside Central Region,21,2,1,5,0,99,2017,95,4,0.04040404040404041,1,0,0,1,0.8660254037844386,0.5000000000000001,1772107.1208054586
THE RESERVE RESIDENCES,1377.79,JALAN ANAK BUKIT,New Sale,Strata,Apartment,1.0,21.0,Rest of Central Region,23,6,6,10,0,99,2021,97,2,0.020202020202020204,1,0,0,2,1.2246467991473532e-16,-1.0,3260186.0501677953
LENTOR MODERN,968.76,LENTOR CENTRAL,New Sale,Strata,Apartment,1.0,26.0,Outside Central Region,22,9,16,20,0,99,2021,98,1,0.010101010101010102,1,0,0,3,-1.0,-1.8369701987210297e-16,1999020.7468970488
LENTORIA,1119.46,LENTOR HILLS ROAD,New Sale,Strata,Condominium,1.0,26.0,Outside Central Region,24,3,6,10,0,99,2022,97,2,0.020202020202020204,1,0,0,1,1.0,6.123233995736766e-17,2354170.8514958867
MARINA BAY SUITES,1614.6,CENTRAL BOULEVARD,Resale,Strata,Condominium,1.0,1.0,Core Central Region,23,9,36,40,0,99,2007,83,16,0.16161616161616163,1,0,0,3,-1.0,-1.8369701987210297e-16,3134197.124642465
THE LANDMARK,495.14,CHIN SWEE ROAD,New Sale,Strata,Condominium,1.0,3.0,Rest of Central Region,21,6,16,20,0,99,2020,98,1,0.010101010101010102,1,0,0,2,1.2246467991473532e-16,-1.0,1147282.0460569432
THE ANTARES,731.95,MATTAR ROAD,New Sale,Strata,Apartment,1.0,14.0,Rest of Central Region,21,6,11,15,0,99,2018,96,3,0.030303030303030304,1,0,0,2,1.2246467991473532e-16,-1.0,1351524.6733229505
THE LAKEGARDEN RESIDENCES,678.13,YUAN CHING ROAD,New Sale,Strata,Apartment,1.0,22.0,Outside Central Region,23,8,1,5,0,99,2023,99,0,0.0,1,0,0,3,-0.8660254037844384,-0.5000000000000004,1404118.1478344551
ASPEN HEIGHTS,1560.78,RIVER VALLEY ROAD,Resale,Strata,Condominium,1.0,9.0,Core Central Region,22,8,1,5,0,999,1841,818,181,0.18118118118118118,1,0,0,3,-0.8660254037844384,-0.5000000000000004,3217439.355412117
THE HILLFORD,656.6,JALAN JURONG KECHIL,Resale,Strata,Apartment,1.0,21.0,Rest of Central Region,22,4,1,5,0,60,2013,51,9,0.15,3,0,0,2,0.8660254037844387,-0.49999999999999983,784011.0630100934
NORTH PARK RESIDENCES,699.66,YISHUN CENTRAL 1,Sub Sale,Strata,Apartment,1.0,27.0,Outside Central Region,21,3,6,10,0,99,2015,93,6,0.06060606060606061,1,0,0,1,1.0,6.123233995736766e-17,1127904.9758175905
RIVIERE,559.73,JIAK KIM STREET,New Sale,Strata,Apartment,1.0,3.0,Rest of Central Region,22,12,26,30,0,99,2018,95,4,0.04040404040404041,1,0,0,4,-2.4492935982947064e-16,1.0,1735969.6867147856
SEASIDE RESIDENCES,505.91,SIGLAP LINK,Resale,Strata,Apartment,1.0,15.0,Outside Central Region,24,9,21,25,0,99,2016,91,8,0.08080808080808081,1,0,0,3,-1.0,-1.8369701987210297e-16,1157948.2880095267
TERRA HILL,1894.46,YEW SIANG ROAD,New Sale,Strata,Apartment,1.0,5.0,Rest of Central Region,23,2,1,5,1,9999,0,9999,0,0.0,0,0,0,1,0.8660254037844386,0.5000000000000001,5432842.113669255
FORETT@BUKIT TIMAH,1087.16,TOH TUCK ROAD,New Sale,Strata,Apartment,1.0,21.0,Rest of Central Region,20,8,1,5,1,9999,0,9999,0,0.0,0,0,0,3,-0.8660254037844384,-0.5000000000000004,2079563.7886646632
TEMBUSU GRAND,1173.28,JALAN TEMBUSU,New Sale,Strata,Condominium,1.0,15.0,Rest of Central Region,24,8,11,15,0,99,2022,97,2,0.020202020202020204,1,0,0,3,-0.8660254037844384,-0.5000000000000004,2906041.6320487624
THE SPRINGBLOOM,1453.14,SERANGOON AVENUE 3,Resale,Strata,Condominium,1.0,19.0,Outside Central Region,22,5,1,5,0,99,1995,72,27,0.2727272727272727,2,0,0,2,0.49999999999999994,-0.8660254037844387,1810190.94354804
NORTH PARK RESIDENCES,699.66,YISHUN CENTRAL 1,Sub Sale,Strata,Apartment,1.0,27.0,Outside Central Region,21,3,1,5,0,99,2015,93,6,0.06060606060606061,1,0,0,1,1.0,6.123233995736766e-17,1088812.7536541708
URBAN VISTA,850.36,TANAH MERAH KECHIL LINK,Resale,Strata,Condominium,1.0,16.0,Outside Central Region,21,11,6,10,0,99,2012,90,9,0.09090909090909091,1,1,1,4,-0.5000000000000004,0.8660254037844384,1100196.793433659
PRINCIPAL GARDEN,807.3,PRINCE CHARLES CRESCENT,Resale,Strata,Condominium,1.0,3.0,Rest of Central Region,22,7,11,15,0,99,2014,91,8,0.08080808080808081,1,0,0,3,-0.4999999999999998,-0.8660254037844388,1665854.098198736
THE ORANGE GROVE,4047.26,ORANGE GROVE ROAD,Resale,Strata,Condominium,1.0,10.0,Core Central Region,21,4,11,15,1,9999,0,9999,0,0.0,0,0,0,2,0.8660254037844387,-0.49999999999999983,7724989.790616244
PARC OLYMPIA,1162.51,FLORA DRIVE,Resale,Strata,Condominium,1.0,17.0,Outside Central Region,23,4,6,10,0,99,2012,88,11,0.1111111111111111,1,0,0,2,0.8660254037844387,-0.49999999999999983,1293564.2064484123
MIDTOWN MODERN,635.08,TAN QUEE LAN STREET,New Sale,Strata,Apartment,1.0,7.0,Core Central Region,21,3,21,25,0,99,2019,97,2,0.020202020202020204,1,0,0,1,1.0,6.123233995736766e-17,1792432.9816633342
MIDTOWN MODERN,409.03,TAN QUEE LAN STREET,New Sale,Strata,Apartment,1.0,7.0,Core Central Region,21,3,21,25,0,99,2019,97,2,0.020202020202020204,1,0,0,1,1.0,6.123233995736766e-17,1347214.176552561
HILLHAVEN,699.66,HILLVIEW RISE,New Sale,Strata,Condominium,1.0,23.0,Outside Central Region,24,7,1,5,0,99,2023,98,1,0.010101010101010102,1,0,0,3,-0.4999999999999998,-0.8660254037844388,1435334.1061921979
HILLVIEW HEIGHTS,979.52,HILLVIEW AVENUE,Resale,Strata,Condominium,1.0,23.0,Outside Central Region,23,11,6,10,1,9999,0,9999,0,0.0,0,1,1,4,-0.5000000000000004,0.8660254037844384,1517401.1711174136
REGENT HEIGHTS,1022.58,BUKIT BATOK EAST AVENUE 5,Resale,Strata,Condominium,1.0,23.0,Outside Central Region,21,1,16,20,0,99,1995,73,26,0.26262626262626265,2,0,0,1,0.49999999999999994,0.8660254037844387,791154.7530948085
THE WATERGARDENS AT CANBERRA,1011.82,CANBERRA DRIVE,New Sale,Strata,Apartment,1.0,27.0,Outside Central Region,21,8,1,5,0,99,2020,98,1,0.010101010101010102,1,0,0,3,-0.8660254037844384,-0.5000000000000004,1475031.577957642
MANDARIN GARDENS,3067.74,SIGLAP ROAD,Resale,Strata,Condominium,1.0,15.0,Outside Central Region,21,9,16,20,0,99,1982,60,39,0.3939393939393939,2,0,0,3,-1.0,-1.8369701987210297e-16,2859622.266151684
FOREST WOODS,1087.16,LORONG LEW LIAN,Resale,Strata,Condominium,1.0,19.0,Outside Central Region,22,6,1,5,0,99,2016,93,6,0.06060606060606061,1,0,0,2,1.2246467991473532e-16,-1.0,1433363.5791297043
WOODSVILLE 28,1184.04,WOODSVILLE CLOSE,Resale,Strata,Apartment,1.0,13.0,Rest of Central Region,21,12,11,15,0,99,2007,85,14,0.1414141414141414,1,0,0,4,-2.4492935982947064e-16,1.0,1775668.8456028842
THE CONTINUUM,667.37,THIAM SIEW AVENUE,New Sale,Strata,Apartment,1.0,15.0,Rest of Central Region,23,5,1,5,1,9999,0,9999,0,0.0,0,0,0,2,0.49999999999999994,-0.8660254037844387,1761463.1399004653
KILAT COURT,2088.22,LORONG KILAT,Resale,Strata,Apartment,1.0,21.0,Rest of Central Region,22,7,1,5,1,9999,0,9999,0,0.0,0,0,0,3,-0.4999999999999998,-0.8660254037844388,2155480.2544982783
J'DEN,1184.04,JURONG EAST CENTRAL 1,New Sale,Strata,Apartment,1.0,22.0,Outside Central Region,23,11,11,15,0,99,2023,99,0,0.0,1,1,1,4,-0.5000000000000004,0.8660254037844384,2726719.291373992
LA VIDA @ 130,462.85,LORONG K TELOK KURAU,Resale,Strata,Apartment,1.0,15.0,Outside Central Region,21,3,1,5,1,9999,0,9999,0,0.0,0,0,0,1,1.0,6.123233995736766e-17,642923.690828764
SOMMERVILLE PARK,1883.7,FARRER DRIVE,Resale,Strata,Condominium,1.0,10.0,Core Central Region,24,5,1,5,1,9999,0,9999,0,0.0,0,0,0,2,0.49999999999999994,-0.8660254037844387,3730126.522999044
NEU AT NOVENA,570.49,MOULMEIN RISE,New Sale,Strata,Apartment,1.0,11.0,Core Central Region,20,12,16,20,1,9999,0,9999,0,0.0,0,0,0,4,-2.4492935982947064e-16,1.0,1624226.7825195126
NORTHVALE,1302.44,CHOA CHU KANG LOOP,Resale,Strata,Apartment,1.0,23.0,Outside Central Region,21,7,1,5,0,99,1995,73,26,0.26262626262626265,2,0,0,3,-0.4999999999999998,-0.8660254037844388,983004.4508992805
STIRLING RESIDENCES,505.91,STIRLING ROAD,New Sale,Strata,Apartment,1.0,3.0,Rest of Central Region,20,10,36,40,0,99,2017,96,3,0.030303030303030304,1,1,0,4,-0.8660254037844386,0.5000000000000001,1052213.4718975779
CLAVON,764.24,CLEMENTI AVENUE 1,New Sale,Strata,Apartment,1.0,5.0,Outside Central Region,20,12,21,25,0,99,2019,98,1,0.010101010101010102,1,0,0,4,-2.4492935982947064e-16,1.0,1262119.3433054637
THE NCLAVE,2055.92,LORONG N TELOK KURAU,Resale,Strata,Apartment,1.0,15.0,Outside Central Region,21,10,1,5,1,9999,0,9999,0,0.0,0,1,0,4,-0.8660254037844386,0.5000000000000001,2138742.162073665
PARC CLEMATIS,688.9,JALAN LEMPENG,New Sale,Strata,Apartment,1.0,5.0,Outside Central Region,21,7,1,5,0,99,2019,97,2,0.020202020202020204,1,0,0,3,-0.4999999999999998,-0.8660254037844388,1210030.5967207644
FORETT@BUKIT TIMAH,861.12,TOH TUCK ROAD,New Sale,Strata,Apartment,1.0,21.0,Rest of Central Region,20,9,6,10,1,9999,0,9999,0,0.0,0,0,0,3,-1.0,-1.8369701987210297e-16,1573674.868920423
THE GAZANIA,1270.15,HOW SUN DRIVE,New Sale,Strata,Condominium,1.0,19.0,Outside Central Region,21,7,1,5,1,9999,0,9999,0,0.0,0,0,0,3,-0.4999999999999998,-0.8660254037844388,2369353.5594785176
PINETREE HILL,1173.28,PINE GROVE,New Sale,Strata,Condominium,1.0,21.0,Rest of Central Region,24,9,21,25,0,99,2022,97,2,0.020202020202020204,1,0,0,3,-1.0,-1.8369701987210297e-16,3052721.1379312435
H2O RESIDENCES,796.54,FERNVALE LINK,Resale,Strata,Condominium,1.0,28.0,Outside Central Region,21,5,6,10,0,99,2010,88,11,0.1111111111111111,1,0,0,2,0.49999999999999994,-0.8660254037844387,865996.636040796
CITYLIGHTS,871.88,JELLICOE ROAD,Resale,Strata,Condominium,1.0,8.0,Rest of Central Region,24,8,6,10,0,99,2004,79,20,0.20202020202020202,2,0,0,3,-0.8660254037844384,-0.5000000000000004,1563749.9044622434
YISHUN EMERALD,1323.97,CANBERRA DRIVE,Resale,Strata,Condominium,1.0,27.0,Outside Central Region,21,3,11,15,0,99,1998,76,23,0.23232323232323232,2,0,0,1,1.0,6.123233995736766e-17,990072.3786186016
RIVIERA 38,548.96,MAR THOMA ROAD,Resale,Strata,Apartment,1.0,12.0,Rest of Central Region,21,11,21,25,0,999,1882,860,139,0.13913913913913914,1,1,1,4,-0.5000000000000004,0.8660254037844384,782237.4338544022
ONE BALMORAL,1420.85,BALMORAL ROAD,Resale,Strata,Condominium,1.0,10.0,Core Central Region,22,6,6,10,1,9999,0,9999,0,0.0,0,0,0,2,1.2246467991473532e-16,-1.0,3470712.981128132
SEASTRAND,1194.8,PASIR RIS LINK,Resale,Strata,Condominium,1.0,18.0,Outside Central Region,21,1,11,15,0,99,2011,89,10,0.10101010101010101,1,0,0,1,0.49999999999999994,0.8660254037844387,1150751.5884550256
PARKVIEW APARTMENTS,1130.22,BUKIT BATOK STREET 25,Resale,Strata,Apartment,1.0,23.0,Outside Central Region,21,4,6,10,0,99,1994,72,27,0.2727272727272727,2,0,0,2,0.8660254037844387,-0.49999999999999983,818037.8006068958
THE REEF AT KING'S DOCK,484.38,HARBOURFRONT AVENUE,New Sale,Strata,Condominium,1.0,4.0,Rest of Central Region,21,1,1,5,0,99,2021,99,0,0.0,1,0,0,1,0.49999999999999994,0.8660254037844387,1076336.1836794156
STIRLING RESIDENCES,635.08,STIRLING ROAD,New Sale,Strata,Apartment,1.0,3.0,Rest of Central Region,20,9,26,30,0,99,2017,96,3,0.030303030303030304,1,0,0,3,-1.0,-1.8369701987210297e-16,1282382.4251901621
MAPLE WOODS,979.52,BUKIT TIMAH ROAD,Resale,Strata,Condominium,1.0,21.0,Rest of Central Region,23,6,1,5,1,9999,0,9999,0,0.0,0,0,0,2,1.2246467991473532e-16,-1.0,1997417.9075995097
PHOENIX RESIDENCES,861.12,PHOENIX AVENUE,New Sale,Strata,Apartment,1.0,23.0,Outside Central Region,20,12,1,5,0,99,2019,98,1,0.010101010101010102,1,0,0,4,-2.4492935982947064e-16,1.0,1227635.5666387556
ENG AUN MANSION,871.88,THOMSON ROAD,Resale,Strata,Apartment,1.0,11.0,Core Central Region,20,10,1,5,1,9999,0,9999,0,0.0,0,1,0,4,-0.8660254037844386,0.5000000000000001,1245732.96224784
NORMANTON PARK,764.24,NORMANTON PARK,Sub Sale,Strata,Apartment,1.0,5.0,Rest of Central Region,24,5,11,15,0,99,2019,94,5,0.050505050505050504,1,0,0,2,0.49999999999999994,-0.8660254037844387,1599534.446725334
ECO,592.02,BEDOK SOUTH AVENUE 3,Resale,Strata,Condominium,1.0,16.0,Outside Central Region,24,9,11,15,0,99,2012,87,12,0.12121212121212122,1,0,0,3,-1.0,-1.8369701987210297e-16,912702.4242237929
DAIRY FARM RESIDENCES,710.42,DAIRY FARM LANE,New Sale,Strata,Apartment,1.0,23.0,Outside Central Region,21,8,11,15,0,99,2018,96,3,0.030303030303030304,1,0,0,3,-0.8660254037844384,-0.5000000000000004,1208188.9759127456
THE SAIL @ MARINA BAY,678.13,MARINA BOULEVARD,Resale,Strata,Apartment,1.0,1.0,Core Central Region,22,9,41,45,0,99,2002,79,20,0.20202020202020202,2,0,0,3,-1.0,-1.8369701987210297e-16,1288878.7426333684
KI RESIDENCES AT BROOKVALE,861.12,BROOKVALE DRIVE,New Sale,Strata,Condominium,1.0,21.0,Outside Central Region,20,12,6,10,0,999,1885,864,135,0.13513513513513514,1,0,0,4,-2.4492935982947064e-16,1.0,1533210.5235649238
ALEX RESIDENCES,678.13,ALEXANDRA VIEW,Resale,Strata,Apartment,1.0,3.0,Rest of Central Region,24,6,11,15,0,99,2013,88,11,0.1111111111111111,1,0,0,2,1.2246467991473532e-16,-1.0,1566488.616946699
BOONVIEW,1291.68,MARYMOUNT TERRACE,Resale,Strata,Condominium,1.0,20.0,Rest of Central Region,24,7,1,5,1,9999,0,9999,0,0.0,0,0,0,3,-0.4999999999999998,-0.8660254037844388,1953494.374032902
COCO PALMS,742.72,PASIR RIS GROVE,Resale,Strata,Condominium,1.0,18.0,Outside Central Region,20,10,1,5,0,99,2008,87,12,0.12121212121212122,1,1,0,4,-0.8660254037844386,0.5000000000000001,858222.5938221425
MIDWOOD,548.96,HILLVIEW RISE,New Sale,Strata,Condominium,1.0,23.0,Outside Central Region,21,8,21,25,0,99,2018,96,3,0.030303030303030304,1,0,0,3,-0.8660254037844384,-0.5000000000000004,989161.0909544734
CENTRA HEIGHTS,430.56,SIMS AVENUE,Resale,Strata,Apartment,1.0,14.0,Rest of Central Region,22,4,6,10,1,9999,0,9999,0,0.0,0,0,0,2,0.8660254037844387,-0.49999999999999983,695362.5642637085
KI RESIDENCES AT BROOKVALE,742.72,BROOKVALE DRIVE,New Sale,Strata,Condominium,1.0,21.0,Outside Central Region,21,4,11,15,0,999,1885,863,136,0.13613613613613615,1,0,0,2,0.8660254037844387,-0.49999999999999983,1392259.955172827
WATTEN HOUSE,2368.08,SHELFORD ROAD,New Sale,Strata,Condominium,1.0,11.0,Core Central Region,23,11,1,5,1,9999,0,9999,0,0.0,0,1,1,4,-0.5000000000000004,0.8660254037844384,7648517.722190397
TANAMERA CREST,1205.57,PARI DEDAP WALK,Resale,Strata,Condominium,1.0,16.0,Outside Central Region,22,6,1,5,0,99,2000,77,22,0.2222222222222222,2,0,0,2,1.2246467991473532e-16,-1.0,1163642.053860323
ILLUMINAIRE ON DEVONSHIRE,721.19,DEVONSHIRE ROAD,Resale,Strata,Apartment,1.0,9.0,Core Central Region,22,8,1,5,1,9999,0,9999,0,0.0,0,0,0,3,-0.8660254037844384,-0.5000000000000004,1431540.2165159825
LIVIA,1410.08,PASIR RIS GROVE,Resale,Strata,Condominium,1.0,18.0,Outside Central Region,20,10,11,15,0,99,2008,87,12,0.12121212121212122,1,1,0,4,-0.8660254037844386,0.5000000000000001,1337576.880102795
THE PARC CONDOMINIUM,979.52,WEST COAST WALK,Resale,Strata,Condominium,1.0,5.0,Outside Central Region,24,9,11,15,1,9999,0,9999,0,0.0,0,0,0,3,-1.0,-1.8369701987210297e-16,1873006.7385966005
PASIR RIS 8,1302.44,PASIR RIS DRIVE 8,New Sale,Strata,Apartment,1.0,18.0,Outside Central Region,21,7,6,10,0,99,2021,99,0,0.0,1,0,0,3,-0.4999999999999998,-0.8660254037844388,2028169.0109966702
THE WOODLEIGH RESIDENCES,667.37,BIDADARI PARK DRIVE,New Sale,Strata,Apartment,1.0,13.0,Rest of Central Region,20,8,6,10,0,99,2017,96,3,0.030303030303030304,1,0,0,3,-0.8660254037844384,-0.5000000000000004,1276052.0434845602
ROSEWOOD,1184.04,ROSEWOOD DRIVE,Resale,Strata,Condominium,1.0,25.0,Outside Central Region,22,6,6,10,0,99,2000,77,22,0.2222222222222222,2,0,0,2,1.2246467991473532e-16,-1.0,1036392.7074680573
HEDGES PARK CONDOMINIUM,764.24,FLORA DRIVE,Resale,Strata,Condominium,1.0,17.0,Outside Central Region,24,1,1,5,0,99,2010,85,14,0.1414141414141414,1,0,0,1,0.49999999999999994,0.8660254037844387,943128.5019357087
TEMBUSU GRAND,742.72,JALAN TEMBUSU,New Sale,Strata,Condominium,1.0,15.0,Rest of Central Region,23,4,11,15,0,99,2022,98,1,0.010101010101010102,1,0,0,2,0.8660254037844387,-0.49999999999999983,1867895.779933256
AURA 83,775.01,DUKU ROAD,Resale,Strata,Apartment,1.0,15.0,Rest of Central Region,21,5,1,5,1,9999,0,9999,0,0.0,0,0,0,2,0.49999999999999994,-0.8660254037844387,1104593.490337637
URBAN TREASURES,1011.82,JALAN EUNOS,New Sale,Strata,Condominium,1.0,14.0,Outside Central Region,22,5,6,10,1,9999,0,9999,0,0.0,0,0,0,2,0.49999999999999994,-0.8660254037844387,1963059.036909456
KOVAN RESIDENCES,1797.59,KOVAN ROAD,Resale,Strata,Condominium,1.0,19.0,Outside Central Region,22,6,6,10,0,99,2007,84,15,0.15151515151515152,1,0,0,2,1.2246467991473532e-16,-1.0,2563550.296137
RIO VISTA,1248.62,UPPER SERANGOON VIEW,Resale,Strata,Condominium,1.0,19.0,Outside Central Region,24,12,11,15,0,99,2001,76,23,0.23232323232323232,2,0,0,4,-2.4492935982947064e-16,1.0,1545876.3623815842
EIGHT RIVERSUITES,2142.04,WHAMPOA EAST,Resale,Strata,Condominium,1.0,12.0,Rest of Central Region,21,5,26,30,0,99,2011,89,10,0.10101010101010101,1,0,0,2,0.49999999999999994,-0.8660254037844387,2188881.595445353
CHUAN PARK,958.0,LORONG CHUAN,New Sale,Strata,Condominium,1.0,19.0,Outside Central Region,24,11,16,20,0,99,2024,99,0,0.0,1,1,1,4,-0.5000000000000004,0.8660254037844384,2509875.1780418805
PINE GROVE,1926.76,PINE GROVE,Resale,Strata,Condominium,1.0,21.0,Rest of Central Region,21,11,1,5,0,99,1984,62,37,0.37373737373737376,2,1,1,4,-0.5000000000000004,0.8660254037844384,1813055.3094809284
STRATFORD COURT,1937.52,BEDOK RIA CRESCENT,Resale,Strata,Condominium,1.0,16.0,Outside Central Region,21,3,1,5,0,99,1995,73,26,0.26262626262626265,2,0,0,1,1.0,6.123233995736766e-17,1552212.8183541277
SPOTTISWOODE RESIDENCES,914.94,SPOTTISWOODE PARK ROAD,Resale,Strata,Condominium,1.0,2.0,Rest of Central Region,24,8,26,30,1,9999,0,9999,0,0.0,0,0,0,3,-0.8660254037844384,-0.5000000000000004,2058971.6561195895
STRATA,1065.64,ESSEX ROAD,Resale,Strata,Apartment,1.0,11.0,Core Central Region,22,10,11,15,1,9999,0,9999,0,0.0,0,1,0,4,-0.8660254037844386,0.5000000000000001,1948557.8261287878
BLOSSOMS BY THE PARK,1044.11,SLIM BARRACKS RISE,New Sale,Strata,Apartment,1.0,5.0,Rest of Central Region,23,4,6,10,0,99,2022,98,1,0.010101010101010102,1,0,0,2,0.8660254037844387,-0.49999999999999983,2445876.678720256
PULLMAN RESIDENCES NEWTON,667.37,DUNEARN ROAD,New Sale,Strata,Apartment,1.0,11.0,Core Central Region,22,9,21,25,1,9999,0,9999,0,0.0,0,0,0,3,-1.0,-1.8369701987210297e-16,2067464.3832796959
KI RESIDENCES AT BROOKVALE,753.48,BROOKVALE DRIVE,New Sale,Strata,Condominium,1.0,21.0,Outside Central Region,21,5,11,15,0,999,1885,863,136,0.13613613613613615,1,0,0,2,0.49999999999999994,-0.8660254037844387,1413543.6379035173
CHUAN PARK,1022.58,LORONG CHUAN,New Sale,Strata,Condominium,1.0,19.0,Outside Central Region,24,11,16,20,0,99,2024,99,0,0.0,1,1,1,4,-0.5000000000000004,0.8660254037844384,2678713.0259273457
COCO PALMS,1743.77,PASIR RIS GROVE,Resale,Strata,Condominium,1.0,18.0,Outside Central Region,20,9,1,5,0,99,2008,87,12,0.12121212121212122,1,0,0,3,-1.0,-1.8369701987210297e-16,1820439.2295703026
SEASONS VIEW,1140.98,PEMIMPIN DRIVE,Resale,Strata,Condominium,1.0,20.0,Rest of Central Region,21,4,16,20,0,99,1996,74,25,0.25252525252525254,2,0,0,2,0.8660254037844387,-0.49999999999999983,1436115.9251054665
WILSHIRE RESIDENCES,904.18,FARRER ROAD,New Sale,Strata,Apartment,1.0,10.0,Core Central Region,22,1,11,15,1,9999,0,9999,0,0.0,0,0,0,1,0.49999999999999994,0.8660254037844387,2421892.897351196
LEEDON RESIDENCE,2131.27,LEEDON HEIGHTS,Resale,Strata,Condominium,1.0,10.0,Core Central Region,20,9,6,10,1,9999,0,9999,0,0.0,0,0,0,3,-1.0,-1.8369701987210297e-16,4837334.960283551
NORMANTON PARK,775.01,NORMANTON PARK,New Sale,Strata,Apartment,1.0,5.0,Rest of Central Region,21,1,6,10,0,99,2019,97,2,0.020202020202020204,1,0,0,1,0.49999999999999994,0.8660254037844387,1338033.0481950152
PASIR RIS 8,775.01,PASIR RIS DRIVE 8,New Sale,Strata,Apartment,1.0,18.0,Outside Central Region,21,7,6,10,0,99,2021,99,0,0.0,1,0,0,3,-0.4999999999999998,-0.8660254037844388,1268811.2124332567
WATER PLACE,1453.14,TANJONG RHU ROAD,Resale,Strata,Condominium,1.0,15.0,Rest of Central Region,22,10,6,10,0,99,1998,75,24,0.24242424242424243,2,1,0,4,-0.8660254037844386,0.5000000000000001,2388144.5806125016
BARTLEY VUE,1356.26,JALAN BUNGA RAMPAI,New Sale,Strata,Apartment,1.0,19.0,Rest of Central Region,22,1,11,15,0,99,2020,97,2,0.020202020202020204,1,0,0,1,0.49999999999999994,0.8660254037844387,2488472.5616843393
THE WATERSIDE,2411.14,TANJONG RHU ROAD,Resale,Strata,Condominium,1.0,15.0,Rest of Central Region,23,9,11,15,1,9999,0,9999,0,0.0,0,0,0,3,-1.0,-1.8369701987210297e-16,4651101.73933151
THE TRIZON,1194.8,RIDGEWOOD CLOSE,Resale,Strata,Condominium,1.0,10.0,Core Central Region,21,5,11,15,1,9999,0,9999,0,0.0,0,0,0,2,0.49999999999999994,-0.8660254037844387,2189113.195948102
PARKVIEW APARTMENTS,1140.98,BUKIT BATOK STREET 25,Resale,Strata,Apartment,1.0,23.0,Outside Central Region,24,11,6,10,0,99,1994,69,30,0.30303030303030304,2,1,1,4,-0.5000000000000004,0.8660254037844384,1144264.4127248956
FORETT@BUKIT TIMAH,764.24,TOH TUCK ROAD,New Sale,Strata,Apartment,1.0,21.0,Rest of Central Region,20,9,1,5,1,9999,0,9999,0,0.0,0,0,0,3,-1.0,-1.8369701987210297e-16,1448314.838517547
CENTRA RESIDENCE,419.8,LORONG 7 GEYLANG,Resale,Strata,Apartment,1.0,14.0,Rest of Central Region,23,9,1,5,1,9999,0,9999,0,0.0,0,0,0,3,-1.0,-1.8369701987210297e-16,671465.4609839675
HILLINGTON GREEN,1356.26,HILLVIEW AVENUE,Resale,Strata,Condominium,1.0,23.0,Outside Central Region,21,2,6,10,0,999,1883,861,138,0.13813813813813813,1,0,0,1,0.8660254037844386,0.5000000000000001,1635558.4860167236
PARC CENTROS,1140.98,PUNGGOL CENTRAL,Resale,Strata,Condominium,1.0,19.0,Outside Central Region,20,9,1,5,0,99,2012,91,8,0.08080808080808081,1,0,0,3,-1.0,-1.8369701987210297e-16,1162819.7551734776
LIV @ MB,624.31,ARTHUR ROAD,New Sale,Strata,Condominium,1.0,15.0,Rest of Central Region,22,5,16,20,0,99,2021,98,1,0.010101010101010102,1,0,0,2,0.49999999999999994,-0.8660254037844387,1640358.9788398498
CLAVON,764.24,CLEMENTI AVENUE 1,New Sale,Strata,Apartment,1.0,5.0,Outside Central Region,20,12,11,15,0,99,2019,98,1,0.010101010101010102,1,0,0,4,-2.4492935982947064e-16,1.0,1237827.3778572981
THE GERANIUM,753.48,MANGIS ROAD,Resale,Strata,Condominium,1.0,15.0,Rest of Central Region,21,12,1,5,1,9999,0,9999,0,0.0,0,0,0,4,-2.4492935982947064e-16,1.0,1052607.2615225716
KI RESIDENCES AT BROOKVALE,861.12,BROOKVALE DRIVE,New Sale,Strata,Condominium,1.0,21.0,Outside Central Region,21,1,1,5,0,999,1885,863,136,0.13613613613613615,1,0,0,1,0.49999999999999994,0.8660254037844387,1511590.832926095
SIMS URBAN OASIS,409.03,SIMS DRIVE,Resale,Strata,Condominium,1.0,14.0,Rest of Central Region,21,1,6,10,0,99,2014,92,7,0.0707070707070707,1,0,0,1,0.49999999999999994,0.8660254037844387,681180.3202071658
AVILA GARDENS,1754.53,FLORA ROAD,Resale,Strata,Condominium,1.0,17.0,Outside Central Region,20,12,1,5,1,9999,0,9999,0,0.0,0,0,0,4,-2.4492935982947064e-16,1.0,1553331.154408516
THE ESTA,1313.21,AMBER GARDENS,Resale,Strata,Condominium,1.0,15.0,Rest of Central Region,21,2,1,5,1,9999,0,9999,0,0.0,0,0,0,1,0.8660254037844386,0.5000000000000001,2184516.2950140215
RIVIERE,818.06,JIAK KIM STREET,Sub Sale,Strata,Apartment,1.0,3.0,Rest of Central Region,24,7,11,15,0,99,2018,93,6,0.06060606060606061,1,0,0,3,-0.4999999999999998,-0.8660254037844388,2398252.5578564424
CASABLANCA,1119.46,ROSEWOOD DRIVE,Resale,Strata,Condominium,1.0,25.0,Outside Central Region,20,9,6,10,0,99,2001,80,19,0.1919191919191919,1,0,0,3,-1.0,-1.8369701987210297e-16,858209.0872713248
ONE-NORTH RESIDENCES,3100.03,ONE-NORTH GATEWAY,Resale,Strata,Apartment,1.0,5.0,Rest of Central Region,24,1,11,15,0,99,2005,80,19,0.1919191919191919,1,0,0,1,0.49999999999999994,0.8660254037844387,3615698.948453884
VILLA MARTIA,1614.6,MARTIA ROAD,Resale,Strata,Condominium,1.0,15.0,Outside Central Region,23,8,1,5,1,9999,0,9999,0,0.0,0,0,0,3,-0.8660254037844384,-0.5000000000000004,2132389.1905198707
LOYANG VALLEY,1905.23,LOYANG AVENUE,Resale,Strata,Condominium,1.0,17.0,Outside Central Region,23,10,1,5,0,99,1982,58,41,0.41414141414141414,3,1,0,4,-0.8660254037844386,0.5000000000000001,1838180.5404846931
CLAVON,1130.22,CLEMENTI AVENUE 1,New Sale,Strata,Apartment,1.0,5.0,Outside Central Region,20,12,6,10,0,99,2019,98,1,0.010101010101010102,1,0,0,4,-2.4492935982947064e-16,1.0,1799405.4756799322
CAIRNHILL PLAZA,2820.17,CAIRNHILL ROAD,Resale,Strata,Apartment,1.0,9.0,Core Central Region,24,3,31,35,1,9999,0,9999,0,0.0,0,0,0,1,1.0,6.123233995736766e-17,5111369.61116615
SORA,538.2,YUAN CHING ROAD,New Sale,Strata,Apartment,1.0,22.0,Outside Central Region,24,7,16,20,0,99,2023,98,1,0.010101010101010102,1,0,0,3,-0.4999999999999998,-0.8660254037844388,1156612.5802956831
STIRLING RESIDENCES,1345.5,STIRLING ROAD,New Sale,Strata,Apartment,1.0,3.0,Rest of Central Region,20,10,31,35,0,99,2017,96,3,0.030303030303030304,1,1,0,4,-0.8660254037844386,0.5000000000000001,2644907.6446251026
AFFINITY AT SERANGOON,1453.14,SERANGOON NORTH AVENUE 1,New Sale,Strata,Apartment,1.0,19.0,Outside Central Region,21,10,1,5,0,99,2018,96,3,0.030303030303030304,1,1,0,4,-0.8660254037844386,0.5000000000000001,2289984.9840863803
THE WOODLEIGH RESIDENCES,645.84,BIDADARI PARK DRIVE,New Sale,Strata,Apartment,1.0,13.0,Rest of Central Region,20,12,6,10,0,99,2017,96,3,0.030303030303030304,1,0,0,4,-2.4492935982947064e-16,1.0,1380622.8898504165
THE BOTANY AT DAIRY FARM,505.91,DAIRY FARM WALK,New Sale,Strata,Condominium,1.0,23.0,Outside Central Region,23,3,6,10,0,99,2022,98,1,0.010101010101010102,1,0,0,1,1.0,6.123233995736766e-17,1107210.3462089717
SEVENTY SAINT PATRICK'S,1054.87,ST. PATRICK'S ROAD,Resale,Strata,Condominium,1.0,15.0,Outside Central Region,22,9,1,5,1,9999,0,9999,0,0.0,0,0,0,3,-1.0,-1.8369701987210297e-16,2023238.6812523438
RIPPLE BAY,764.24,PASIR RIS LINK,Resale,Strata,Condominium,1.0,18.0,Outside Central Region,23,3,6,10,0,99,2011,87,12,0.12121212121212122,1,0,0,1,1.0,6.123233995736766e-17,997028.4075840759
BISHAN POINT,1270.15,BRIGHT HILL DRIVE,Resale,Strata,Condominium,1.0,20.0,Rest of Central Region,20,9,11,15,0,99,1997,76,23,0.23232323232323232,2,0,0,3,-1.0,-1.8369701987210297e-16,1441774.334823713
SPOTTISWOODE 18,656.6,SPOTTISWOODE PARK ROAD,Resale,Strata,Apartment,1.0,2.0,Rest of Central Region,23,10,6,10,1,9999,0,9999,0,0.0,0,1,0,4,-0.8660254037844386,0.5000000000000001,1388605.0381720865
SENGKANG GRAND RESIDENCES,764.24,COMPASSVALE BOW,Sub Sale,Strata,Apartment,1.0,19.0,Outside Central Region,24,12,6,10,0,99,2018,93,6,0.06060606060606061,1,0,0,4,-2.4492935982947064e-16,1.0,1548887.846475285
MARINA ONE RESIDENCES,1582.31,MARINA WAY,Resale,Strata,Apartment,1.0,1.0,Core Central Region,20,8,16,20,0,99,2011,90,9,0.09090909090909091,1,0,0,3,-0.8660254037844384,-0.5000000000000004,3800947.5574901607
GRAND DUNMAN,936.47,DUNMAN ROAD,New Sale,Strata,Apartment,1.0,15.0,Rest of Central Region,23,7,1,5,0,99,2022,98,1,0.010101010101010102,1,0,0,3,-0.4999999999999998,-0.8660254037844388,2247346.0188193144
RIVERSAILS,1108.69,UPPER SERANGOON CRESCENT,Resale,Strata,Condominium,1.0,19.0,Outside Central Region,24,7,6,10,0,99,2011,86,13,0.13131313131313133,1,0,0,3,-0.4999999999999998,-0.8660254037844388,1606075.5373648636
NORMANTON PARK,527.44,NORMANTON PARK,New Sale,Strata,Apartment,1.0,5.0,Rest of Central Region,22,1,11,15,0,99,2019,96,3,0.030303030303030304,1,0,0,1,0.49999999999999994,0.8660254037844387,1006540.7733022694
HYLL ON HOLLAND,699.66,HOLLAND ROAD,New Sale,Strata,Condominium,1.0,10.0,Core Central Region,23,3,11,15,1,9999,0,9999,0,0.0,0,0,0,1,1.0,6.123233995736766e-17,2014337.1492509735
GRANDEUR 8,1313.21,ANG MO KIO CENTRAL 3,Resale,Strata,Condominium,1.0,20.0,Outside Central Region,21,7,16,20,0,99,2002,80,19,0.1919191919191919,1,0,0,3,-0.4999999999999998,-0.8660254037844388,1583838.0576404766
CANNINGHILL PIERS,538.2,CLARKE QUAY,New Sale,Strata,Apartment,1.0,6.0,Rest of Central Region,21,11,11,15,0,99,2021,99,0,0.0,1,1,1,4,-0.5000000000000004,0.8660254037844384,1520698.149424999
THOMSON GRAND,1399.32,SIN MING WALK,Resale,Strata,Condominium,1.0,20.0,Rest of Central Region,22,8,11,15,0,99,2010,87,12,0.12121212121212122,1,0,0,3,-0.8660254037844384,-0.5000000000000004,2127969.1662527653
RIO VISTA,1237.86,UPPER SERANGOON VIEW,Resale,Strata,Condominium,1.0,19.0,Outside Central Region,21,6,11,15,0,99,2001,79,20,0.20202020202020202,2,0,0,2,1.2246467991473532e-16,-1.0,1099098.8009491453
SUNRISE GARDENS,1280.92,SUNRISE AVENUE,Resale,Strata,Condominium,1.0,28.0,Outside Central Region,21,5,1,5,0,99,1995,73,26,0.26262626262626265,2,0,0,2,0.49999999999999994,-0.8660254037844387,1047500.6099695377
PARK NOVA,2906.28,TOMLINSON ROAD,New Sale,Strata,Apartment,1.0,10.0,Core Central Region,21,5,16,20,1,9999,0,9999,0,0.0,0,0,0,2,0.49999999999999994,-0.8660254037844387,14251764.011534467
OASIS @ ELIAS,1216.33,ELIAS ROAD,Resale,Strata,Condominium,1.0,18.0,Outside Central Region,21,4,1,5,0,99,2008,86,13,0.13131313131313133,1,0,0,2,0.8660254037844387,-0.49999999999999983,1027245.5418612773
THE LAKEGARDEN RESIDENCES,731.95,YUAN CHING ROAD,New Sale,Strata,Apartment,1.0,22.0,Outside Central Region,23,8,11,15,0,99,2023,99,0,0.0,1,0,0,3,-0.8660254037844384,-0.5000000000000004,1596828.9315576556
RIVIERE,1248.62,JIAK KIM STREET,New Sale,Strata,Apartment,1.0,3.0,Rest of Central Region,21,8,21,25,0,99,2018,96,3,0.030303030303030304,1,0,0,3,-0.8660254037844384,-0.5000000000000004,3468491.4045771607
PARC CENTENNIAL,1248.62,KAMPONG JAVA ROAD,Resale,Strata,Apartment,1.0,9.0,Core Central Region,20,8,1,5,1,9999,0,9999,0,0.0,0,0,0,3,-0.8660254037844384,-0.5000000000000004,1854353.2121921016
PARC CLEMATIS,452.09,JALAN LEMPENG,Sub Sale,Strata,Apartment,1.0,5.0,Outside Central Region,23,11,16,20,0,99,2019,95,4,0.04040404040404041,1,1,1,4,-0.5000000000000004,0.8660254037844384,905627.7164726132
THE WOODLEIGH RESIDENCES,850.36,BIDADARI PARK DRIVE,New Sale,Strata,Apartment,1.0,13.0,Rest of Central Region,21,11,11,15,0,99,2017,95,4,0.04040404040404041,1,1,1,4,-0.5000000000000004,0.8660254037844384,1901967.7313126556
KOVAN RESIDENCES,1776.06,KOVAN ROAD,Resale,Strata,Condominium,1.0,19.0,Outside Central Region,20,8,11,15,0,99,2007,86,13,0.13131313131313133,1,0,0,3,-0.8660254037844384,-0.5000000000000004,2132761.2976913666
TREASURE AT TAMPINES,1323.97,TAMPINES LANE,New Sale,Strata,Condominium,1.0,18.0,Outside Central Region,21,11,11,15,0,99,2018,96,3,0.030303030303030304,1,1,1,4,-0.5000000000000004,0.8660254037844384,1952192.4579364948
JEWEL @ BUANGKOK,775.01,COMPASSVALE BOW,Resale,Strata,Condominium,1.0,19.0,Outside Central Region,22,1,6,10,0,99,2012,89,10,0.10101010101010101,1,0,0,1,0.49999999999999994,0.8660254037844387,1077111.2442106884
PINETREE HILL,1216.33,PINE GROVE,New Sale,Strata,Condominium,1.0,21.0,Rest of Central Region,24,10,11,15,0,99,2022,97,2,0.020202020202020204,1,1,0,4,-0.8660254037844386,0.5000000000000001,3079743.042118691
PARC ESTA,419.8,SIMS AVENUE,Sub Sale,Strata,Apartment,1.0,14.0,Rest of Central Region,22,10,6,10,0,99,2018,95,4,0.04040404040404041,1,1,0,4,-0.8660254037844386,0.5000000000000001,901882.1878741698
SUNHAVEN,1065.64,UPPER CHANGI ROAD EAST,Resale,Strata,Condominium,1.0,16.0,Outside Central Region,22,2,6,10,1,9999,0,9999,0,0.0,0,0,0,1,0.8660254037844386,0.5000000000000001,1184040.2320030828
COCO PALMS,462.85,PASIR RIS GROVE,Resale,Strata,Condominium,1.0,18.0,Outside Central Region,21,4,11,15,0,99,2008,86,13,0.13131313131313133,1,0,0,2,0.8660254037844387,-0.49999999999999983,653250.9403757007
THE BAYSHORE,1011.82,BAYSHORE ROAD,Resale,Strata,Condominium,1.0,16.0,Outside Central Region,20,11,16,20,0,99,1993,72,27,0.2727272727272727,2,1,1,4,-0.5000000000000004,0.8660254037844384,1013499.7371560365
THE BENTLY RESIDENCES@KOVAN,1453.14,KOVAN ROAD,Resale,Strata,Apartment,1.0,19.0,Outside Central Region,22,8,1,5,1,9999,0,9999,0,0.0,0,0,0,3,-0.8660254037844384,-0.5000000000000004,1824523.739025544
PASIR RIS 8,1065.64,PASIR RIS DRIVE 8,New Sale,Strata,Apartment,1.0,18.0,Outside Central Region,21,7,6,10,0,99,2021,99,0,0.0,1,0,0,3,-0.4999999999999998,-0.8660254037844388,1622682.4135045654
SPOTTISWOODE RESIDENCES,914.94,SPOTTISWOODE PARK ROAD,Resale,Strata,Condominium,1.0,2.0,Rest of Central Region,21,7,11,15,1,9999,0,9999,0,0.0,0,0,0,3,-0.4999999999999998,-0.8660254037844388,1652354.9779906601
BALLOTA PARK CONDOMINIUM,1280.92,MARIAM WAY,Resale,Strata,Condominium,1.0,17.0,Outside Central Region,23,8,1,5,1,9999,0,9999,0,0.0,0,0,0,3,-0.8660254037844384,-0.5000000000000004,1241483.1765129846
RIVIERA 38,548.96,MAR THOMA ROAD,Resale,Strata,Apartment,1.0,12.0,Rest of Central Region,21,10,11,15,0,999,1882,860,139,0.13913913913913914,1,1,0,4,-0.8660254037844386,0.5000000000000001,748127.4139231509
RIVERBAY,753.48,MAR THOMA ROAD,Resale,Strata,Apartment,1.0,12.0,Rest of Central Region,21,9,11,15,0,999,1882,860,139,0.13913913913913914,1,0,0,3,-1.0,-1.8369701987210297e-16,1034291.4411432372
RV ALTITUDE,624.31,RIVER VALLEY ROAD,Sub Sale,Strata,Apartment,1.0,9.0,Core Central Region,24,1,6,10,1,9999,0,9999,0,0.0,0,0,0,1,0.49999999999999994,0.8660254037844387,1664618.9489271594
HEDGES PARK CONDOMINIUM,1001.05,FLORA DRIVE,Resale,Strata,Condominium,1.0,17.0,Outside Central Region,21,7,1,5,0,99,2010,88,11,0.1111111111111111,1,0,0,3,-0.4999999999999998,-0.8660254037844388,950996.1153090056
PARK COLONIAL,635.08,WOODLEIGH LANE,Resale,Strata,Condominium,1.0,13.0,Rest of Central Region,24,7,1,5,0,99,2017,92,7,0.0707070707070707,1,0,0,3,-0.4999999999999998,-0.8660254037844388,1354450.0318647365
THE INFINITI,904.18,WEST COAST PARK,Resale,Strata,Condominium,1.0,5.0,Outside Central Region,20,11,6,10,1,9999,0,9999,0,0.0,0,1,1,4,-0.5000000000000004,0.8660254037844384,1123185.6386276577
DORSET MANSIONS,1022.58,DORSET ROAD,Resale,Strata,Apartment,1.0,8.0,Rest of Central Region,21,7,1,5,1,9999,0,9999,0,0.0,0,0,0,3,-0.4999999999999998,-0.8660254037844388,1199707.0984314813
THE WOODLEIGH RESIDENCES,1270.15,BIDADARI PARK DRIVE,New Sale,Strata,Apartment,1.0,13.0,Rest of Central Region,20,11,6,10,0,99,2017,96,3,0.030303030303030304,1,1,1,4,-0.5000000000000004,0.8660254037844384,2644213.739472591
MIDWOOD,990.29,HILLVIEW RISE,New Sale,Strata,Condominium,1.0,23.0,Outside Central Region,21,9,16,20,0,99,2018,96,3,0.030303030303030304,1,0,0,3,-1.0,-1.8369701987210297e-16,1687391.332029583
FOURTH AVENUE RESIDENCES,1108.69,FOURTH AVENUE,New Sale,Strata,Apartment,1.0,10.0,Core Central Region,20,8,1,5,0,99,2018,97,2,0.020202020202020204,1,0,0,3,-0.8660254037844384,-0.5000000000000004,2467501.5780624202
THE MEZZO,839.59,BALESTIER ROAD,Resale,Strata,Apartment,1.0,12.0,Rest of Central Region,21,11,16,20,1,9999,0,9999,0,0.0,0,1,1,4,-0.5000000000000004,0.8660254037844384,1180527.6145489356
FERRARIA PARK CONDOMINIUM,882.65,FLORA DRIVE,Resale,Strata,Condominium,1.0,17.0,Outside Central Region,21,5,6,10,1,9999,0,9999,0,0.0,0,0,0,2,0.49999999999999994,-0.8660254037844387,858124.6386446398
WATTEN HOUSE,1851.41,SHELFORD ROAD,New Sale,Strata,Condominium,1.0,11.0,Core Central Region,23,11,1,5,1,9999,0,9999,0,0.0,0,1,1,4,-0.5000000000000004,0.8660254037844384,5914938.491542051
SEASIDE RESIDENCES,1205.57,SIGLAP LINK,Sub Sale,Strata,Apartment,1.0,15.0,Outside Central Region,21,4,6,10,0,99,2016,94,5,0.050505050505050504,1,0,0,2,0.8660254037844387,-0.49999999999999983,2349405.987337829
PICCADILLY GRAND,484.38,NORTHUMBERLAND ROAD,New Sale,Strata,Apartment,1.0,8.0,Rest of Central Region,22,5,16,20,0,99,2021,98,1,0.010101010101010102,1,0,0,2,0.49999999999999994,-0.8660254037844387,1183431.3196715065
EMERALD OF KATONG,1302.44,JALAN TEMBUSU,New Sale,Strata,Condominium,1.0,15.0,Rest of Central Region,24,11,11,15,0,99,2023,98,1,0.010101010101010102,1,1,1,4,-0.5000000000000004,0.8660254037844384,3345899.56943539
THE JOVELL,904.18,FLORA DRIVE,New Sale,Strata,Condominium,1.0,17.0,Outside Central Region,21,6,6,10,0,99,2018,96,3,0.030303030303030304,1,0,0,2,1.2246467991473532e-16,-1.0,1138080.1819514418
THE REEF AT KING'S DOCK,753.48,HARBOURFRONT AVENUE,New Sale,Strata,Condominium,1.0,4.0,Rest of Central Region,21,3,1,5,0,99,2021,99,0,0.0,1,0,0,1,1.0,6.123233995736766e-17,1698219.7848209161
COUNTRY PARK CONDOMINIUM,1097.93,BEDOK ROAD,Resale,Strata,Condominium,1.0,16.0,Outside Central Region,24,2,1,5,1,9999,0,9999,0,0.0,0,0,0,1,0.8660254037844386,0.5000000000000001,1816031.7379147152
FORESQUE RESIDENCES,2002.1,PETIR ROAD,Resale,Strata,Condominium,1.0,23.0,Outside Central Region,24,8,21,25,0,99,2011,86,13,0.13131313131313133,1,0,0,3,-0.8660254037844384,-0.5000000000000004,2352605.3460064093
THE RESERVE RESIDENCES,495.14,JALAN ANAK BUKIT,New Sale,Strata,Apartment,1.0,21.0,Rest of Central Region,23,5,6,10,0,99,2021,97,2,0.020202020202020204,1,0,0,2,0.49999999999999994,-0.8660254037844387,1247054.938069594
LA VIDA @ 130,495.14,LORONG K TELOK KURAU,Resale,Strata,Apartment,1.0,15.0,Outside Central Region,21,12,1,5,1,9999,0,9999,0,0.0,0,0,0,4,-2.4492935982947064e-16,1.0,712102.2565524384
ISUITES @ PALM,462.85,GLASGOW ROAD,Resale,Strata,Apartment,1.0,19.0,Outside Central Region,23,7,1,5,0,999,1878,854,145,0.14514514514514515,1,0,0,3,-0.4999999999999998,-0.8660254037844388,697657.8955849317
SKY VUE,484.38,BISHAN STREET 15,Resale,Strata,Condominium,1.0,20.0,Rest of Central Region,21,10,11,15,0,99,2013,91,8,0.08080808080808081,1,1,0,4,-0.8660254037844386,0.5000000000000001,853533.7998290485
THE MINTON,936.47,HOUGANG STREET 11,Resale,Strata,Condominium,1.0,19.0,Outside Central Region,24,8,11,15,0,99,2007,82,17,0.1717171717171717,1,0,0,3,-0.8660254037844384,-0.5000000000000004,1456083.2932978699
HEDGES PARK CONDOMINIUM,1184.04,FLORA DRIVE,Resale,Strata,Condominium,1.0,17.0,Outside Central Region,24,10,1,5,0,99,2010,85,14,0.1414141414141414,1,1,0,4,-0.8660254037844386,0.5000000000000001,1454796.948799267
ONE-NORTH RESIDENCES,979.52,ONE-NORTH GATEWAY,Resale,Strata,Apartment,1.0,5.0,Rest of Central Region,22,1,6,10,0,99,2005,82,17,0.1717171717171717,1,0,0,1,0.49999999999999994,0.8660254037844387,1461625.1952058575
BAYSHORE PARK,936.47,BAYSHORE ROAD,Resale,Strata,Condominium,1.0,16.0,Outside Central Region,21,9,16,20,0,99,1982,60,39,0.3939393939393939,2,0,0,3,-1.0,-1.8369701987210297e-16,1033887.4490876048
THE LANDMARK,678.13,CHIN SWEE ROAD,New Sale,Strata,Condominium,1.0,3.0,Rest of Central Region,24,2,26,30,0,99,2020,95,4,0.04040404040404041,1,0,0,1,0.8660254037844386,0.5000000000000001,1914727.667452633
PASIR RIS 8,1302.44,PASIR RIS DRIVE 8,New Sale,Strata,Apartment,1.0,18.0,Outside Central Region,24,5,1,5,0,99,2021,96,3,0.030303030303030304,1,0,0,2,0.49999999999999994,-0.8660254037844387,2358101.191083084
THE CREEK @ BUKIT,925.7,TOH TUCK ROAD,Resale,Strata,Condominium,1.0,21.0,Rest of Central Region,20,10,1,5,1,9999,0,9999,0,0.0,0,1,0,4,-0.8660254037844386,0.5000000000000001,1232959.6510668332
EUHABITAT,624.31,JALAN EUNOS,Resale,Strata,Condominium,1.0,14.0,Outside Central Region,20,12,1,5,0,99,2010,89,10,0.10101010101010101,1,0,0,4,-2.4492935982947064e-16,1.0,733994.9080061178
THE LANDMARK,495.14,CHIN SWEE ROAD,New Sale,Strata,Condominium,1.0,3.0,Rest of Central Region,20,11,6,10,0,99,2020,99,0,0.0,1,1,1,4,-0.5000000000000004,0.8660254037844384,1060611.868853621
D'CHATEAU @ SHELFORD,1722.24,SHELFORD ROAD,Resale,Strata,Apartment,1.0,11.0,Core Central Region,24,2,1,5,1,9999,0,9999,0,0.0,0,0,0,1,0.8660254037844386,0.5000000000000001,2654151.8009673827
KINGSFORD WATERBAY,473.62,UPPER SERANGOON VIEW,Resale,Strata,Apartment,1.0,19.0,Outside Central Region,21,11,6,10,0,99,2014,92,7,0.0707070707070707,1,1,1,4,-0.5000000000000004,0.8660254037844384,632308.0246967088
MY MANHATTAN,559.73,SIMEI STREET 3,Resale,Strata,Condominium,1.0,18.0,Outside Central Region,24,9,6,10,0,99,2010,85,14,0.1414141414141414,1,0,0,3,-1.0,-1.8369701987210297e-16,925304.7707840863
BELLERIVE,1173.28,KENG CHIN ROAD,Resale,Strata,Apartment,1.0,10.0,Core Central Region,24,2,1,5,1,9999,0,9999,0,0.0,0,0,0,1,0.8660254037844386,0.5000000000000001,2519702.2030394278
KOVAN RESIDENCES,1442.38,KOVAN ROAD,Resale,Strata,Condominium,1.0,19.0,Outside Central Region,23,2,11,15,0,99,2007,83,16,0.16161616161616163,1,0,0,1,0.8660254037844386,0.5000000000000001,2330481.408226338
TEMBUSU GRAND,1173.28,JALAN TEMBUSU,New Sale,Strata,Condominium,1.0,15.0,Rest of Central Region,24,11,16,20,0,99,2022,97,2,0.020202020202020204,1,1,1,4,-0.5000000000000004,0.8660254037844384,2969222.7743200604
PHOENIX RESIDENCES,1033.34,PHOENIX AVENUE,New Sale,Strata,Apartment,1.0,23.0,Outside Central Region,22,4,1,5,0,99,2019,96,3,0.030303030303030304,1,0,0,2,0.8660254037844387,-0.49999999999999983,1569212.5413430305
LA FIESTA,731.95,SENGKANG SQUARE,Resale,Strata,Condominium,1.0,19.0,Outside Central Region,21,5,6,10,0,99,2012,90,9,0.09090909090909091,1,0,0,2,0.49999999999999994,-0.8660254037844387,932275.1126685546
CRADELS,441.32,LORONG LIMAU,Resale,Strata,Apartment,1.0,12.0,Rest of Central Region,21,11,16,20,1,9999,0,9999,0,0.0,0,1,1,4,-0.5000000000000004,0.8660254037844384,679038.1798137905
SKY HABITAT,871.88,BISHAN STREET 15,Resale,Strata,Condominium,1.0,20.0,Rest of Central Region,21,11,21,25,0,99,2011,89,10,0.10101010101010101,1,1,1,4,-0.5000000000000004,0.8660254037844384,1363177.2751512565
NOUVEL 18,1765.3,ANDERSON ROAD,Resale,Strata,Condominium,1.0,10.0,Core Central Region,21,4,6,10,1,9999,0,9999,0,0.0,0,0,0,2,0.8660254037844387,-0.49999999999999983,5296478.938789072
ONE HOLLAND VILLAGE RESIDENCES,1097.93,HOLLAND VILLAGE WAY,New Sale,Strata,Apartment,1.0,10.0,Core Central Region,22,8,21,25,0,99,2018,95,4,0.04040404040404041,1,0,0,3,-0.8660254037844384,-0.5000000000000004,3075464.659316542
PENROSE,473.62,SIMS DRIVE,Sub Sale,Strata,Apartment,1.0,14.0,Rest of Central Region,24,12,1,5,0,99,2019,94,5,0.050505050505050504,1,0,0,4,-2.4492935982947064e-16,1.0,918571.9859338391
SUNHAVEN,1259.39,UPPER CHANGI ROAD EAST,Resale,Strata,Condominium,1.0,16.0,Outside Central Region,21,1,6,10,1,9999,0,9999,0,0.0,0,0,0,1,0.49999999999999994,0.8660254037844387,1222322.295001824
KINGSFORD . HILLVIEW PEAK,775.01,HILLVIEW RISE,Resale,Strata,Condominium,1.0,23.0,Outside Central Region,21,6,11,15,0,99,2012,90,9,0.09090909090909091,1,0,0,2,1.2246467991473532e-16,-1.0,991772.5433602754
PARC CLEMATIS,1496.2,JALAN LEMPENG,New Sale,Strata,Apartment,1.0,5.0,Outside Central Region,22,2,11,15,0,99,2019,96,3,0.030303030303030304,1,0,0,1,0.8660254037844386,0.5000000000000001,2750928.526641189
PINE GROVE,1700.71,PINE GROVE,Resale,Strata,Condominium,1.0,21.0,Rest of Central Region,21,8,16,20,0,99,1984,62,37,0.37373737373737376,2,0,0,3,-0.8660254037844384,-0.5000000000000004,1708559.9567842442
DUNMAN VIEW,1216.33,HAIG ROAD,Resale,Strata,Condominium,1.0,15.0,Rest of Central Region,23,2,6,10,0,99,1997,73,26,0.26262626262626265,2,0,0,1,0.8660254037844386,0.5000000000000001,1619254.3423675837
WATERFRONT ISLE,914.94,BEDOK RESERVOIR ROAD,Resale,Strata,Condominium,1.0,16.0,Outside Central Region,22,3,1,5,0,99,2009,86,13,0.13131313131313133,1,0,0,1,1.0,6.123233995736766e-17,1150980.3378209244
AVENUE SOUTH RESIDENCE,947.23,SILAT AVENUE,New Sale,Strata,Apartment,1.0,3.0,Rest of Central Region,21,4,21,25,0,99,2018,96,3,0.030303030303030304,1,0,0,2,0.8660254037844387,-0.49999999999999983,1936004.8537365166
THE EDGEWATER,1237.86,JALAN LOYANG BESAR,Resale,Strata,Condominium,1.0,17.0,Outside Central Region,22,1,1,5,1,9999,0,9999,0,0.0,0,0,0,1,0.49999999999999994,0.8660254037844387,1146476.4658222843
THE TAPESTRY,699.66,TAMPINES STREET 86,Resale,Strata,Condominium,1.0,18.0,Outside Central Region,22,8,11,15,0,99,2017,94,5,0.050505050505050504,1,0,0,3,-0.8660254037844384,-0.5000000000000004,1033259.4080462009
THE GRANGE,2281.97,GRANGE GARDEN,Resale,Strata,Condominium,1.0,10.0,Core Central Region,23,7,11,15,1,9999,0,9999,0,0.0,0,0,0,3,-0.4999999999999998,-0.8660254037844388,5632554.610501822
FOURTH AVENUE RESIDENCES,688.9,FOURTH AVENUE,New Sale,Strata,Apartment,1.0,10.0,Core Central Region,21,9,6,10,0,99,2018,96,3,0.030303030303030304,1,0,0,3,-1.0,-1.8369701987210297e-16,1691907.3311929621
EMERALD OF KATONG,645.84,JALAN TEMBUSU,New Sale,Strata,Condominium,1.0,15.0,Rest of Central Region,24,11,1,5,0,99,2023,98,1,0.010101010101010102,1,1,1,4,-0.5000000000000004,0.8660254037844384,1666569.6178265065
THE TRILINQ,914.94,JALAN LEMPENG,Resale,Strata,Condominium,1.0,5.0,Outside Central Region,21,8,21,25,0,99,2012,90,9,0.09090909090909091,1,0,0,3,-0.8660254037844384,-0.5000000000000004,1418695.9736461232
AVILA GARDENS,893.41,FLORA ROAD,Resale,Strata,Condominium,1.0,17.0,Outside Central Region,23,5,1,5,1,9999,0,9999,0,0.0,0,0,0,2,0.49999999999999994,-0.8660254037844387,953975.6411816226
THE AVENIR,2066.69,RIVER VALLEY CLOSE,New Sale,Strata,Condominium,1.0,9.0,Core Central Region,21,12,21,25,1,9999,0,9999,0,0.0,0,0,0,4,-2.4492935982947064e-16,1.0,7108192.192919976
NEPTUNE COURT,1636.13,MARINE VISTA,Resale,Strata,Apartment,1.0,15.0,Outside Central Region,23,6,1,5,0,99,1975,51,48,0.48484848484848486,3,0,0,2,1.2246467991473532e-16,-1.0,1675920.491061953
CASTLE GREEN,1410.08,YIO CHU KANG ROAD,Resale,Strata,Condominium,1.0,26.0,Outside Central Region,22,12,11,15,0,99,1993,70,29,0.29292929292929293,2,0,0,4,-2.4492935982947064e-16,1.0,1661476.668331916
SUITES @ SHREWSBURY,344.45,SHREWSBURY ROAD,Resale,Strata,Apartment,1.0,11.0,Core Central Region,20,11,1,5,1,9999,0,9999,0,0.0,0,1,1,4,-0.5000000000000004,0.8660254037844384,636710.0536408662
TANAMERA CREST,1162.51,PARI DEDAP WALK,Resale,Strata,Condominium,1.0,16.0,Outside Central Region,21,9,6,10,0,99,2000,78,21,0.21212121212121213,2,0,0,3,-1.0,-1.8369701987210297e-16,1027428.260238155
THE INSPIRA,1216.33,ARNASALAM CHETTY ROAD,Resale,Strata,Condominium,1.0,9.0,Core Central Region,22,11,6,10,1,9999,0,9999,0,0.0,0,1,1,4,-0.5000000000000004,0.8660254037844384,2755055.8904504604
CAIRNHILL CREST,818.06,CAIRNHILL CIRCLE,Resale,Strata,Condominium,1.0,9.0,Core Central Region,24,12,1,5,1,9999,0,9999,0,0.0,0,0,0,4,-2.4492935982947064e-16,1.0,1848149.9562687653
BUKIT REGENCY,1399.32,UPPER BUKIT TIMAH VIEW,Resale,Strata,Condominium,1.0,21.0,Rest of Central Region,23,1,1,5,1,9999,0,9999,0,0.0,0,0,0,1,0.49999999999999994,0.8660254037844387,2118000.6813729694
FERRARIA PARK CONDOMINIUM,1022.58,FLORA DRIVE,Resale,Strata,Condominium,1.0,17.0,Outside Central Region,24,8,1,5,1,9999,0,9999,0,0.0,0,0,0,3,-0.8660254037844384,-0.5000000000000004,1256422.5458550826
IRWELL HILL RESIDENCES,656.6,IRWELL HILL,New Sale,Strata,Apartment,1.0,9.0,Core Central Region,21,4,16,20,0,99,2020,98,1,0.010101010101010102,1,0,0,2,0.8660254037844387,-0.49999999999999983,1782128.464360005
THE MILTONIA RESIDENCES,516.67,MILTONIA CLOSE,Resale,Strata,Condominium,1.0,27.0,Outside Central Region,22,12,1,5,0,99,2010,87,12,0.12121212121212122,1,0,0,4,-2.4492935982947064e-16,1.0,672101.896879383
THE ALPS RESIDENCES,505.91,TAMPINES STREET 86,Sub Sale,Strata,Condominium,1.0,18.0,Outside Central Region,21,9,1,5,0,99,2015,93,6,0.06060606060606061,1,0,0,3,-1.0,-1.8369701987210297e-16,666697.5340867938
SPOTTISWOODE PARK,850.36,SPOTTISWOODE PARK ROAD,Resale,Strata,Apartment,1.0,2.0,Rest of Central Region,21,11,11,15,0,99,1973,51,48,0.48484848484848486,3,1,1,4,-0.5000000000000004,0.8660254037844384,899714.317241488
RHAPSODY ON MOUNT ELIZABETH,1560.78,MOUNT ELIZABETH,Resale,Strata,Apartment,1.0,9.0,Core Central Region,21,3,1,5,1,9999,0,9999,0,0.0,0,0,0,1,1.0,6.123233995736766e-17,2700301.410159846
THE FLORENCE RESIDENCES,527.44,HOUGANG AVENUE 2,New Sale,Strata,Apartment,1.0,19.0,Outside Central Region,21,8,11,15,0,99,2018,96,3,0.030303030303030304,1,0,0,3,-0.8660254037844384,-0.5000000000000004,904095.3267841329
CITY SQUARE RESIDENCES,570.49,KITCHENER LINK,Resale,Strata,Condominium,1.0,8.0,Rest of Central Region,21,4,1,5,1,9999,0,9999,0,0.0,0,0,0,2,0.8660254037844387,-0.49999999999999983,970742.2713115475
SIMS URBAN OASIS,785.77,SIMS DRIVE,Resale,Strata,Condominium,1.0,14.0,Rest of Central Region,21,3,11,15,0,99,2014,92,7,0.0707070707070707,1,0,0,1,1.0,6.123233995736766e-17,1168158.4850972726
SEASTRAND,882.65,PASIR RIS LINK,Resale,Strata,Condominium,1.0,18.0,Outside Central Region,21,8,6,10,0,99,2011,89,10,0.10101010101010101,1,0,0,3,-0.8660254037844384,-0.5000000000000004,887502.0326174699
YISHUN SAPPHIRE,1194.8,CANBERRA DRIVE,Resale,Strata,Condominium,1.0,27.0,Outside Central Region,24,10,6,10,0,99,1998,73,26,0.26262626262626265,2,1,0,4,-0.8660254037844386,0.5000000000000001,1303509.9777317548
ARCHIPELAGO,839.59,BEDOK RESERVOIR ROAD,Resale,Strata,Condominium,1.0,16.0,Outside Central Region,21,2,1,5,0,99,2011,89,10,0.10101010101010101,1,0,0,1,0.8660254037844386,0.5000000000000001,968034.3371305725
KINGSFORD . HILLVIEW PEAK,548.96,HILLVIEW RISE,Resale,Strata,Condominium,1.0,23.0,Outside Central Region,22,2,6,10,0,99,2012,89,10,0.10101010101010101,1,0,0,1,0.8660254037844386,0.5000000000000001,741840.1821233687
ICON,570.49,GOPENG STREET,Resale,Strata,Apartment,1.0,2.0,Core Central Region,21,7,11,15,0,99,2002,80,19,0.1919191919191919,1,0,0,3,-0.4999999999999998,-0.8660254037844388,1008248.0261662514
ONE BERNAM,441.32,BERNAM STREET,New Sale,Strata,Apartment,1.0,2.0,Core Central Region,21,10,21,25,0,99,2019,97,2,0.020202020202020204,1,1,0,4,-0.8660254037844386,0.5000000000000001,1258418.9745012235
OXLEY RESIDENCE,2572.6,OXLEY ROAD,Resale,Strata,Condominium,1.0,9.0,Core Central Region,24,9,1,5,1,9999,0,9999,0,0.0,0,0,0,3,-1.0,-1.8369701987210297e-16,5015765.059834168
ALEXIS,828.83,ALEXANDRA ROAD,Resale,Strata,Apartment,1.0,3.0,Rest of Central Region,20,11,6,10,1,9999,0,9999,0,0.0,0,1,1,4,-0.5000000000000004,0.8660254037844384,1098407.0936827315
THE CASCADIA,1410.08,BUKIT TIMAH ROAD,Resale,Strata,Condominium,1.0,21.0,Rest of Central Region,21,5,1,5,1,9999,0,9999,0,0.0,0,0,0,2,0.49999999999999994,-0.8660254037844387,2375232.0554772974
THE CLEMENT CANOPY,635.08,CLEMENTI AVENUE 1,Resale,Strata,Apartment,1.0,5.0,Outside Central Region,21,12,21,25,0,99,2016,94,5,0.050505050505050504,1,0,0,4,-2.4492935982947064e-16,1.0,1058549.894048265
TEMBUSU GRAND,1173.28,JALAN TEMBUSU,New Sale,Strata,Condominium,1.0,15.0,Rest of Central Region,24,11,1,5,0,99,2022,97,2,0.020202020202020204,1,1,1,4,-0.5000000000000004,0.8660254037844384,2772119.9349456034
MIDTOWN MODERN,1733.0,TAN QUEE LAN STREET,New Sale,Strata,Apartment,1.0,7.0,Core Central Region,24,6,1,5,0,99,2019,94,5,0.050505050505050504,1,0,0,2,1.2246467991473532e-16,-1.0,4970080.037618876
THE WOODLEIGH RESIDENCES,1076.4,BIDADARI PARK DRIVE,New Sale,Strata,Apartment,1.0,13.0,Rest of Central Region,22,10,1,5,0,99,2017,94,5,0.050505050505050504,1,1,0,4,-0.8660254037844386,0.5000000000000001,2357214.079877734
TWIN REGENCY,1776.06,KIM TIAN ROAD,Resale,Strata,Condominium,1.0,3.0,Rest of Central Region,20,12,1,5,1,9999,0,9999,0,0.0,0,0,0,4,-2.4492935982947064e-16,1.0,2513350.706210991
PARC ROSEWOOD,430.56,ROSEWOOD DRIVE,Resale,Strata,Condominium,1.0,25.0,Outside Central Region,24,9,1,5,0,99,2011,86,13,0.13131313131313133,1,0,0,3,-1.0,-1.8369701987210297e-16,656247.6942039712
MONT BOTANIK RESIDENCE,699.66,JALAN REMAJA,New Sale,Strata,Condominium,1.0,23.0,Outside Central Region,21,7,1,5,1,9999,0,9999,0,0.0,0,0,0,3,-0.4999999999999998,-0.8660254037844388,1173651.652384512
THE HELICONIA,1367.03,JALAN DAUD,Resale,Strata,Condominium,1.0,14.0,Outside Central Region,23,5,1,5,1,9999,0,9999,0,0.0,0,0,0,2,0.49999999999999994,-0.8660254037844387,1779820.359527516
RIVERVALE CREST,968.76,RIVERVALE CRESCENT,Resale,Strata,Apartment,1.0,19.0,Outside Central Region,22,3,6,10,0,99,1997,74,25,0.25252525252525254,2,0,0,1,1.0,6.123233995736766e-17,876459.3648567704
THE RESERVE RESIDENCES,796.54,JALAN ANAK BUKIT,New Sale,Strata,Apartment,1.0,21.0,Rest of Central Region,23,5,11,15,0,99,2021,97,2,0.020202020202020204,1,0,0,2,0.49999999999999994,-0.8660254037844387,2009480.6369870165
NIN RESIDENCE,473.62,PHENG GECK AVENUE,Resale,Strata,Apartment,1.0,13.0,Rest of Central Region,22,7,11,15,0,99,2010,87,12,0.12121212121212122,1,0,0,3,-0.4999999999999998,-0.8660254037844388,769284.4787468795
THE INSPIRA,936.47,ARNASALAM CHETTY ROAD,Resale,Strata,Condominium,1.0,9.0,Core Central Region,23,2,11,15,1,9999,0,9999,0,0.0,0,0,0,1,0.8660254037844386,0.5000000000000001,2193678.497581386
THE TRILINQ,1108.69,JALAN LEMPENG,Resale,Strata,Condominium,1.0,5.0,Outside Central Region,24,3,6,10,0,99,2012,87,12,0.12121212121212122,1,0,0,1,1.0,6.123233995736766e-17,1827416.3948593205
THE RESERVE RESIDENCES,1044.11,JALAN ANAK BUKIT,New Sale,Strata,Apartment,1.0,21.0,Rest of Central Region,23,5,11,15,0,99,2021,97,2,0.020202020202020204,1,0,0,2,0.49999999999999994,-0.8660254037844387,2526981.615130887
CHUAN PARK,1205.57,LORONG CHUAN,New Sale,Strata,Condominium,1.0,19.0,Outside Central Region,24,11,6,10,0,99,2024,99,0,0.0,1,1,1,4,-0.5000000000000004,0.8660254037844384,3048682.284118629
RIDGEWOOD,1743.77,RIDGEWOOD CLOSE,Resale,Strata,Condominium,1.0,10.0,Core Central Region,22,7,11,15,0,999,1885,862,137,0.13713713713713713,1,0,0,3,-0.4999999999999998,-0.8660254037844388,2984636.893706839
DUNEARN 386,914.94,DUNEARN ROAD,New Sale,Strata,Apartment,1.0,11.0,Core Central Region,20,12,1,5,1,9999,0,9999,0,0.0,0,0,0,4,-2.4492935982947064e-16,1.0,2227100.511789127
MEYER MANSION,1108.69,MEYER ROAD,New Sale,Strata,Apartment,1.0,15.0,Rest of Central Region,22,3,1,5,1,9999,0,9999,0,0.0,0,0,0,1,1.0,6.123233995736766e-17,2780118.1908887825
TIVOLI GRANDE,796.54,KOON SENG ROAD,Resale,Strata,Apartment,1.0,15.0,Rest of Central Region,22,11,1,5,1,9999,0,9999,0,0.0,0,1,1,4,-0.5000000000000004,0.8660254037844384,1196311.3767983315
PARC ESTA,1119.46,SIMS AVENUE,New Sale,Strata,Apartment,1.0,14.0,Rest of Central Region,20,10,1,5,0,99,2018,97,2,0.020202020202020204,1,1,0,4,-0.8660254037844386,0.5000000000000001,1903128.7039045317
RESIDENTIAL APARTMENTS,1937.52,SIMS AVENUE,Resale,Strata,Apartment,1.0,14.0,Rest of Central Region,22,4,1,5,1,9999,0,9999,0,0.0,0,0,0,2,0.8660254037844387,-0.49999999999999983,2251029.887018779
THE RESIDENCES AT W SINGAPORE SENTOSA COVE,1657.66,OCEAN WAY,Resale,Strata,Condominium,1.0,4.0,Core Central Region,24,4,1,5,0,99,2006,81,18,0.18181818181818182,1,0,0,2,0.8660254037844387,-0.49999999999999983,2942103.75465918
CITY SQUARE RESIDENCES,1216.33,KITCHENER LINK,Resale,Strata,Condominium,1.0,8.0,Rest of Central Region,24,10,1,5,1,9999,0,9999,0,0.0,0,1,0,4,-0.8660254037844386,0.5000000000000001,2194212.6096266084
FLO RESIDENCE,1011.82,PUNGGOL FIELD WALK,Resale,Strata,Condominium,1.0,19.0,Outside Central Region,20,11,6,10,0,99,2011,90,9,0.09090909090909091,1,1,1,4,-0.5000000000000004,0.8660254037844384,973299.0322496032
AMBER PARK,462.85,AMBER GARDENS,New Sale,Strata,Condominium,1.0,15.0,Rest of Central Region,21,1,11,15,1,9999,0,9999,0,0.0,0,0,0,1,0.49999999999999994,0.8660254037844387,1164677.5513868565
GRAND DUNMAN,958.0,DUNMAN ROAD,New Sale,Strata,Apartment,1.0,15.0,Rest of Central Region,23,7,11,15,0,99,2022,98,1,0.010101010101010102,1,0,0,3,-0.4999999999999998,-0.8660254037844388,2392133.046844085
JADESCAPE,1646.89,SHUNFU ROAD,New Sale,Strata,Condominium,1.0,20.0,Rest of Central Region,21,3,11,15,0,99,2018,96,3,0.030303030303030304,1,0,0,1,1.0,6.123233995736766e-17,2841898.3832746954
PARC OASIS,1227.1,JURONG EAST AVENUE 1,Resale,Strata,Condominium,1.0,22.0,Outside Central Region,21,8,1,5,0,99,1991,69,30,0.30303030303030304,2,0,0,3,-0.8660254037844384,-0.5000000000000004,1138565.983410801
THE COMMODORE,1151.75,CANBERRA DRIVE,New Sale,Strata,Condominium,1.0,27.0,Outside Central Region,22,1,1,5,0,99,2020,97,2,0.020202020202020204,1,0,0,1,0.49999999999999994,0.8660254037844387,1598306.625766436
FORETT@BUKIT TIMAH,742.72,TOH TUCK ROAD,New Sale,Strata,Apartment,1.0,21.0,Rest of Central Region,20,12,1,5,1,9999,0,9999,0,0.0,0,0,0,4,-2.4492935982947064e-16,1.0,1450734.280201833
THE AVENIR,527.44,RIVER VALLEY CLOSE,New Sale,Strata,Condominium,1.0,9.0,Core Central Region,23,2,16,20,1,9999,0,9999,0,0.0,0,0,0,1,0.8660254037844386,0.5000000000000001,1583135.6834411086
PARK NOVA,2206.62,TOMLINSON ROAD,New Sale,Strata,Apartment,1.0,10.0,Core Central Region,21,10,11,15,1,9999,0,9999,0,0.0,0,1,0,4,-0.8660254037844386,0.5000000000000001,10702135.309261817
PARKVIEW APARTMENTS,1140.98,BUKIT BATOK STREET 25,Resale,Strata,Apartment,1.0,23.0,Outside Central Region,23,11,6,10,0,99,1994,70,29,0.29292929292929293,2,1,1,4,-0.5000000000000004,0.8660254037844384,1117281.1705032194
POH HENG COURT,1205.57,WOO MON CHEW ROAD,Resale,Strata,Apartment,1.0,15.0,Outside Central Region,22,4,1,5,1,9999,0,9999,0,0.0,0,0,0,2,0.8660254037844387,-0.49999999999999983,1737179.2187955175
THE TEMBUSU,1044.11,TAMPINES ROAD,Resale,Strata,Condominium,1.0,19.0,Outside Central Region,23,9,6,10,1,9999,0,9999,0,0.0,0,0,0,3,-1.0,-1.8369701987210297e-16,1867094.3323464785
AQUARIUS BY THE PARK,893.41,BEDOK RESERVOIR VIEW,Resale,Strata,Condominium,1.0,16.0,Outside Central Region,21,12,6,10,0,99,1996,74,25,0.25252525252525254,2,0,0,4,-2.4492935982947064e-16,1.0,900174.9410374459
GEM RESIDENCES,484.38,LORONG 5 TOA PAYOH,Sub Sale,Strata,Condominium,1.0,12.0,Rest of Central Region,22,1,16,20,0,99,2015,92,7,0.0707070707070707,1,0,0,1,0.49999999999999994,0.8660254037844387,809467.1214518952
THE GLADES,1001.05,BEDOK RISE,Resale,Strata,Condominium,1.0,16.0,Outside Central Region,21,8,6,10,0,99,2013,91,8,0.08080808080808081,1,0,0,3,-0.8660254037844384,-0.5000000000000004,1445140.642118852
STIRLING RESIDENCES,764.24,STIRLING ROAD,Sub Sale,Strata,Apartment,1.0,3.0,Rest of Central Region,22,8,31,35,0,99,2017,94,5,0.050505050505050504,1,0,0,3,-0.8660254037844384,-0.5000000000000004,1694862.967420445
UPPER SERANGOON SHOPPING CENTRE,1463.9,UPPER SERANGOON ROAD,Resale,Strata,Apartment,1.0,19.0,Outside Central Region,21,5,6,10,1,9999,0,9999,0,0.0,0,0,0,2,0.49999999999999994,-0.8660254037844387,1555522.7245826419
SUITES @ EUNOS,1108.69,JALAN YASIN,Resale,Strata,Apartment,1.0,14.0,Outside Central Region,23,8,1,5,1,9999,0,9999,0,0.0,0,0,0,3,-0.8660254037844384,-0.5000000000000004,1543957.2577310544
EUHABITAT,527.44,JALAN EUNOS,Resale,Strata,Condominium,1.0,14.0,Outside Central Region,23,5,1,5,0,99,2010,86,13,0.13131313131313133,1,0,0,2,0.49999999999999994,-0.8660254037844387,730764.3798675142
TERRASSE,807.3,TERRASSE LANE,Resale,Strata,Condominium,1.0,19.0,Outside Central Region,22,1,1,5,0,99,2010,87,12,0.12121212121212122,1,0,0,1,0.49999999999999994,0.8660254037844387,997544.664903517
DAIRY FARM RESIDENCES,1011.82,DAIRY FARM LANE,New Sale,Strata,Apartment,1.0,23.0,Outside Central Region,22,3,1,5,0,99,2018,95,4,0.04040404040404041,1,0,0,1,1.0,6.123233995736766e-17,1638762.5722402947
AVON PARK,2174.33,YOUNGBERG TERRACE,Resale,Strata,Condominium,1.0,13.0,Rest of Central Region,24,12,1,5,1,9999,0,9999,0,0.0,0,0,0,4,-2.4492935982947064e-16,1.0,3392788.4153269553
TREASURE AT TAMPINES,581.26,TAMPINES LANE,Sub Sale,Strata,Condominium,1.0,18.0,Outside Central Region,23,5,1,5,0,99,2018,94,5,0.050505050505050504,1,0,0,2,0.49999999999999994,-0.8660254037844387,940961.7913830598
THE WARREN,1313.21,CHOA CHU KANG LOOP,Resale,Strata,Condominium,1.0,23.0,Outside Central Region,22,9,1,5,0,99,2001,78,21,0.21212121212121213,2,0,0,3,-1.0,-1.8369701987210297e-16,1259543.1246947458
LIV @ MB,1517.72,ARTHUR ROAD,New Sale,Strata,Condominium,1.0,15.0,Rest of Central Region,22,5,16,20,0,99,2021,98,1,0.010101010101010102,1,0,0,2,0.49999999999999994,-0.8660254037844387,3651193.7894217907
BARTLEY VUE,731.95,JALAN BUNGA RAMPAI,New Sale,Strata,Apartment,1.0,19.0,Rest of Central Region,22,5,1,5,0,99,2020,97,2,0.020202020202020204,1,0,0,2,0.49999999999999994,-0.8660254037844387,1448567.5617004617
THE M,592.02,MIDDLE ROAD,Resale,Strata,Apartment,1.0,7.0,Core Central Region,24,12,11,15,0,99,2019,94,5,0.050505050505050504,1,0,0,4,-2.4492935982947064e-16,1.0,1278294.853626015
EIGHT RIVERSUITES,1076.4,WHAMPOA EAST,Resale,Strata,Condominium,1.0,12.0,Rest of Central Region,24,11,21,25,0,99,2011,86,13,0.13131313131313133,1,1,1,4,-0.5000000000000004,0.8660254037844384,1944025.8921390658
THE PALETTE,893.41,PASIR RIS GROVE,Resale,Strata,Condominium,1.0,18.0,Outside Central Region,22,4,6,10,0,99,2010,87,12,0.12121212121212122,1,0,0,2,0.8660254037844387,-0.49999999999999983,1040267.1067019484
ONE AMBER,958.0,AMBER GARDENS,Resale,Strata,Condominium,1.0,15.0,Rest of Central Region,24,5,16,20,1,9999,0,9999,0,0.0,0,0,0,2,0.49999999999999994,-0.8660254037844387,2192812.494819865
VISIONCREST,925.7,OXLEY RISE,Resale,Strata,Apartment,1.0,9.0,Core Central Region,21,9,1,5,1,9999,0,9999,0,0.0,0,0,0,3,-1.0,-1.8369701987210297e-16,1898166.985316436
DAINTREE RESIDENCE,548.96,TOH TUCK ROAD,New Sale,Strata,Condominium,1.0,21.0,Rest of Central Region,20,9,1,5,0,99,2017,96,3,0.030303030303030304,1,0,0,3,-1.0,-1.8369701987210297e-16,1032889.400885606
ANGULLIA PARK RESIDENCES @ ORCHARD,1905.23,CUSCADEN WALK,Resale,Strata,Apartment,1.0,10.0,Core Central Region,23,1,16,20,1,9999,0,9999,0,0.0,0,0,0,1,0.49999999999999994,0.8660254037844387,4546540.818741417
LENTOR MODERN,990.29,LENTOR CENTRAL,New Sale,Strata,Apartment,1.0,26.0,Outside Central Region,22,9,6,10,0,99,2021,98,1,0.010101010101010102,1,0,0,3,-1.0,-1.8369701987210297e-16,2043461.4575642839
MATTAR RESIDENCES,559.73,MATTAR ROAD,New Sale,Strata,Apartment,1.0,14.0,Rest of Central Region,24,2,1,5,1,9999,0,9999,0,0.0,0,0,0,1,0.8660254037844386,0.5000000000000001,1261970.7525556479
CITYSCAPE @FARRER PARK,2927.81,MERGUI ROAD,Resale,Strata,Condominium,1.0,8.0,Rest of Central Region,24,8,26,30,1,9999,0,9999,0,0.0,0,0,0,3,-0.8660254037844384,-0.5000000000000004,4014576.099707198
CHUAN PARK,699.66,LORONG CHUAN,New Sale,Strata,Condominium,1.0,19.0,Outside Central Region,24,11,16,20,0,99,2024,99,0,0.0,1,1,1,4,-0.5000000000000004,0.8660254037844384,1859477.2530685372
PETIT JERVOIS,775.01,JERVOIS ROAD,Resale,Strata,Apartment,1.0,10.0,Core Central Region,23,3,1,5,1,9999,0,9999,0,0.0,0,0,0,1,1.0,6.123233995736766e-17,1974663.0638066756
MEADOWS @ PEIRCE,1216.33,UPPER THOMSON ROAD,Resale,Strata,Condominium,1.0,26.0,Outside Central Region,24,7,1,5,1,9999,0,9999,0,0.0,0,0,0,3,-0.4999999999999998,-0.8660254037844388,2020316.6140623048
HILLHAVEN,678.13,HILLVIEW RISE,New Sale,Strata,Condominium,1.0,23.0,Outside Central Region,24,4,16,20,0,99,2023,98,1,0.010101010101010102,1,0,0,2,0.8660254037844387,-0.49999999999999983,1469435.2305065342
ARTHUR 118,990.29,ARTHUR ROAD,Resale,Strata,Apartment,1.0,15.0,Rest of Central Region,21,7,11,15,1,9999,0,9999,0,0.0,0,0,0,3,-0.4999999999999998,-0.8660254037844388,1589238.9728885044
MORI,710.42,GUILLEMARD ROAD,New Sale,Strata,Apartment,1.0,14.0,Rest of Central Region,21,12,1,5,1,9999,0,9999,0,0.0,0,0,0,4,-2.4492935982947064e-16,1.0,1305636.0254525756
FORETT@BUKIT TIMAH,764.24,TOH TUCK ROAD,New Sale,Strata,Apartment,1.0,21.0,Rest of Central Region,21,8,6,10,1,9999,0,9999,0,0.0,0,0,0,3,-0.8660254037844384,-0.5000000000000004,1558045.3643331006
ONE-NORTH EDEN,1119.46,SLIM BARRACKS RISE,New Sale,Strata,Apartment,1.0,5.0,Rest of Central Region,21,4,6,10,0,99,2019,97,2,0.020202020202020204,1,0,0,2,0.8660254037844387,-0.49999999999999983,2185778.182512848
JADESCAPE,1646.89,SHUNFU ROAD,New Sale,Strata,Condominium,1.0,20.0,Rest of Central Region,21,4,6,10,0,99,2018,96,3,0.030303030303030304,1,0,0,2,0.8660254037844387,-0.49999999999999983,2832022.4466539565
OCEAN PARK,2109.74,EAST COAST ROAD,Resale,Strata,Condominium,1.0,15.0,Outside Central Region,21,12,11,15,1,9999,0,9999,0,0.0,0,0,0,4,-2.4492935982947064e-16,1.0,3478740.0101095005
FYVE DERBYSHIRE,592.02,DERBYSHIRE ROAD,New Sale,Strata,Apartment,1.0,11.0,Core Central Region,22,10,11,15,1,9999,0,9999,0,0.0,0,1,0,4,-0.8660254037844386,0.5000000000000001,1484472.7549852552
MAYFAIR MODERN,958.0,RIFLE RANGE ROAD,New Sale,Strata,Condominium,1.0,21.0,Rest of Central Region,20,9,6,10,0,99,2018,97,2,0.020202020202020204,1,0,0,3,-1.0,-1.8369701987210297e-16,1819544.8602378212
MIDTOWN RESIDENCES,441.32,UPPER SERANGOON ROAD,Resale,Strata,Apartment,1.0,19.0,Outside Central Region,22,9,6,10,0,99,2013,90,9,0.09090909090909091,1,0,0,3,-1.0,-1.8369701987210297e-16,672386.2581301625
BURLINGTON SQUARE,839.59,BENCOOLEN STREET,Resale,Strata,Apartment,1.0,7.0,Rest of Central Region,20,12,11,15,0,99,1996,75,24,0.24242424242424243,2,0,0,4,-2.4492935982947064e-16,1.0,1113709.8347158267
HIGH PARK RESIDENCES,667.37,FERNVALE ROAD,Resale,Strata,Apartment,1.0,28.0,Outside Central Region,21,6,21,25,0,99,2014,92,7,0.0707070707070707,1,0,0,2,1.2246467991473532e-16,-1.0,863924.6950139854
HILLHAVEN,699.66,HILLVIEW RISE,New Sale,Strata,Condominium,1.0,23.0,Outside Central Region,24,9,16,20,0,99,2023,98,1,0.010101010101010102,1,0,0,3,-1.0,-1.8369701987210297e-16,1549114.6949621015
Q BAY RESIDENCES,1119.46,TAMPINES STREET 86,Resale,Strata,Condominium,1.0,18.0,Outside Central Region,23,6,11,15,0,99,2012,88,11,0.1111111111111111,1,0,0,2,1.2246467991473532e-16,-1.0,1624740.3839146842
NYON,818.06,AMBER ROAD,New Sale,Strata,Apartment,1.0,15.0,Rest of Central Region,21,10,1,5,1,9999,0,9999,0,0.0,0,1,0,4,-0.8660254037844386,0.5000000000000001,1868904.479361429
SUNNY PALMS,1044.11,LORONG G TELOK KURAU,Resale,Strata,Condominium,1.0,15.0,Outside Central Region,24,5,1,5,1,9999,0,9999,0,0.0,0,0,0,2,0.49999999999999994,-0.8660254037844387,1568940.4648139705
VERDALE,613.55,DE SOUZA AVENUE,New Sale,Strata,Apartment,1.0,21.0,Rest of Central Region,21,10,1,5,0,99,2018,96,3,0.030303030303030304,1,1,0,4,-0.8660254037844386,0.5000000000000001,1096817.4519039686
PARC ESTA,635.08,SIMS AVENUE,Sub Sale,Strata,Apartment,1.0,14.0,Rest of Central Region,23,8,6,10,0,99,2018,94,5,0.050505050505050504,1,0,0,3,-0.8660254037844384,-0.5000000000000004,1363058.9227829524
ASPEN HEIGHTS,1582.31,RIVER VALLEY ROAD,Resale,Strata,Condominium,1.0,9.0,Core Central Region,20,12,11,15,0,999,1841,820,179,0.17917917917917917,1,0,0,4,-2.4492935982947064e-16,1.0,2861384.556874823
THE METROPOLITAN CONDOMINIUM,839.59,ALEXANDRA VIEW,Resale,Strata,Condominium,1.0,3.0,Rest of Central Region,24,4,11,15,0,99,2006,81,18,0.18181818181818182,1,0,0,2,0.8660254037844387,-0.49999999999999983,1551533.861606156
BEDOK COURT,2411.14,BEDOK SOUTH AVENUE 3,Resale,Strata,Condominium,1.0,16.0,Outside Central Region,20,11,1,5,0,99,1982,61,38,0.3838383838383838,2,1,1,4,-0.5000000000000004,0.8660254037844384,1881326.8136065446
LIV @ MB,1668.42,ARTHUR ROAD,New Sale,Strata,Condominium,1.0,15.0,Rest of Central Region,22,9,16,20,0,99,2021,98,1,0.010101010101010102,1,0,0,3,-1.0,-1.8369701987210297e-16,3919309.8307002196
THE WHARF RESIDENCE,1539.25,TONG WATT ROAD,Resale,Strata,Condominium,1.0,9.0,Core Central Region,21,8,11,15,0,999,1841,819,180,0.18018018018018017,1,0,0,3,-0.8660254037844384,-0.5000000000000004,3309011.3715477875
THE COMMODORE,742.72,CANBERRA DRIVE,New Sale,Strata,Condominium,1.0,27.0,Outside Central Region,21,11,1,5,0,99,2020,98,1,0.010101010101010102,1,1,1,4,-0.5000000000000004,0.8660254037844384,1130114.695947441
ENVIO,1011.82,JOO CHIAT PLACE,Resale,Strata,Apartment,1.0,15.0,Outside Central Region,21,4,1,5,1,9999,0,9999,0,0.0,0,0,0,2,0.8660254037844387,-0.49999999999999983,1249992.2964601645
MIDWOOD,699.66,HILLVIEW RISE,New Sale,Strata,Condominium,1.0,23.0,Outside Central Region,21,3,6,10,0,99,2018,96,3,0.030303030303030304,1,0,0,1,1.0,6.123233995736766e-17,1155152.7486511765
PARC ESTA,635.08,SIMS AVENUE,Resale,Strata,Apartment,1.0,14.0,Rest of Central Region,24,5,11,15,0,99,2018,93,6,0.06060606060606061,1,0,0,2,0.49999999999999994,-0.8660254037844387,1434606.8029347206
THE SPECTRUM,1474.67,PASIR PANJANG ROAD,Resale,Strata,Condominium,1.0,5.0,Rest of Central Region,20,12,1,5,1,9999,0,9999,0,0.0,0,0,0,4,-2.4492935982947064e-16,1.0,1597136.7703903997
THE SAIL @ MARINA BAY,861.12,MARINA BOULEVARD,Resale,Strata,Apartment,1.0,1.0,Core Central Region,24,5,26,30,0,99,2002,77,22,0.2222222222222222,2,0,0,2,0.49999999999999994,-0.8660254037844387,1715109.7502693413
SYMPHONY SUITES,1022.58,YISHUN CLOSE,Resale,Strata,Condominium,1.0,27.0,Outside Central Region,23,3,6,10,0,99,2014,90,9,0.09090909090909091,1,0,0,1,1.0,6.123233995736766e-17,1230497.5462679379
EDELWEISS PARK CONDOMINIUM,3196.91,FLORA ROAD,Resale,Strata,Condominium,1.0,17.0,Outside Central Region,24,1,6,10,1,9999,0,9999,0,0.0,0,0,0,1,0.49999999999999994,0.8660254037844387,2632447.64041201
AFFINITY AT SERANGOON,753.48,SERANGOON NORTH AVENUE 1,New Sale,Strata,Apartment,1.0,19.0,Outside Central Region,20,10,1,5,0,99,2018,97,2,0.020202020202020204,1,1,0,4,-0.8660254037844386,0.5000000000000001,1173955.9813447453
GARDENVISTA,861.12,DUNEARN ROAD,Resale,Strata,Condominium,1.0,21.0,Rest of Central Region,24,4,1,5,0,99,1999,74,25,0.25252525252525254,2,0,0,2,0.8660254037844387,-0.49999999999999983,1595366.6464128755
PIN MANSIONS,1237.86,LIM AH PIN ROAD,Resale,Strata,Apartment,1.0,19.0,Outside Central Region,21,8,1,5,1,9999,0,9999,0,0.0,0,0,0,3,-0.8660254037844384,-0.5000000000000004,1393162.2814168571
OLEANDER TOWERS,1151.75,LORONG 1 TOA PAYOH,Resale,Strata,Apartment,1.0,12.0,Rest of Central Region,24,3,1,5,0,99,1995,70,29,0.29292929292929293,2,0,0,1,1.0,6.123233995736766e-17,1601410.0563947815
NORMANTON PARK,1054.87,NORMANTON PARK,New Sale,Strata,Apartment,1.0,5.0,Rest of Central Region,21,2,21,25,0,99,2019,97,2,0.020202020202020204,1,0,0,1,0.8660254037844386,0.5000000000000001,1885924.7222006766
NESS,559.73,LORONG 32 GEYLANG,Resale,Strata,Apartment,1.0,14.0,Rest of Central Region,24,4,1,5,1,9999,0,9999,0,0.0,0,0,0,2,0.8660254037844387,-0.49999999999999983,780319.234858735
TURQUOISE,3121.56,COVE DRIVE,Resale,Strata,Condominium,1.0,4.0,Core Central Region,22,2,6,10,0,99,2007,84,15,0.15151515151515152,1,0,0,1,0.8660254037844386,0.5000000000000001,5171644.422067259
ECHELON,1001.05,ALEXANDRA VIEW,Resale,Strata,Condominium,1.0,3.0,Rest of Central Region,21,7,36,40,0,99,2012,90,9,0.09090909090909091,1,0,0,3,-0.4999999999999998,-0.8660254037844388,1787451.8572117034
CITY GATE,710.42,BEACH ROAD,Resale,Strata,Apartment,1.0,7.0,Rest of Central Region,21,4,21,25,0,99,2014,92,7,0.0707070707070707,1,0,0,2,0.8660254037844387,-0.49999999999999983,1311247.5515273248
THE FLORENCE RESIDENCES,635.08,HOUGANG AVENUE 2,New Sale,Strata,Apartment,1.0,19.0,Outside Central Region,21,8,11,15,0,99,2018,96,3,0.030303030303030304,1,0,0,3,-0.8660254037844384,-0.5000000000000004,1107630.265430996
PINETREE HILL,1463.9,PINE GROVE,New Sale,Strata,Condominium,1.0,21.0,Rest of Central Region,24,8,6,10,0,99,2022,97,2,0.020202020202020204,1,0,0,3,-0.8660254037844384,-0.5000000000000004,3564293.6741588055
BREEZY MANSIONS,1054.87,SANDILANDS ROAD,Resale,Strata,Apartment,1.0,19.0,Outside Central Region,20,10,1,5,0,999,1886,865,134,0.13413413413413414,1,1,0,4,-0.8660254037844386,0.5000000000000001,1029361.5427876469
HYLL ON HOLLAND,1054.87,HOLLAND ROAD,New Sale,Strata,Condominium,1.0,10.0,Core Central Region,22,8,6,10,1,9999,0,9999,0,0.0,0,0,0,3,-0.8660254037844384,-0.5000000000000004,2840117.00040681
GLENDALE PARK,1248.62,HILLVIEW AVENUE,Resale,Strata,Condominium,1.0,23.0,Outside Central Region,21,7,1,5,1,9999,0,9999,0,0.0,0,0,0,3,-0.4999999999999998,-0.8660254037844388,1600731.4960763003
DAIRY FARM RESIDENCES,1011.82,DAIRY FARM LANE,New Sale,Strata,Apartment,1.0,23.0,Outside Central Region,22,2,1,5,0,99,2018,95,4,0.04040404040404041,1,0,0,1,0.8660254037844386,0.5000000000000001,1630958.4019790343
HIGH PARK RESIDENCES,1442.38,FERNVALE ROAD,Resale,Strata,Apartment,1.0,28.0,Outside Central Region,21,6,11,15,0,99,2014,92,7,0.0707070707070707,1,0,0,2,1.2246467991473532e-16,-1.0,1748233.2723828687
RESIDENTIAL APARTMENTS,2109.74,RIVER VALLEY ROAD,Resale,Land,Apartment,1.0,9.0,Core Central Region,23,7,1,5,1,9999,0,9999,0,0.0,0,0,0,3,-0.4999999999999998,-0.8660254037844388,9080997.233516738
MEYER MANSION,1399.32,MEYER ROAD,New Sale,Strata,Apartment,1.0,15.0,Rest of Central Region,22,5,21,25,1,9999,0,9999,0,0.0,0,0,0,2,0.49999999999999994,-0.8660254037844387,3831837.8687649267
THE INFLORA,742.72,FLORA DRIVE,Resale,Strata,Condominium,1.0,17.0,Outside Central Region,21,5,1,5,0,99,2012,90,9,0.09090909090909091,1,0,0,2,0.49999999999999994,-0.8660254037844387,748772.3839196913
HILLVIEW PARK,807.3,HILLVIEW AVENUE,Resale,Strata,Condominium,1.0,23.0,Outside Central Region,22,8,6,10,1,9999,0,9999,0,0.0,0,0,0,3,-0.8660254037844384,-0.5000000000000004,1190300.8175237614
MANDARIN GARDENS,1001.05,SIGLAP ROAD,Resale,Strata,Condominium,1.0,15.0,Outside Central Region,24,10,11,15,0,99,1982,57,42,0.42424242424242425,3,1,0,4,-0.8660254037844386,0.5000000000000001,1706972.5328126398
RIVIERE,1506.96,JIAK KIM STREET,New Sale,Strata,Apartment,1.0,3.0,Rest of Central Region,23,1,31,35,0,99,2018,94,5,0.050505050505050504,1,0,0,1,0.49999999999999994,0.8660254037844387,4696381.316839427
D'NEST,936.47,PASIR RIS GROVE,Resale,Strata,Condominium,1.0,18.0,Outside Central Region,22,6,1,5,0,99,2010,87,12,0.12121212121212122,1,0,0,2,1.2246467991473532e-16,-1.0,1083866.7033622577
AFFINITY AT SERANGOON,473.62,SERANGOON NORTH AVENUE 1,New Sale,Strata,Apartment,1.0,19.0,Outside Central Region,20,10,1,5,0,99,2018,97,2,0.020202020202020204,1,1,0,4,-0.8660254037844386,0.5000000000000001,765360.507223091
THE SAIL @ MARINA BAY,1054.87,MARINA BOULEVARD,Resale,Strata,Apartment,1.0,1.0,Core Central Region,22,1,1,5,0,99,2002,79,20,0.20202020202020202,2,0,0,1,0.49999999999999994,0.8660254037844387,1947208.1509361272
VERDALE,731.95,DE SOUZA AVENUE,New Sale,Strata,Apartment,1.0,21.0,Rest of Central Region,21,10,1,5,0,99,2018,96,3,0.030303030303030304,1,1,0,4,-0.8660254037844386,0.5000000000000001,1336269.0528765228
KENT RIDGE HILL RESIDENCES,473.62,SOUTH BUONA VISTA ROAD,Sub Sale,Strata,Apartment,1.0,5.0,Rest of Central Region,23,6,1,5,0,99,2018,94,5,0.050505050505050504,1,0,0,2,1.2246467991473532e-16,-1.0,947955.3691791558
WATERBANK AT DAKOTA,1571.54,DAKOTA CRESCENT,Resale,Strata,Condominium,1.0,14.0,Rest of Central Region,21,3,11,15,0,99,2009,87,12,0.12121212121212122,1,0,0,1,1.0,6.123233995736766e-17,2395146.209619597
THE CONTINUUM,667.37,THIAM SIEW AVENUE,New Sale,Strata,Apartment,1.0,15.0,Rest of Central Region,23,7,1,5,1,9999,0,9999,0,0.0,0,0,0,3,-0.4999999999999998,-0.8660254037844388,1757614.3843949556
SKIES MILTONIA,484.38,MILTONIA CLOSE,Resale,Strata,Condominium,1.0,27.0,Outside Central Region,22,9,1,5,0,99,2012,89,10,0.10101010101010101,1,0,0,3,-1.0,-1.8369701987210297e-16,626432.4373731005
JERVOIS MANSION,1474.67,JERVOIS CLOSE,New Sale,Strata,Apartment,1.0,10.0,Core Central Region,21,10,1,5,1,9999,0,9999,0,0.0,0,1,0,4,-0.8660254037844386,0.5000000000000001,3766789.4364103214
THE GARDENS AT BISHAN,882.65,SIN MING WALK,Resale,Strata,Condominium,1.0,20.0,Rest of Central Region,22,6,6,10,0,99,1997,74,25,0.25252525252525254,2,0,0,2,1.2246467991473532e-16,-1.0,1205319.050093112
NV RESIDENCES,1259.39,PASIR RIS GROVE,Resale,Strata,Condominium,1.0,18.0,Outside Central Region,20,9,1,5,0,99,2008,87,12,0.12121212121212122,1,0,0,3,-1.0,-1.8369701987210297e-16,1064571.7299414796
TREASURE AT TAMPINES,1087.16,TAMPINES LANE,Resale,Strata,Condominium,1.0,18.0,Outside Central Region,24,10,6,10,0,99,2018,93,6,0.06060606060606061,1,1,0,4,-0.8660254037844386,0.5000000000000001,1831974.849057208
KINGSFORD WATERBAY,850.36,UPPER SERANGOON VIEW,Resale,Strata,Apartment,1.0,19.0,Outside Central Region,22,9,6,10,0,99,2014,91,8,0.08080808080808081,1,0,0,3,-1.0,-1.8369701987210297e-16,1090427.1931413463
HYLL ON HOLLAND,699.66,HOLLAND ROAD,New Sale,Strata,Condominium,1.0,10.0,Core Central Region,23,5,11,15,1,9999,0,9999,0,0.0,0,0,0,2,0.49999999999999994,-0.8660254037844387,2009764.8373695372
THE CLEMENT CANOPY,710.42,CLEMENTI AVENUE 1,Resale,Strata,Apartment,1.0,5.0,Outside Central Region,24,3,36,40,0,99,2016,91,8,0.08080808080808081,1,0,0,1,1.0,6.123233995736766e-17,1324780.4505421866
LAKEVILLE,635.08,JURONG LAKE LINK,Resale,Strata,Condominium,1.0,22.0,Outside Central Region,20,8,1,5,0,99,2013,92,7,0.0707070707070707,1,0,0,3,-0.8660254037844384,-0.5000000000000004,845217.4910492179
THE RESERVE RESIDENCES,656.6,JALAN ANAK BUKIT,New Sale,Strata,Apartment,1.0,21.0,Rest of Central Region,23,5,11,15,0,99,2021,97,2,0.020202020202020204,1,0,0,2,0.49999999999999994,-0.8660254037844387,1579372.8423042272
THE LAKEFRONT RESIDENCES,990.29,LAKESIDE DRIVE,Resale,Strata,Condominium,1.0,22.0,Outside Central Region,22,8,1,5,0,99,2010,87,12,0.12121212121212122,1,0,0,3,-0.8660254037844384,-0.5000000000000004,1260935.8437286832
TWIN VEW,731.95,WEST COAST VALE,Resale,Strata,Apartment,1.0,5.0,Outside Central Region,22,5,6,10,0,99,2017,94,5,0.050505050505050504,1,0,0,2,0.49999999999999994,-0.8660254037844387,1130648.661555005
IRWELL HILL RESIDENCES,398.27,IRWELL HILL,New Sale,Strata,Apartment,1.0,9.0,Core Central Region,21,4,1,5,0,99,2020,98,1,0.010101010101010102,1,0,0,2,0.8660254037844387,-0.49999999999999983,1039731.7633686651
V ON SHENTON,1754.53,SHENTON WAY,Resale,Strata,Apartment,1.0,1.0,Core Central Region,24,2,41,45,0,99,2011,86,13,0.13131313131313133,1,0,0,1,0.8660254037844386,0.5000000000000001,4053408.6906348136
THE SHORE RESIDENCES,893.41,AMBER ROAD,Resale,Strata,Condominium,1.0,15.0,Rest of Central Region,24,2,16,20,0,103,2009,88,15,0.14563106796116504,1,0,0,1,0.8660254037844386,0.5000000000000001,1747810.0323392185
URBAN TREASURES,452.09,JALAN EUNOS,New Sale,Strata,Condominium,1.0,14.0,Outside Central Region,20,11,6,10,1,9999,0,9999,0,0.0,0,1,1,4,-0.5000000000000004,0.8660254037844384,904280.6100352167
HILLSTA,1205.57,PHOENIX ROAD,Resale,Strata,Condominium,1.0,23.0,Outside Central Region,20,11,1,5,0,99,2011,90,9,0.09090909090909091,1,1,1,4,-0.5000000000000004,0.8660254037844384,1143501.4261181743
ONE PEARL BANK,893.41,PEARL BANK,New Sale,Strata,Apartment,1.0,3.0,Rest of Central Region,20,11,11,15,0,99,2019,98,1,0.010101010101010102,1,1,1,4,-0.5000000000000004,0.8660254037844384,1979155.855878622
HIGH PARK RESIDENCES,667.37,FERNVALE ROAD,Resale,Strata,Apartment,1.0,28.0,Outside Central Region,24,5,6,10,0,99,2014,89,10,0.10101010101010101,1,0,0,2,0.49999999999999994,-0.8660254037844387,997672.6193746609
SKY GREEN,753.48,MACPHERSON ROAD,Resale,Strata,Condominium,1.0,13.0,Rest of Central Region,24,2,11,15,1,9999,0,9999,0,0.0,0,0,0,1,0.8660254037844386,0.5000000000000001,1352603.3757489068
THE POIZ RESIDENCES,527.44,MEYAPPA CHETTIAR ROAD,Resale,Strata,Apartment,1.0,13.0,Rest of Central Region,20,11,1,5,0,99,2014,93,6,0.06060606060606061,1,1,1,4,-0.5000000000000004,0.8660254037844384,848049.9688444441
THE PANORAMA,452.09,ANG MO KIO AVENUE 2,Resale,Strata,Condominium,1.0,20.0,Outside Central Region,23,10,16,20,0,99,2013,89,10,0.10101010101010101,1,1,0,4,-0.8660254037844386,0.5000000000000001,867415.2089295865
8M RESIDENCES,893.41,MARGATE ROAD,Resale,Strata,Apartment,1.0,15.0,Rest of Central Region,23,5,11,15,1,9999,0,9999,0,0.0,0,0,0,2,0.49999999999999994,-0.8660254037844387,1646414.402542535
COMMONWEALTH TOWERS,441.32,COMMONWEALTH AVENUE,Resale,Strata,Condominium,1.0,3.0,Rest of Central Region,21,1,31,35,0,99,2013,91,8,0.08080808080808081,1,0,0,1,0.49999999999999994,0.8660254037844387,873867.0147766379
THE CONTINUUM,721.19,THIAM SIEW AVENUE,New Sale,Strata,Apartment,1.0,15.0,Rest of Central Region,23,5,1,5,1,9999,0,9999,0,0.0,0,0,0,2,0.49999999999999994,-0.8660254037844387,1937672.913658585
SKY EVERTON,2228.15,EVERTON ROAD,New Sale,Strata,Apartment,1.0,2.0,Rest of Central Region,22,3,36,40,1,9999,0,9999,0,0.0,0,0,0,1,1.0,6.123233995736766e-17,7293803.8652537465
GRANDEUR PARK RESIDENCES,882.65,BEDOK SOUTH AVENUE 3,Resale,Strata,Condominium,1.0,16.0,Outside Central Region,24,9,11,15,0,99,2016,91,8,0.08080808080808081,1,0,0,3,-1.0,-1.8369701987210297e-16,1590498.1901084147
IVORY HEIGHTS,1700.71,JURONG EAST STREET 13,Resale,Strata,Condominium,1.0,22.0,Outside Central Region,22,9,21,25,0,100,1986,64,36,0.36,2,0,0,3,-1.0,-1.8369701987210297e-16,1793204.5840255604
WATERBANK AT DAKOTA,1259.39,DAKOTA CRESCENT,Resale,Strata,Condominium,1.0,14.0,Rest of Central Region,22,10,1,5,0,99,2009,86,13,0.13131313131313133,1,1,0,4,-0.8660254037844386,0.5000000000000001,1920874.0113774834
HOLLAND PEAK,1011.82,HOLLAND HILL,Resale,Strata,Condominium,1.0,10.0,Core Central Region,23,8,1,5,1,9999,0,9999,0,0.0,0,0,0,3,-0.8660254037844384,-0.5000000000000004,1910576.5706655898
GRAND DUNMAN,1291.68,DUNMAN ROAD,New Sale,Strata,Apartment,1.0,15.0,Rest of Central Region,23,7,11,15,0,99,2022,98,1,0.010101010101010102,1,0,0,3,-0.4999999999999998,-0.8660254037844388,3225088.884000604
UNION SQUARE RESIDENCES,699.66,HAVELOCK ROAD,New Sale,Strata,Apartment,1.0,1.0,Rest of Central Region,24,11,6,10,0,99,2024,99,0,0.0,1,1,1,4,-0.5000000000000004,0.8660254037844384,2014136.5519746917
NORTH PARK RESIDENCES,430.56,YISHUN CENTRAL 1,Resale,Strata,Apartment,1.0,27.0,Outside Central Region,24,2,6,10,0,99,2015,90,9,0.09090909090909091,1,0,0,1,0.8660254037844386,0.5000000000000001,776703.9905503105
THE LANDMARK,678.13,CHIN SWEE ROAD,New Sale,Strata,Condominium,1.0,3.0,Rest of Central Region,24,7,36,40,0,99,2020,95,4,0.04040404040404041,1,0,0,3,-0.4999999999999998,-0.8660254037844388,1962408.960405069
CLIVEDEN AT GRANGE,2841.7,GRANGE ROAD,Resale,Strata,Condominium,1.0,10.0,Core Central Region,22,11,1,5,1,9999,0,9999,0,0.0,0,1,1,4,-0.5000000000000004,0.8660254037844384,7698628.557728689
EUHABITAT,548.96,JALAN EUNOS,Resale,Strata,Condominium,1.0,14.0,Outside Central Region,20,10,1,5,0,99,2010,89,10,0.10101010101010101,1,1,0,4,-0.8660254037844386,0.5000000000000001,678516.4547537894
COSTA DEL SOL,1313.21,BAYSHORE ROAD,Resale,Strata,Condominium,1.0,16.0,Outside Central Region,20,8,1,5,0,99,1997,76,23,0.23232323232323232,2,0,0,3,-0.8660254037844384,-0.5000000000000004,1603214.299721921
THE ANCHORAGE,1420.85,ALEXANDRA ROAD,Resale,Strata,Condominium,1.0,3.0,Rest of Central Region,24,5,6,10,1,9999,0,9999,0,0.0,0,0,0,2,0.49999999999999994,-0.8660254037844387,2700081.3619069234
REFLECTIONS AT KEPPEL BAY,3799.69,KEPPEL BAY VIEW,Resale,Strata,Condominium,1.0,4.0,Rest of Central Region,22,4,6,10,0,99,2006,83,16,0.16161616161616163,1,0,0,2,0.8660254037844387,-0.49999999999999983,6333198.132070853
NIN RESIDENCE,850.36,PHENG GECK AVENUE,Resale,Strata,Apartment,1.0,13.0,Rest of Central Region,23,2,1,5,0,99,2010,86,13,0.13131313131313133,1,0,0,1,0.8660254037844386,0.5000000000000001,1211098.678901706
NAVA GROVE,624.31,PINE GROVE,New Sale,Strata,Condominium,1.0,21.0,Rest of Central Region,24,11,21,25,0,99,2024,99,0,0.0,1,1,1,4,-0.5000000000000004,0.8660254037844384,1604703.0273214243
THE FLORENCE RESIDENCES,936.47,HOUGANG AVENUE 2,New Sale,Strata,Apartment,1.0,19.0,Outside Central Region,21,2,1,5,0,99,2018,96,3,0.030303030303030304,1,0,0,1,0.8660254037844386,0.5000000000000001,1454159.9259989192
HEDGES PARK CONDOMINIUM,871.88,FLORA DRIVE,Resale,Strata,Condominium,1.0,17.0,Outside Central Region,22,5,1,5,0,99,2010,87,12,0.12121212121212122,1,0,0,2,0.49999999999999994,-0.8660254037844387,927359.6987264669
SEASONS PARK,1065.64,YIO CHU KANG ROAD,Resale,Strata,Condominium,1.0,26.0,Outside Central Region,23,10,6,10,0,99,1995,71,28,0.2828282828282828,2,1,0,4,-0.8660254037844386,0.5000000000000001,1222169.7133552588
THE LANDMARK,678.13,CHIN SWEE ROAD,New Sale,Strata,Condominium,1.0,3.0,Rest of Central Region,20,11,6,10,0,99,2020,99,0,0.0,1,1,1,4,-0.5000000000000004,0.8660254037844384,1475442.889355645
ONE PEARL BANK,430.56,PEARL BANK,New Sale,Strata,Apartment,1.0,3.0,Rest of Central Region,21,12,21,25,0,99,2019,97,2,0.020202020202020204,1,0,0,4,-2.4492935982947064e-16,1.0,1165887.9774102133
CLAVON,958.0,CLEMENTI AVENUE 1,New Sale,Strata,Apartment,1.0,5.0,Outside Central Region,20,12,16,20,0,99,2019,98,1,0.010101010101010102,1,0,0,4,-2.4492935982947064e-16,1.0,1579420.2511142776
THE RESERVE RESIDENCES,731.95,JALAN ANAK BUKIT,New Sale,Strata,Apartment,1.0,21.0,Rest of Central Region,23,5,6,10,0,99,2021,97,2,0.020202020202020204,1,0,0,2,0.49999999999999994,-0.8660254037844387,1767848.4485530318
ALEXIS,807.3,ALEXANDRA ROAD,Resale,Strata,Apartment,1.0,3.0,Rest of Central Region,22,1,6,10,1,9999,0,9999,0,0.0,0,0,0,1,0.49999999999999994,0.8660254037844387,1215062.7029279505
ZEDGE,495.14,AKYAB ROAD,Resale,Strata,Apartment,1.0,11.0,Core Central Region,23,2,11,15,1,9999,0,9999,0,0.0,0,0,0,1,0.8660254037844386,0.5000000000000001,901542.7481005017
THE RAINTREE,1377.79,BUKIT DRIVE,Resale,Strata,Condominium,1.0,21.0,Outside Central Region,24,1,6,10,0,99,2003,78,21,0.21212121212121213,2,0,0,1,0.49999999999999994,0.8660254037844387,2039948.1951765558
RIVERTREES RESIDENCES,871.88,FERNVALE CLOSE,Resale,Strata,Apartment,1.0,28.0,Outside Central Region,24,5,16,20,0,99,2013,88,11,0.1111111111111111,1,0,0,2,0.49999999999999994,-0.8660254037844387,1299716.134838829
CONCOURSE SKYLINE,1162.51,BEACH ROAD,Resale,Strata,Apartment,1.0,7.0,Core Central Region,21,5,31,35,0,99,2008,86,13,0.13131313131313133,1,0,0,2,0.49999999999999994,-0.8660254037844387,2299547.4366673985
REFLECTIONS AT KEPPEL BAY,1377.79,KEPPEL BAY VIEW,Resale,Strata,Condominium,1.0,4.0,Rest of Central Region,21,6,26,30,0,99,2006,84,15,0.15151515151515152,1,0,0,2,1.2246467991473532e-16,-1.0,2303156.2149222502
VISIONCREST,742.72,OXLEY RISE,Resale,Strata,Apartment,1.0,9.0,Core Central Region,21,1,6,10,1,9999,0,9999,0,0.0,0,0,0,1,0.49999999999999994,0.8660254037844387,1503008.1460694598
EVERGREEN PARK,1022.58,HOUGANG AVENUE 7,Resale,Strata,Apartment,1.0,19.0,Outside Central Region,23,9,16,20,0,99,1995,71,28,0.2828282828282828,2,0,0,3,-1.0,-1.8369701987210297e-16,1129684.35398527
MARTIN PLACE RESIDENCES,1044.11,MARTIN PLACE,Resale,Strata,Condominium,1.0,9.0,Core Central Region,22,1,16,20,1,9999,0,9999,0,0.0,0,0,0,1,0.49999999999999994,0.8660254037844387,2573121.0267594345
PICCADILLY GRAND,516.67,NORTHUMBERLAND ROAD,New Sale,Strata,Apartment,1.0,8.0,Rest of Central Region,22,6,21,25,0,99,2021,98,1,0.010101010101010102,1,0,0,2,1.2246467991473532e-16,-1.0,1243378.0117891757
THE FLORENCE RESIDENCES,667.37,HOUGANG AVENUE 2,New Sale,Strata,Apartment,1.0,19.0,Outside Central Region,21,6,1,5,0,99,2018,96,3,0.030303030303030304,1,0,0,2,1.2246467991473532e-16,-1.0,1082270.8746371036
BLISS@KOVAN,914.94,SIMON LANE,Resale,Strata,Condominium,1.0,19.0,Outside Central Region,23,1,1,5,1,9999,0,9999,0,0.0,0,0,0,1,0.49999999999999994,0.8660254037844387,1373880.1795400905
PARC OLYMPIA,1162.51,FLORA DRIVE,Resale,Strata,Condominium,1.0,17.0,Outside Central Region,23,10,6,10,0,99,2012,88,11,0.1111111111111111,1,1,0,4,-0.8660254037844386,0.5000000000000001,1352084.1596174801
LUMIERE,678.13,MISTRI ROAD,Resale,Strata,Apartment,1.0,2.0,Core Central Region,24,3,31,35,0,99,2006,81,18,0.18181818181818182,1,0,0,1,1.0,6.123233995736766e-17,1274974.2327268915
DUCHESS CREST,1345.5,DUCHESS AVENUE,Resale,Strata,Condominium,1.0,10.0,Core Central Region,22,10,1,5,0,99,1995,72,27,0.2727272727272727,2,1,0,4,-0.8660254037844386,0.5000000000000001,2391051.5842656526
ASCENTIA SKY,1819.12,ALEXANDRA VIEW,Resale,Strata,Condominium,1.0,3.0,Rest of Central Region,24,9,31,35,0,99,2008,83,16,0.16161616161616163,1,0,0,3,-1.0,-1.8369701987210297e-16,3438628.7942363573
RIVIERA 38,742.72,MAR THOMA ROAD,Resale,Strata,Apartment,1.0,12.0,Rest of Central Region,21,11,21,25,0,999,1882,860,139,0.13913913913913914,1,1,1,4,-0.5000000000000004,0.8660254037844384,1066791.9365159238
PULLMAN RESIDENCES NEWTON,1162.51,DUNEARN ROAD,New Sale,Strata,Apartment,1.0,11.0,Core Central Region,23,9,26,30,1,9999,0,9999,0,0.0,0,0,0,3,-1.0,-1.8369701987210297e-16,3657694.344360879
THE SAIL @ MARINA BAY,688.9,MARINA BOULEVARD,Resale,Strata,Apartment,1.0,1.0,Core Central Region,22,11,11,15,0,99,2002,79,20,0.20202020202020202,2,1,1,4,-0.5000000000000004,0.8660254037844384,1324665.9109686927
THE GARDEN RESIDENCES,807.3,SERANGOON NORTH VIEW,Resale,Strata,Apartment,1.0,19.0,Outside Central Region,24,8,11,15,0,99,2017,92,7,0.0707070707070707,1,0,0,3,-0.8660254037844384,-0.5000000000000004,1450304.191077805
ECO SANCTUARY,731.95,CHESTNUT AVENUE,Resale,Strata,Condominium,1.0,23.0,Outside Central Region,20,10,1,5,0,99,2012,91,8,0.08080808080808081,1,1,0,4,-0.8660254037844386,0.5000000000000001,881829.230072429
PARC CLEMATIS,1184.04,JALAN LEMPENG,Sub Sale,Strata,Apartment,1.0,5.0,Outside Central Region,24,2,21,25,0,99,2019,94,5,0.050505050505050504,1,0,0,1,0.8660254037844386,0.5000000000000001,2619417.1789655653
H2O RESIDENCES,1076.4,FERNVALE LINK,Resale,Strata,Condominium,1.0,28.0,Outside Central Region,22,9,16,20,0,99,2010,87,12,0.12121212121212122,1,0,0,3,-1.0,-1.8369701987210297e-16,1341174.8452737953
SEASIDE RESIDENCES,505.91,SIGLAP LINK,Resale,Strata,Apartment,1.0,15.0,Outside Central Region,23,4,11,15,0,99,2016,92,7,0.0707070707070707,1,0,0,2,0.8660254037844387,-0.49999999999999983,1083501.970620781
J'DEN,850.36,JURONG EAST CENTRAL 1,New Sale,Strata,Apartment,1.0,22.0,Outside Central Region,23,11,11,15,0,99,2023,99,0,0.0,1,1,1,4,-0.5000000000000004,0.8660254037844384,2053012.4081933787
JEWEL @ BUANGKOK,721.19,COMPASSVALE BOW,Resale,Strata,Condominium,1.0,19.0,Outside Central Region,23,5,11,15,0,99,2012,88,11,0.1111111111111111,1,0,0,2,0.49999999999999994,-0.8660254037844387,1174377.9832219225
RIVERTREES RESIDENCES,1205.57,FERNVALE CLOSE,Resale,Strata,Apartment,1.0,28.0,Outside Central Region,21,10,1,5,0,99,2013,91,8,0.08080808080808081,1,1,0,4,-0.8660254037844386,0.5000000000000001,1337110.7044320886
ONE DRAYCOTT,731.95,DRAYCOTT PARK,New Sale,Strata,Apartment,1.0,10.0,Core Central Region,21,11,1,5,1,9999,0,9999,0,0.0,0,1,1,4,-0.5000000000000004,0.8660254037844384,2179551.872543959
NORMANTON PARK,1087.16,NORMANTON PARK,New Sale,Strata,Apartment,1.0,5.0,Rest of Central Region,21,1,6,10,0,99,2019,97,2,0.020202020202020204,1,0,0,1,0.49999999999999994,0.8660254037844387,1815569.9876132142
THE GREENWICH,1227.1,SELETAR ROAD,Resale,Strata,Condominium,1.0,28.0,Outside Central Region,21,10,1,5,0,99,2009,87,12,0.12121212121212122,1,1,0,4,-0.8660254037844386,0.5000000000000001,1291734.812252197
THE LANDMARK,1076.4,CHIN SWEE ROAD,New Sale,Strata,Condominium,1.0,3.0,Rest of Central Region,23,5,21,25,0,99,2020,96,3,0.030303030303030304,1,0,0,2,0.49999999999999994,-0.8660254037844387,2664577.6238359204
KOVAN RESIDENCES,1259.39,KOVAN ROAD,Resale,Strata,Condominium,1.0,19.0,Outside Central Region,22,10,1,5,0,99,2007,84,15,0.15151515151515152,1,1,0,4,-0.8660254037844386,0.5000000000000001,1914522.1347276752
NORWOOD GRAND,624.31,CHAMPIONS WAY,New Sale,Strata,Apartment,1.0,25.0,Outside Central Region,24,10,6,10,0,99,2023,98,1,0.010101010101010102,1,1,0,4,-0.8660254037844386,0.5000000000000001,1338383.9827091305
FORETT@BUKIT TIMAH,1140.98,TOH TUCK ROAD,New Sale,Strata,Apartment,1.0,21.0,Rest of Central Region,21,8,6,10,1,9999,0,9999,0,0.0,0,0,0,3,-0.8660254037844384,-0.5000000000000004,2174855.498385327
REGENT PARK,958.0,JALAN LEMPENG,Resale,Strata,Condominium,1.0,5.0,Outside Central Region,22,10,1,5,0,99,1993,70,29,0.29292929292929293,2,1,0,4,-0.8660254037844386,0.5000000000000001,1102435.3399849972
MIDTOWN BAY,462.85,BEACH ROAD,New Sale,Strata,Apartment,1.0,7.0,Core Central Region,22,5,16,20,0,99,2018,95,4,0.04040404040404041,1,0,0,2,0.49999999999999994,-0.8660254037844387,1556649.4173145364
RIVERSAILS,1108.69,UPPER SERANGOON CRESCENT,Resale,Strata,Condominium,1.0,19.0,Outside Central Region,24,11,6,10,0,99,2011,86,13,0.13131313131313133,1,1,1,4,-0.5000000000000004,0.8660254037844384,1633696.3461770564
PALM ISLES,516.67,FLORA DRIVE,Resale,Strata,Condominium,1.0,17.0,Outside Central Region,21,3,1,5,0,99,2011,89,10,0.10101010101010101,1,0,0,1,1.0,6.123233995736766e-17,550306.3832621719
LAKEHOLMZ,1270.15,CORPORATION ROAD,Resale,Strata,Condominium,1.0,22.0,Outside Central Region,21,7,16,20,0,99,2001,79,20,0.20202020202020202,2,0,0,3,-0.4999999999999998,-0.8660254037844388,1277069.8074629705
YISHUN SAPPHIRE,1216.33,CANBERRA DRIVE,Resale,Strata,Condominium,1.0,27.0,Outside Central Region,21,10,1,5,0,99,1998,76,23,0.23232323232323232,2,1,0,4,-0.8660254037844386,0.5000000000000001,992523.045869018
PENROSE,473.62,SIMS DRIVE,New Sale,Strata,Apartment,1.0,14.0,Rest of Central Region,20,9,6,10,0,99,2019,98,1,0.010101010101010102,1,0,0,3,-1.0,-1.8369701987210297e-16,825791.5224736076
LENTOR MODERN,1130.22,LENTOR CENTRAL,New Sale,Strata,Apartment,1.0,26.0,Outside Central Region,23,8,16,20,0,99,2021,97,2,0.020202020202020204,1,0,0,3,-0.8660254037844384,-0.5000000000000004,2383061.7920924714
HUME PARK I,1345.5,HUME AVENUE,Resale,Strata,Condominium,1.0,21.0,Outside Central Region,21,5,6,10,1,9999,0,9999,0,0.0,0,0,0,2,0.49999999999999994,-0.8660254037844387,1643039.4446397678
COCO PALMS,1248.62,PASIR RIS GROVE,Resale,Strata,Condominium,1.0,18.0,Outside Central Region,21,12,1,5,0,99,2008,86,13,0.13131313131313133,1,0,0,4,-2.4492935982947064e-16,1.0,1415999.3962125822
GRAND DUNMAN,667.37,DUNMAN ROAD,New Sale,Strata,Apartment,1.0,15.0,Rest of Central Region,23,7,1,5,0,99,2022,98,1,0.010101010101010102,1,0,0,3,-0.4999999999999998,-0.8660254037844388,1660732.5710417717
EMERALD PARK,1593.07,INDUS ROAD,Resale,Strata,Condominium,1.0,3.0,Rest of Central Region,21,3,11,15,0,99,1991,69,30,0.30303030303030304,2,0,0,1,1.0,6.123233995736766e-17,2132755.61234075
THE WISTERIA,1173.28,YISHUN RING ROAD,Resale,Strata,Apartment,1.0,27.0,Outside Central Region,21,7,11,15,0,99,2015,93,6,0.06060606060606061,1,0,0,3,-0.4999999999999998,-0.8660254037844388,1204857.929920534
PRINCIPAL GARDEN,1076.4,PRINCE CHARLES CRESCENT,Resale,Strata,Condominium,1.0,3.0,Rest of Central Region,24,5,21,25,0,99,2014,89,10,0.10101010101010101,1,0,0,2,0.49999999999999994,-0.8660254037844387,2547477.007964323
VENTUNO BALMORAL,1313.21,BALMORAL ROAD,Resale,Strata,Apartment,1.0,10.0,Core Central Region,20,12,6,10,1,9999,0,9999,0,0.0,0,0,0,4,-2.4492935982947064e-16,1.0,2474150.9096294446
PARVIS,990.29,HOLLAND HILL,Resale,Strata,Condominium,1.0,10.0,Core Central Region,23,10,6,10,1,9999,0,9999,0,0.0,0,1,0,4,-0.8660254037844386,0.5000000000000001,2361203.81035193
TANAMERA CREST,1173.28,PARI DEDAP WALK,Resale,Strata,Condominium,1.0,16.0,Outside Central Region,21,9,1,5,0,99,2000,78,21,0.21212121212121213,2,0,0,3,-1.0,-1.8369701987210297e-16,1004652.2468989358
CLAVON,678.13,CLEMENTI AVENUE 1,Sub Sale,Strata,Apartment,1.0,5.0,Outside Central Region,24,9,16,20,0,99,2019,94,5,0.050505050505050504,1,0,0,3,-1.0,-1.8369701987210297e-16,1306143.456434091
H2O RESIDENCES,1227.1,FERNVALE LINK,Resale,Strata,Condominium,1.0,28.0,Outside Central Region,21,4,16,20,0,99,2010,88,11,0.1111111111111111,1,0,0,2,0.8660254037844387,-0.49999999999999983,1269952.7416596937
REFLECTIONS AT KEPPEL BAY,1506.96,KEPPEL BAY VIEW,Resale,Strata,Condominium,1.0,4.0,Rest of Central Region,21,5,1,5,0,99,2006,84,15,0.15151515151515152,1,0,0,2,0.49999999999999994,-0.8660254037844387,2330945.3849468175
PENROSE,1173.28,SIMS DRIVE,New Sale,Strata,Apartment,1.0,14.0,Rest of Central Region,22,4,1,5,0,99,2019,96,3,0.030303030303030304,1,0,0,2,0.8660254037844387,-0.49999999999999983,1993423.9959705712
THE MYST,678.13,UPPER BUKIT TIMAH ROAD,New Sale,Strata,Condominium,1.0,23.0,Outside Central Region,24,6,16,20,0,99,2023,98,1,0.010101010101010102,1,0,0,2,1.2246467991473532e-16,-1.0,1549857.1322247023
THE ROCHESTER RESIDENCES,1302.44,ROCHESTER DRIVE,Resale,Strata,Apartment,1.0,5.0,Rest of Central Region,24,2,31,35,0,99,2005,80,19,0.1919191919191919,1,0,0,1,0.8660254037844386,0.5000000000000001,2190096.486565075
THE PANORAMA,452.09,ANG MO KIO AVENUE 2,Resale,Strata,Condominium,1.0,20.0,Outside Central Region,20,9,11,15,0,99,2013,92,7,0.0707070707070707,1,0,0,3,-1.0,-1.8369701987210297e-16,727077.9191827965
ONE PEARL BANK,1431.61,PEARL BANK,New Sale,Strata,Apartment,1.0,3.0,Rest of Central Region,21,1,26,30,0,99,2019,97,2,0.020202020202020204,1,0,0,1,0.49999999999999994,0.8660254037844387,3264103.718199493
RIVERFRONT RESIDENCES,914.94,HOUGANG AVENUE 7,New Sale,Strata,Apartment,1.0,19.0,Outside Central Region,20,11,1,5,0,99,2018,97,2,0.020202020202020204,1,1,1,4,-0.5000000000000004,0.8660254037844384,1247359.1022096656
MOONSTONE RESIDENCES,1237.86,MOONSTONE LANE,Resale,Strata,Apartment,1.0,12.0,Rest of Central Region,23,6,6,10,1,9999,0,9999,0,0.0,0,0,0,2,1.2246467991473532e-16,-1.0,1777298.956507983
THE MYST,1689.95,UPPER BUKIT TIMAH ROAD,New Sale,Strata,Condominium,1.0,23.0,Outside Central Region,24,9,6,10,0,99,2023,98,1,0.010101010101010102,1,0,0,3,-1.0,-1.8369701987210297e-16,3171542.7270767693
SOPHIA RESIDENCE,796.54,SOPHIA ROAD,Resale,Strata,Condominium,1.0,9.0,Core Central Region,22,5,6,10,1,9999,0,9999,0,0.0,0,0,0,2,0.49999999999999994,-0.8660254037844387,1539617.2798200762
KINGSFORD WATERBAY,635.08,UPPER SERANGOON VIEW,Resale,Strata,Apartment,1.0,19.0,Outside Central Region,23,12,1,5,0,99,2014,90,9,0.09090909090909091,1,0,0,4,-2.4492935982947064e-16,1.0,909074.0476869532
THE CONTINUUM,947.23,THIAM SIEW AVENUE,New Sale,Strata,Apartment,1.0,15.0,Rest of Central Region,23,5,1,5,1,9999,0,9999,0,0.0,0,0,0,2,0.49999999999999994,-0.8660254037844387,2484403.083541267
NORMANTON PARK,656.6,NORMANTON PARK,New Sale,Strata,Apartment,1.0,5.0,Rest of Central Region,21,1,16,20,0,99,2019,97,2,0.020202020202020204,1,0,0,1,0.49999999999999994,0.8660254037844387,1168424.4531634108
TREASURE AT TAMPINES,1334.74,TAMPINES LANE,New Sale,Strata,Condominium,1.0,18.0,Outside Central Region,21,7,1,5,0,99,2018,96,3,0.030303030303030304,1,0,0,3,-0.4999999999999998,-0.8660254037844388,1838940.6348017408
THE OCEANFRONT @ SENTOSA COVE,1883.7,OCEAN DRIVE,Resale,Strata,Condominium,1.0,4.0,Core Central Region,21,4,6,10,0,99,2005,83,16,0.16161616161616163,1,0,0,2,0.8660254037844387,-0.49999999999999983,2852691.7192723923
KOPAR AT NEWTON,1991.34,MAKEWAY AVENUE,New Sale,Strata,Apartment,1.0,9.0,Core Central Region,21,11,21,25,0,99,2019,97,2,0.020202020202020204,1,1,1,4,-0.5000000000000004,0.8660254037844384,5114696.769158217
WATERMARK ROBERTSON QUAY,1065.64,RODYK STREET,Resale,Strata,Apartment,1.0,9.0,Core Central Region,21,2,6,10,1,9999,0,9999,0,0.0,0,0,0,1,0.8660254037844386,0.5000000000000001,2235448.8301728074
MODENA,1410.08,SIMEI STREET 4,Resale,Strata,Condominium,1.0,18.0,Outside Central Region,23,3,1,5,0,99,1997,73,26,0.26262626262626265,2,0,0,1,1.0,6.123233995736766e-17,1573204.8554597122
ROBERTSON 100,1173.28,ROBERTSON QUAY,Resale,Strata,Apartment,1.0,9.0,Core Central Region,22,5,6,10,1,9999,0,9999,0,0.0,0,0,0,2,0.49999999999999994,-0.8660254037844387,2397994.803210308
THE POIZ RESIDENCES,839.59,MEYAPPA CHETTIAR ROAD,Resale,Strata,Apartment,1.0,13.0,Rest of Central Region,21,11,11,15,0,99,2014,92,7,0.0707070707070707,1,1,1,4,-0.5000000000000004,0.8660254037844384,1465649.7322965462
MIDWOOD,699.66,HILLVIEW RISE,New Sale,Strata,Condominium,1.0,23.0,Outside Central Region,21,12,26,30,0,99,2018,96,3,0.030303030303030304,1,0,0,4,-2.4492935982947064e-16,1.0,1292634.344917286
SEASTRAND,1108.69,PASIR RIS LINK,Resale,Strata,Condominium,1.0,18.0,Outside Central Region,23,8,1,5,0,99,2011,87,12,0.12121212121212122,1,0,0,3,-0.8660254037844384,-0.5000000000000004,1371136.2989396213
DOVER PARKVIEW,936.47,DOVER RISE,Resale,Strata,Condominium,1.0,5.0,Rest of Central Region,23,6,11,15,0,99,1993,69,30,0.30303030303030304,2,0,0,2,1.2246467991473532e-16,-1.0,1352250.364855259
JADESCAPE,764.24,SHUNFU ROAD,Resale,Strata,Condominium,1.0,20.0,Rest of Central Region,24,12,6,10,0,99,2018,93,6,0.06060606060606061,1,0,0,4,-2.4492935982947064e-16,1.0,1563830.753384397
COSTA DEL SOL,1786.82,BAYSHORE ROAD,Resale,Strata,Condominium,1.0,16.0,Outside Central Region,24,11,26,30,0,99,1997,72,27,0.2727272727272727,2,1,1,4,-0.5000000000000004,0.8660254037844384,3124651.8118470777
THE FLORENCE RESIDENCES,635.08,HOUGANG AVENUE 2,New Sale,Strata,Apartment,1.0,19.0,Outside Central Region,20,12,11,15,0,99,2018,97,2,0.020202020202020204,1,0,0,4,-2.4492935982947064e-16,1.0,1073580.2217098163
MYRA,871.88,MEYAPPA CHETTIAR ROAD,New Sale,Strata,Apartment,1.0,13.0,Rest of Central Region,23,10,1,5,1,9999,0,9999,0,0.0,0,1,0,4,-0.8660254037844386,0.5000000000000001,1817970.1988997085
THE MINT RESIDENCES,990.29,JOO CHIAT TERRACE,Resale,Strata,Apartment,1.0,15.0,Rest of Central Region,24,7,1,5,1,9999,0,9999,0,0.0,0,0,0,3,-0.4999999999999998,-0.8660254037844388,1690805.196054651
PARK PLACE RESIDENCES AT PLQ,667.37,PAYA LEBAR ROAD,Resale,Strata,Apartment,1.0,14.0,Rest of Central Region,23,6,16,20,0,99,2015,91,8,0.08080808080808081,1,0,0,2,1.2246467991473532e-16,-1.0,1376806.0497057028
BEDOK COURT,2411.14,BEDOK SOUTH AVENUE 3,Resale,Strata,Condominium,1.0,16.0,Outside Central Region,23,11,1,5,0,99,1982,58,41,0.41414141414141414,3,1,1,4,-0.5000000000000004,0.8660254037844384,2352238.82075755
SELETAR PARK RESIDENCE,2238.91,SELETAR ROAD,Resale,Strata,Condominium,1.0,28.0,Outside Central Region,21,10,1,5,0,99,2011,89,10,0.10101010101010101,1,1,0,4,-0.8660254037844386,0.5000000000000001,1992180.6021594226
J'DEN,527.44,JURONG EAST CENTRAL 1,New Sale,Strata,Apartment,1.0,22.0,Outside Central Region,23,11,21,25,0,99,2023,99,0,0.0,1,1,1,4,-0.5000000000000004,0.8660254037844384,1369570.7224256746
CASTLE GREEN,1410.08,YIO CHU KANG ROAD,Resale,Strata,Condominium,1.0,26.0,Outside Central Region,22,1,11,15,0,99,1993,70,29,0.29292929292929293,2,0,0,1,0.49999999999999994,0.8660254037844387,1535055.3321270072
MIDTOWN BAY,462.85,BEACH ROAD,New Sale,Strata,Apartment,1.0,7.0,Core Central Region,20,8,6,10,0,99,2018,97,2,0.020202020202020204,1,0,0,3,-0.8660254037844384,-0.5000000000000004,1331510.017794495
RESIDENTIAL APARTMENTS,1140.98,TANJONG KATONG ROAD,Resale,Strata,Apartment,1.0,15.0,Rest of Central Region,20,8,1,5,1,9999,0,9999,0,0.0,0,0,0,3,-0.8660254037844384,-0.5000000000000004,1319848.6480057056
SEASTRAND,592.02,PASIR RIS LINK,Resale,Strata,Condominium,1.0,18.0,Outside Central Region,24,5,11,15,0,99,2011,86,13,0.13131313131313133,1,0,0,2,0.49999999999999994,-0.8660254037844387,779056.3029603915
THE ASTON,645.84,KAY POH ROAD,Resale,Strata,Apartment,1.0,10.0,Core Central Region,20,8,6,10,1,9999,0,9999,0,0.0,0,0,0,3,-0.8660254037844384,-0.5000000000000004,1075221.921792991
EMERALD OF KATONG,1259.39,JALAN TEMBUSU,New Sale,Strata,Condominium,1.0,15.0,Rest of Central Region,24,11,6,10,0,99,2023,98,1,0.010101010101010102,1,1,1,4,-0.5000000000000004,0.8660254037844384,3183380.3074558475
NEU AT NOVENA,548.96,MOULMEIN RISE,New Sale,Strata,Apartment,1.0,11.0,Core Central Region,20,12,16,20,1,9999,0,9999,0,0.0,0,0,0,4,-2.4492935982947064e-16,1.0,1611779.8222095845
AFFINITY AT SERANGOON,1151.75,SERANGOON NORTH AVENUE 1,New Sale,Strata,Apartment,1.0,19.0,Outside Central Region,21,10,1,5,0,99,2018,96,3,0.030303030303030304,1,1,0,4,-0.8660254037844386,0.5000000000000001,1761611.4448178066
LE REGAL,688.9,GEYLANG ROAD,Resale,Strata,Apartment,1.0,14.0,Rest of Central Region,23,8,1,5,1,9999,0,9999,0,0.0,0,0,0,3,-0.8660254037844384,-0.5000000000000004,798367.6583070155
GRAND DUNMAN,775.01,DUNMAN ROAD,New Sale,Strata,Apartment,1.0,15.0,Rest of Central Region,23,7,6,10,0,99,2022,98,1,0.010101010101010102,1,0,0,3,-0.4999999999999998,-0.8660254037844388,1938555.9102289926
THE AMARELLE,570.49,LIM AH WOO ROAD,Resale,Strata,Apartment,1.0,15.0,Rest of Central Region,23,11,1,5,1,9999,0,9999,0,0.0,0,1,1,4,-0.5000000000000004,0.8660254037844384,979654.6967241622
CHANGI RISE CONDOMINIUM,1022.58,SIMEI RISE,Resale,Strata,Condominium,1.0,18.0,Outside Central Region,21,5,1,5,0,99,2000,78,21,0.21212121212121213,2,0,0,2,0.49999999999999994,-0.8660254037844387,850533.3495235726
NORMANTON PARK,656.6,NORMANTON PARK,New Sale,Strata,Apartment,1.0,5.0,Rest of Central Region,21,4,11,15,0,99,2019,97,2,0.020202020202020204,1,0,0,2,0.8660254037844387,-0.49999999999999983,1186032.237225967
PASIR RIS 8,775.01,PASIR RIS DRIVE 8,New Sale,Strata,Apartment,1.0,18.0,Outside Central Region,21,7,6,10,0,99,2021,99,0,0.0,1,0,0,3,-0.4999999999999998,-0.8660254037844388,1268811.2124332567
CONDOMINIUM DEVELOPMENT,1313.21,HOLLAND ROAD,Resale,Strata,Condominium,1.0,10.0,Core Central Region,20,10,1,5,1,9999,0,9999,0,0.0,0,1,0,4,-0.8660254037844386,0.5000000000000001,1987168.7506990319
WOODGROVE CONDOMINIUM,1517.72,WOODGROVE DRIVE,Resale,Strata,Condominium,1.0,25.0,Outside Central Region,21,6,1,5,0,99,1997,75,24,0.24242424242424243,2,0,0,2,1.2246467991473532e-16,-1.0,1143928.415965524
NOVENA COURT,861.12,JALAN NOVENA BARAT,Resale,Strata,Apartment,1.0,11.0,Core Central Region,23,5,1,5,1,9999,0,9999,0,0.0,0,0,0,2,0.49999999999999994,-0.8660254037844387,1312296.7948907532
THE CONTINUUM,1087.16,THIAM SIEW AVENUE,New Sale,Strata,Apartment,1.0,15.0,Rest of Central Region,24,6,6,10,1,9999,0,9999,0,0.0,0,0,0,2,1.2246467991473532e-16,-1.0,3066981.412952919
THE RISE @ OXLEY - RESIDENCES,613.55,OXLEY RISE,Resale,Strata,Apartment,1.0,9.0,Core Central Region,23,5,6,10,1,9999,0,9999,0,0.0,0,0,0,2,0.49999999999999994,-0.8660254037844387,1319753.5564560774
PENROSE,473.62,SIMS DRIVE,New Sale,Strata,Apartment,1.0,14.0,Rest of Central Region,20,9,6,10,0,99,2019,98,1,0.010101010101010102,1,0,0,3,-1.0,-1.8369701987210297e-16,825791.5224736076
HILLOCK GREEN,516.67,LENTOR CENTRAL,New Sale,Strata,Apartment,1.0,26.0,Outside Central Region,23,11,6,10,0,99,2022,98,1,0.010101010101010102,1,1,1,4,-0.5000000000000004,0.8660254037844384,1135664.2463282612
AZALEA PARK CONDOMINIUM,1679.18,FLORA ROAD,Resale,Strata,Condominium,1.0,17.0,Outside Central Region,22,7,1,5,0,999,1885,862,137,0.13713713713713713,1,0,0,3,-0.4999999999999998,-0.8660254037844388,1712701.3907845593
FORETT@BUKIT TIMAH,721.19,TOH TUCK ROAD,New Sale,Strata,Apartment,1.0,21.0,Rest of Central Region,20,8,6,10,1,9999,0,9999,0,0.0,0,0,0,3,-0.8660254037844384,-0.5000000000000004,1417045.7719366243
LAKEPOINT CONDOMINIUM,1883.7,LAKEPOINT DRIVE,Resale,Strata,Condominium,1.0,22.0,Outside Central Region,23,11,6,10,0,99,1983,59,40,0.40404040404040403,3,1,1,4,-0.5000000000000004,0.8660254037844384,1642552.3391515245
TERRA HILL,807.3,YEW SIANG ROAD,New Sale,Strata,Apartment,1.0,5.0,Rest of Central Region,23,2,1,5,1,9999,0,9999,0,0.0,0,0,0,1,0.8660254037844386,0.5000000000000001,2136155.145681304
DAKOTA RESIDENCES,1022.58,DAKOTA CRESCENT,Resale,Strata,Condominium,1.0,14.0,Rest of Central Region,20,11,1,5,0,99,2007,86,13,0.13131313131313133,1,1,1,4,-0.5000000000000004,0.8660254037844384,1394589.4080224656
THE LAKEGARDEN RESIDENCES,1334.74,YUAN CHING ROAD,New Sale,Strata,Apartment,1.0,22.0,Outside Central Region,24,6,6,10,0,99,2023,98,1,0.010101010101010102,1,0,0,2,1.2246467991473532e-16,-1.0,2736469.8720118557
TREASURE AT TAMPINES,1011.82,TAMPINES LANE,Resale,Strata,Condominium,1.0,18.0,Outside Central Region,24,9,1,5,0,99,2018,93,6,0.06060606060606061,1,0,0,3,-1.0,-1.8369701987210297e-16,1596585.694144316
BLUE HORIZON,1162.51,WEST COAST CRESCENT,Resale,Strata,Condominium,1.0,5.0,Outside Central Region,21,4,21,25,0,99,2000,78,21,0.21212121212121213,2,0,0,2,0.8660254037844387,-0.49999999999999983,1299725.4951902681
ARDOR RESIDENCE,1044.11,HAIG ROAD,New Sale,Strata,Apartment,1.0,15.0,Rest of Central Region,24,9,1,5,1,9999,0,9999,0,0.0,0,0,0,3,-1.0,-1.8369701987210297e-16,2302495.4875607775
THE CONTINUUM,1270.15,THIAM SIEW AVENUE,New Sale,Strata,Apartment,1.0,15.0,Rest of Central Region,24,12,6,10,1,9999,0,9999,0,0.0,0,0,0,4,-2.4492935982947064e-16,1.0,3572760.7566237343
IRWELL HILL RESIDENCES,505.91,IRWELL HILL,New Sale,Strata,Apartment,1.0,9.0,Core Central Region,21,4,16,20,0,99,2020,98,1,0.010101010101010102,1,0,0,2,0.8660254037844387,-0.49999999999999983,1340171.9148814825
THE FLORENCE RESIDENCES,1011.82,HOUGANG AVENUE 2,Sub Sale,Strata,Apartment,1.0,19.0,Outside Central Region,23,3,6,10,0,99,2018,94,5,0.050505050505050504,1,0,0,1,1.0,6.123233995736766e-17,1770207.9523864335
PRINCIPAL GARDEN,764.24,PRINCE CHARLES CRESCENT,Resale,Strata,Condominium,1.0,3.0,Rest of Central Region,24,11,21,25,0,99,2014,89,10,0.10101010101010101,1,1,1,4,-0.5000000000000004,0.8660254037844384,1781339.2331934124
FORETT@BUKIT TIMAH,764.24,TOH TUCK ROAD,New Sale,Strata,Apartment,1.0,21.0,Rest of Central Region,20,10,1,5,1,9999,0,9999,0,0.0,0,1,0,4,-0.8660254037844386,0.5000000000000001,1458151.534696223
EMERALD OF KATONG,1560.78,JALAN TEMBUSU,New Sale,Strata,Condominium,1.0,15.0,Rest of Central Region,24,11,11,15,0,99,2023,98,1,0.010101010101010102,1,1,1,4,-0.5000000000000004,0.8660254037844384,3924540.7082731035
BEACON HEIGHTS,667.37,MAR THOMA ROAD,Resale,Strata,Condominium,1.0,12.0,Rest of Central Region,22,3,16,20,0,999,1882,859,140,0.14014014014014015,1,0,0,1,1.0,6.123233995736766e-17,966923.587471952
AFFINITY AT SERANGOON,538.2,SERANGOON NORTH AVENUE 1,Sub Sale,Strata,Apartment,1.0,19.0,Outside Central Region,24,8,1,5,0,99,2018,93,6,0.06060606060606061,1,0,0,3,-0.8660254037844384,-0.5000000000000004,918189.5481173662
DUO RESIDENCES,721.19,FRASER STREET,Resale,Strata,Apartment,1.0,7.0,Core Central Region,21,5,6,10,0,99,2011,89,10,0.10101010101010101,1,0,0,2,0.49999999999999994,-0.8660254037844387,1401094.267674074
LENTOR HILLS RESIDENCES,678.13,LENTOR HILLS ROAD,New Sale,Strata,Apartment,1.0,26.0,Outside Central Region,23,7,11,15,0,99,2022,98,1,0.010101010101010102,1,0,0,3,-0.4999999999999998,-0.8660254037844388,1460502.128173965
DAIRY FARM RESIDENCES,721.19,DAIRY FARM LANE,New Sale,Strata,Apartment,1.0,23.0,Outside Central Region,22,3,11,15,0,99,2018,95,4,0.04040404040404041,1,0,0,1,1.0,6.123233995736766e-17,1288028.069595587
SKYSUITES@ANSON,699.66,ENGGOR STREET,Resale,Strata,Apartment,1.0,2.0,Core Central Region,24,2,41,45,0,99,2008,83,16,0.16161616161616163,1,0,0,1,0.8660254037844386,0.5000000000000001,1491495.5273571007
BEDOK COURT,2411.14,BEDOK SOUTH AVENUE 3,Resale,Strata,Condominium,1.0,16.0,Outside Central Region,23,10,1,5,0,99,1982,58,41,0.41414141414141414,3,1,0,4,-0.8660254037844386,0.5000000000000001,2317723.08380359
DUNMAN VIEW,1345.5,HAIG ROAD,Resale,Strata,Condominium,1.0,15.0,Rest of Central Region,23,5,11,15,0,99,1997,73,26,0.26262626262626265,2,0,0,2,0.49999999999999994,-0.8660254037844387,2052834.069758788
MARINA BAY SUITES,1625.36,CENTRAL BOULEVARD,Resale,Strata,Condominium,1.0,1.0,Core Central Region,22,10,41,45,0,99,2007,84,15,0.15151515151515152,1,1,0,4,-0.8660254037844386,0.5000000000000001,3136748.0961547876
PASIR RIS 8,1302.44,PASIR RIS DRIVE 8,New Sale,Strata,Apartment,1.0,18.0,Outside Central Region,23,3,6,10,0,99,2021,97,2,0.020202020202020204,1,0,0,1,1.0,6.123233995736766e-17,2295956.944768269
ASCENTIA SKY,1011.82,ALEXANDRA VIEW,Resale,Strata,Condominium,1.0,3.0,Rest of Central Region,23,6,36,40,0,99,2008,84,15,0.15151515151515152,1,0,0,2,1.2246467991473532e-16,-1.0,1866105.2386751268
AFFINITY AT SERANGOON,538.2,SERANGOON NORTH AVENUE 1,Sub Sale,Strata,Apartment,1.0,19.0,Outside Central Region,23,6,6,10,0,99,2018,94,5,0.050505050505050504,1,0,0,2,1.2246467991473532e-16,-1.0,924363.1704571851
PENROSE,473.62,SIMS DRIVE,Sub Sale,Strata,Apartment,1.0,14.0,Rest of Central Region,24,12,1,5,0,99,2019,94,5,0.050505050505050504,1,0,0,4,-2.4492935982947064e-16,1.0,918571.9859338391
VIZ AT HOLLAND,1108.69,QUEENSWAY,Resale,Strata,Condominium,1.0,10.0,Core Central Region,23,3,6,10,1,9999,0,9999,0,0.0,0,0,0,1,1.0,6.123233995736766e-17,2089143.9520510174
REZI 3TWO,452.09,LORONG 32 GEYLANG,Resale,Strata,Apartment,1.0,14.0,Rest of Central Region,24,10,1,5,1,9999,0,9999,0,0.0,0,1,0,4,-0.8660254037844386,0.5000000000000001,696703.2750215429
SEA ESTA,979.52,PASIR RIS LINK,Resale,Strata,Condominium,1.0,18.0,Outside Central Region,24,2,6,10,0,99,2012,87,12,0.12121212121212122,1,0,0,1,0.8660254037844386,0.5000000000000001,1252857.3239718778
THE BAYSHORE,1237.86,BAYSHORE ROAD,Resale,Strata,Condominium,1.0,16.0,Outside Central Region,21,2,26,30,0,99,1993,71,28,0.2828282828282828,2,0,0,1,0.8660254037844386,0.5000000000000001,1320411.1144212245
STRATUM,1399.32,ELIAS ROAD,Resale,Strata,Condominium,1.0,18.0,Outside Central Region,22,1,1,5,0,99,2012,89,10,0.10101010101010101,1,0,0,1,0.49999999999999994,0.8660254037844387,1475775.2734772265
SORA,538.2,YUAN CHING ROAD,New Sale,Strata,Apartment,1.0,22.0,Outside Central Region,24,7,6,10,0,99,2023,98,1,0.010101010101010102,1,0,0,3,-0.4999999999999998,-0.8660254037844388,1134431.9276385338
MONTEREY PARK CONDOMINIUM,1625.36,WEST COAST RISE,Resale,Strata,Condominium,1.0,5.0,Outside Central Region,20,8,6,10,0,999,1885,864,135,0.13513513513513514,1,0,0,3,-0.8660254037844384,-0.5000000000000004,1863960.2995537221
SPRINGDALE CONDOMINIUM,1345.5,HINDHEDE WALK,Resale,Strata,Condominium,1.0,21.0,Outside Central Region,20,11,1,5,0,999,1877,856,143,0.14314314314314314,1,1,1,4,-0.5000000000000004,0.8660254037844384,1501556.876192984
HERITAGE VIEW,968.76,DOVER RISE,Resale,Strata,Condominium,1.0,5.0,Rest of Central Region,21,9,6,10,0,99,1996,74,25,0.25252525252525254,2,0,0,3,-1.0,-1.8369701987210297e-16,1302043.9458751464
THE WATERGARDENS AT CANBERRA,753.48,CANBERRA DRIVE,New Sale,Strata,Apartment,1.0,27.0,Outside Central Region,21,8,1,5,0,99,2020,98,1,0.010101010101010102,1,0,0,3,-0.8660254037844384,-0.5000000000000004,1112013.0286057664
PARC ROSEWOOD,430.56,ROSEWOOD DRIVE,Resale,Strata,Condominium,1.0,25.0,Outside Central Region,22,8,1,5,0,99,2011,88,11,0.1111111111111111,1,0,0,3,-0.8660254037844384,-0.5000000000000004,590626.1076166037
THE LILIUM,710.42,HOW SUN ROAD,New Sale,Strata,Condominium,1.0,19.0,Outside Central Region,22,10,1,5,1,9999,0,9999,0,0.0,0,1,0,4,-0.8660254037844386,0.5000000000000001,1590639.9003437327
8@BT,1001.05,BUKIT TIMAH LINK,New Sale,Strata,Condominium,1.0,21.0,Rest of Central Region,24,9,6,10,0,99,2023,98,1,0.010101010101010102,1,0,0,3,-1.0,-1.8369701987210297e-16,2588835.3405591208
THE CITRON RESIDENCES,667.37,MARNE ROAD,Resale,Strata,Apartment,1.0,8.0,Rest of Central Region,20,10,1,5,1,9999,0,9999,0,0.0,0,1,0,4,-0.8660254037844386,0.5000000000000001,894519.3904916045
PARC EMILY,904.18,MOUNT EMILY ROAD,Resale,Strata,Condominium,1.0,9.0,Core Central Region,21,1,1,5,1,9999,0,9999,0,0.0,0,0,0,1,0.49999999999999994,0.8660254037844387,1584860.892256223
THE QUARTZ,1033.34,COMPASSVALE BOW,Resale,Strata,Condominium,1.0,19.0,Outside Central Region,21,2,11,15,0,99,2005,83,16,0.16161616161616163,1,0,0,1,0.8660254037844386,0.5000000000000001,1181362.615752306
THE CONTINUUM,2260.44,THIAM SIEW AVENUE,New Sale,Strata,Apartment,1.0,15.0,Rest of Central Region,23,8,16,20,1,9999,0,9999,0,0.0,0,0,0,3,-0.8660254037844384,-0.5000000000000004,6327615.422921706
THE RESERVE RESIDENCES,441.32,JALAN ANAK BUKIT,New Sale,Strata,Apartment,1.0,21.0,Rest of Central Region,23,5,6,10,0,99,2021,97,2,0.020202020202020204,1,0,0,2,0.49999999999999994,-0.8660254037844387,1135320.5384101705
HILLVIEW PARK,1248.62,HILLVIEW AVENUE,Resale,Strata,Condominium,1.0,23.0,Outside Central Region,23,12,11,15,1,9999,0,9999,0,0.0,0,0,0,4,-2.4492935982947064e-16,1.0,1916031.994325596
SANCTUARY GREEN,785.77,TANJONG RHU ROAD,Resale,Strata,Condominium,1.0,15.0,Rest of Central Region,22,12,6,10,0,99,1997,74,25,0.25252525252525254,2,0,0,4,-2.4492935982947064e-16,1.0,1283238.6936156102
ICON,570.49,GOPENG STREET,Resale,Strata,Apartment,1.0,2.0,Core Central Region,24,2,16,20,0,99,2002,77,22,0.2222222222222222,2,0,0,1,0.8660254037844386,0.5000000000000001,1093461.1109902498
ALEX RESIDENCES,925.7,ALEXANDRA VIEW,Resale,Strata,Apartment,1.0,3.0,Rest of Central Region,21,12,26,30,0,99,2013,91,8,0.08080808080808081,1,0,0,4,-2.4492935982947064e-16,1.0,1791809.9395758435
HIGH PARK RESIDENCES,1280.92,FERNVALE ROAD,Resale,Strata,Apartment,1.0,28.0,Outside Central Region,21,2,21,25,0,99,2014,92,7,0.0707070707070707,1,0,0,1,0.8660254037844386,0.5000000000000001,1578311.454929735
EMERALD OF KATONG,624.31,JALAN TEMBUSU,New Sale,Strata,Condominium,1.0,15.0,Rest of Central Region,24,11,6,10,0,99,2023,98,1,0.010101010101010102,1,1,1,4,-0.5000000000000004,0.8660254037844384,1677584.259395219
CHANGI GREEN,871.88,UPPER CHANGI ROAD EAST,Resale,Strata,Condominium,1.0,16.0,Outside Central Region,22,10,1,5,1,9999,0,9999,0,0.0,0,1,0,4,-0.8660254037844386,0.5000000000000001,1096842.9566275724
SIXTH AVENUE CENTRE,1442.38,BUKIT TIMAH ROAD,Resale,Strata,Apartment,1.0,10.0,Core Central Region,24,9,1,5,1,9999,0,9999,0,0.0,0,0,0,3,-1.0,-1.8369701987210297e-16,2542453.962884748
MEYER BLUE,990.29,MEYER ROAD,New Sale,Strata,Apartment,1.0,15.0,Rest of Central Region,24,10,21,25,1,9999,0,9999,0,0.0,0,1,0,4,-0.8660254037844386,0.5000000000000001,3344808.509618425
SEASIDE RESIDENCES,1087.16,SIGLAP LINK,Resale,Strata,Apartment,1.0,15.0,Outside Central Region,23,4,11,15,0,99,2016,92,7,0.0707070707070707,1,0,0,2,0.8660254037844387,-0.49999999999999983,2007937.777755035
DE ROYALE,1054.87,JALAN RAMA RAMA,Resale,Strata,Condominium,1.0,12.0,Rest of Central Region,21,3,1,5,1,9999,0,9999,0,0.0,0,0,0,1,1.0,6.123233995736766e-17,1361123.8943746826
GRAND DUNMAN,452.09,DUNMAN ROAD,New Sale,Strata,Apartment,1.0,15.0,Rest of Central Region,23,7,11,15,0,99,2022,98,1,0.010101010101010102,1,0,0,3,-0.4999999999999998,-0.8660254037844388,1203051.5886289282
NOUVEL 18,2820.17,ANDERSON ROAD,Resale,Strata,Condominium,1.0,10.0,Core Central Region,21,3,26,30,1,9999,0,9999,0,0.0,0,0,0,1,1.0,6.123233995736766e-17,8873505.890810357
COMMONWEALTH TOWERS,1033.34,COMMONWEALTH AVENUE,Resale,Strata,Condominium,1.0,3.0,Rest of Central Region,22,11,26,30,0,99,2013,90,9,0.09090909090909091,1,1,1,4,-0.5000000000000004,0.8660254037844384,2166930.4363640393
MIDTOWN RESIDENCES,484.38,UPPER SERANGOON ROAD,Resale,Strata,Apartment,1.0,19.0,Outside Central Region,23,10,1,5,0,99,2013,89,10,0.10101010101010101,1,1,0,4,-0.8660254037844386,0.5000000000000001,741145.7736795512
EMERALD OF KATONG,484.38,JALAN TEMBUSU,New Sale,Strata,Condominium,1.0,15.0,Rest of Central Region,24,11,11,15,0,99,2023,98,1,0.010101010101010102,1,1,1,4,-0.5000000000000004,0.8660254037844384,1362700.786538352
1953,613.55,TESSENSOHN ROAD,New Sale,Strata,Apartment,1.0,8.0,Rest of Central Region,22,4,1,5,1,9999,0,9999,0,0.0,0,0,0,2,0.8660254037844387,-0.49999999999999983,1198633.5370243636
A TREASURE TROVE,775.01,PUNGGOL WALK,Resale,Strata,Condominium,1.0,19.0,Outside Central Region,22,8,6,10,0,99,2011,88,11,0.1111111111111111,1,0,0,3,-0.8660254037844384,-0.5000000000000004,1059098.3319797015
NOVENA COURT,775.01,JALAN NOVENA BARAT,Resale,Strata,Apartment,1.0,11.0,Core Central Region,24,4,1,5,1,9999,0,9999,0,0.0,0,0,0,2,0.8660254037844387,-0.49999999999999983,1297503.3007587397
KENT RESIDENCES,505.91,KENT ROAD,Resale,Strata,Apartment,1.0,8.0,Rest of Central Region,22,9,1,5,1,9999,0,9999,0,0.0,0,0,0,3,-1.0,-1.8369701987210297e-16,792424.0419677914
TREASURE AT TAMPINES,1237.86,TAMPINES LANE,New Sale,Strata,Condominium,1.0,18.0,Outside Central Region,22,1,6,10,0,99,2018,95,4,0.04040404040404041,1,0,0,1,0.49999999999999994,0.8660254037844387,1919425.45968981
BAYSHORE PARK,2195.86,BAYSHORE ROAD,Resale,Strata,Condominium,1.0,16.0,Outside Central Region,24,6,21,25,0,99,1982,57,42,0.42424242424242425,3,0,0,2,1.2246467991473532e-16,-1.0,2702548.4884216017
SEASCAPE,2174.33,COVE WAY,Resale,Strata,Condominium,1.0,4.0,Core Central Region,24,12,6,10,0,99,2007,82,17,0.1717171717171717,1,0,0,4,-2.4492935982947064e-16,1.0,4541187.618240243
THE FLORENCE RESIDENCES,936.47,HOUGANG AVENUE 2,Sub Sale,Strata,Apartment,1.0,19.0,Outside Central Region,23,10,1,5,0,99,2018,94,5,0.050505050505050504,1,1,0,4,-0.8660254037844386,0.5000000000000001,1618989.7799215538
ROOTS @ TRANSIT,441.32,TRANSIT ROAD,Resale,Strata,Apartment,1.0,26.0,Outside Central Region,21,8,1,5,0,99,2014,92,7,0.0707070707070707,1,0,0,3,-0.8660254037844384,-0.5000000000000004,618188.7664696
PERFECT TEN,785.77,BUKIT TIMAH ROAD,New Sale,Strata,Apartment,1.0,10.0,Core Central Region,22,10,16,20,1,9999,0,9999,0,0.0,0,1,0,4,-0.8660254037844386,0.5000000000000001,2437028.2920159274
AMO RESIDENCE,678.13,ANG MO KIO RISE,New Sale,Strata,Apartment,1.0,20.0,Outside Central Region,22,7,11,15,0,99,2021,98,1,0.010101010101010102,1,0,0,3,-0.4999999999999998,-0.8660254037844388,1451729.6676052967
THE POIZ RESIDENCES,419.8,MEYAPPA CHETTIAR ROAD,Resale,Strata,Apartment,1.0,13.0,Rest of Central Region,21,10,6,10,0,99,2014,92,7,0.0707070707070707,1,1,0,4,-0.8660254037844386,0.5000000000000001,738979.1045375487
EMERALD OF KATONG,1022.58,JALAN TEMBUSU,New Sale,Strata,Condominium,1.0,15.0,Rest of Central Region,24,11,1,5,0,99,2023,98,1,0.010101010101010102,1,1,1,4,-0.5000000000000004,0.8660254037844384,2565558.6127886744
TRELLIS TOWERS,1140.98,LORONG 1 TOA PAYOH,Resale,Strata,Condominium,1.0,12.0,Rest of Central Region,22,12,26,30,1,9999,0,9999,0,0.0,0,0,0,4,-2.4492935982947064e-16,1.0,1995438.3849101395
RIVERFRONT RESIDENCES,462.85,HOUGANG AVENUE 7,Sub Sale,Strata,Apartment,1.0,19.0,Outside Central Region,23,7,1,5,0,99,2018,94,5,0.050505050505050504,1,0,0,3,-0.4999999999999998,-0.8660254037844388,748407.2935742779
AFFINITY AT SERANGOON,753.48,SERANGOON NORTH AVENUE 1,Sub Sale,Strata,Apartment,1.0,19.0,Outside Central Region,24,1,11,15,0,99,2018,93,6,0.06060606060606061,1,0,0,1,0.49999999999999994,0.8660254037844387,1382703.567824464
BISHAN PARK CONDOMINIUM,1345.5,SIN MING WALK,Resale,Strata,Condominium,1.0,20.0,Rest of Central Region,23,8,6,10,0,99,1991,67,32,0.32323232323232326,2,0,0,3,-0.8660254037844384,-0.5000000000000004,2136982.819353816
D'LEEDON,1151.75,LEEDON HEIGHTS,Resale,Strata,Condominium,1.0,10.0,Core Central Region,22,10,1,5,0,99,2010,87,12,0.12121212121212122,1,1,0,4,-0.8660254037844386,0.5000000000000001,2030356.4250342126
ONE MEYER,925.7,MEYER PLACE,New Sale,Strata,Apartment,1.0,15.0,Rest of Central Region,22,5,16,20,1,9999,0,9999,0,0.0,0,0,0,2,0.49999999999999994,-0.8660254037844387,2327837.6329557723
8 SAINT THOMAS,1302.44,ST. THOMAS WALK,Resale,Strata,Condominium,1.0,9.0,Core Central Region,21,4,11,15,1,9999,0,9999,0,0.0,0,0,0,2,0.8660254037844387,-0.49999999999999983,3549458.8127262793
THE COAST AT SENTOSA COVE,2927.81,OCEAN DRIVE,Resale,Strata,Condominium,1.0,4.0,Core Central Region,22,3,1,5,0,99,2006,83,16,0.16161616161616163,1,0,0,1,1.0,6.123233995736766e-17,5441871.781171988
GRANDE VISTA,1646.89,CACTUS DRIVE,Resale,Strata,Condominium,1.0,28.0,Outside Central Region,21,9,6,10,0,999,1886,864,135,0.13513513513513514,1,0,0,3,-1.0,-1.8369701987210297e-16,1846024.8311122132
URBAN TREASURES,1011.82,JALAN EUNOS,New Sale,Strata,Condominium,1.0,14.0,Outside Central Region,22,7,1,5,1,9999,0,9999,0,0.0,0,0,0,3,-0.4999999999999998,-0.8660254037844388,1908078.1686437142
SIGNATURE PARK,1033.34,TOH TUCK ROAD,Resale,Strata,Condominium,1.0,21.0,Rest of Central Region,21,2,6,10,1,9999,0,9999,0,0.0,0,0,0,1,0.8660254037844386,0.5000000000000001,1381762.9665194165
EUHABITAT,602.78,JALAN EUNOS,Resale,Strata,Condominium,1.0,14.0,Outside Central Region,21,8,1,5,0,99,2010,88,11,0.1111111111111111,1,0,0,3,-0.8660254037844384,-0.5000000000000004,745053.2175143631
AZALEA PARK CONDOMINIUM,1313.21,FLORA ROAD,Resale,Strata,Condominium,1.0,17.0,Outside Central Region,24,10,1,5,0,999,1885,860,139,0.13913913913913914,1,1,0,4,-0.8660254037844386,0.5000000000000001,1472472.9074043278
AMO RESIDENCE,742.72,ANG MO KIO RISE,New Sale,Strata,Apartment,1.0,20.0,Outside Central Region,22,7,21,25,0,99,2021,98,1,0.010101010101010102,1,0,0,3,-0.4999999999999998,-0.8660254037844388,1643987.0646850886
SENGKANG GRAND RESIDENCES,473.62,COMPASSVALE BOW,Sub Sale,Strata,Apartment,1.0,19.0,Outside Central Region,23,9,6,10,0,99,2018,94,5,0.050505050505050504,1,0,0,3,-1.0,-1.8369701987210297e-16,909970.4307179127
LIV @ MB,753.48,ARTHUR ROAD,New Sale,Strata,Condominium,1.0,15.0,Rest of Central Region,22,5,1,5,0,99,2021,98,1,0.010101010101010102,1,0,0,2,0.49999999999999994,-0.8660254037844387,1766775.087384602
PALM ISLES,785.77,FLORA DRIVE,Resale,Strata,Condominium,1.0,17.0,Outside Central Region,21,4,1,5,0,99,2011,89,10,0.10101010101010101,1,0,0,2,0.8660254037844387,-0.49999999999999983,743559.8546753596
VILLAGE @ PASIR PANJANG,1076.4,PASIR PANJANG ROAD,Resale,Strata,Condominium,1.0,5.0,Rest of Central Region,22,9,1,5,1,9999,0,9999,0,0.0,0,0,0,3,-1.0,-1.8369701987210297e-16,1633371.4117937498
THE TRE VER,699.66,POTONG PASIR AVENUE 1,Sub Sale,Strata,Condominium,1.0,13.0,Rest of Central Region,23,2,11,15,0,99,2018,94,5,0.050505050505050504,1,0,0,1,0.8660254037844386,0.5000000000000001,1341456.2858660102
FLO RESIDENCE,1011.82,PUNGGOL FIELD WALK,Resale,Strata,Condominium,1.0,19.0,Outside Central Region,23,6,11,15,0,99,2011,87,12,0.12121212121212122,1,0,0,2,1.2246467991473532e-16,-1.0,1303635.7673947318
HILL HOUSE,624.31,INSTITUTION HILL,New Sale,Strata,Apartment,1.0,9.0,Core Central Region,24,7,1,5,0,999,1841,816,183,0.1831831831831832,1,0,0,3,-0.4999999999999998,-0.8660254037844388,1714759.010031424
NAVA GROVE,699.66,PINE GROVE,New Sale,Strata,Condominium,1.0,21.0,Rest of Central Region,24,11,21,25,0,99,2024,99,0,0.0,1,1,1,4,-0.5000000000000004,0.8660254037844384,1836991.6807152468
MAYFAIR MODERN,688.9,RIFLE RANGE ROAD,New Sale,Strata,Condominium,1.0,21.0,Rest of Central Region,20,12,1,5,0,99,2018,97,2,0.020202020202020204,1,0,0,4,-2.4492935982947064e-16,1.0,1377540.352639754
THE M,592.02,MIDDLE ROAD,New Sale,Strata,Apartment,1.0,7.0,Core Central Region,21,3,16,20,0,99,2019,97,2,0.020202020202020204,1,0,0,1,1.0,6.123233995736766e-17,1594113.0699436632
TERRASSE,1087.16,TERRASSE LANE,Resale,Strata,Condominium,1.0,19.0,Outside Central Region,22,6,1,5,0,99,2010,87,12,0.12121212121212122,1,0,0,2,1.2246467991473532e-16,-1.0,1373524.0982500252
THE PALETTE,1054.87,PASIR RIS GROVE,Resale,Strata,Condominium,1.0,18.0,Outside Central Region,22,2,1,5,0,99,2010,87,12,0.12121212121212122,1,0,0,1,0.8660254037844386,0.5000000000000001,1197780.8942372077
REFLECTIONS AT KEPPEL BAY,4596.23,KEPPEL BAY VIEW,Resale,Strata,Condominium,1.0,4.0,Rest of Central Region,21,8,6,10,0,99,2006,84,15,0.15151515151515152,1,0,0,3,-0.8660254037844384,-0.5000000000000004,6597356.655203552
THE SPRINGBLOOM,1646.89,SERANGOON AVENUE 3,Resale,Strata,Condominium,1.0,19.0,Outside Central Region,23,8,6,10,0,99,1995,71,28,0.2828282828282828,2,0,0,3,-0.8660254037844384,-0.5000000000000004,2179175.28954528
CLAVON,764.24,CLEMENTI AVENUE 1,New Sale,Strata,Apartment,1.0,5.0,Outside Central Region,20,12,11,15,0,99,2019,98,1,0.010101010101010102,1,0,0,4,-2.4492935982947064e-16,1.0,1237827.3778572981
BLISS VILLE,1194.8,LORONG MELAYU,Resale,Strata,Apartment,1.0,14.0,Outside Central Region,23,8,1,5,1,9999,0,9999,0,0.0,0,0,0,3,-0.8660254037844384,-0.5000000000000004,1503204.6085498747
LAKEVILLE,559.73,JURONG LAKE LINK,Resale,Strata,Condominium,1.0,22.0,Outside Central Region,22,8,1,5,0,99,2013,90,9,0.09090909090909091,1,0,0,3,-0.8660254037844384,-0.5000000000000004,837761.0916899146
BARTLEY RESIDENCES,462.85,LORONG HOW SUN,Resale,Strata,Apartment,1.0,19.0,Outside Central Region,20,10,6,10,0,99,2011,90,9,0.09090909090909091,1,1,0,4,-0.8660254037844386,0.5000000000000001,705271.2330474722
THE WATERINA,968.76,LORONG 40 GEYLANG,Resale,Strata,Apartment,1.0,14.0,Rest of Central Region,21,5,1,5,1,9999,0,9999,0,0.0,0,0,0,2,0.49999999999999994,-0.8660254037844387,1348447.2304746911
THE WOODLEIGH RESIDENCES,742.72,BIDADARI PARK DRIVE,New Sale,Strata,Apartment,1.0,13.0,Rest of Central Region,21,9,6,10,0,99,2017,95,4,0.04040404040404041,1,0,0,3,-1.0,-1.8369701987210297e-16,1630058.317139879
HILLSTA,570.49,PHOENIX ROAD,Resale,Strata,Condominium,1.0,23.0,Outside Central Region,22,5,6,10,0,99,2011,88,11,0.1111111111111111,1,0,0,2,0.49999999999999994,-0.8660254037844387,685943.8723554914
LENTOR HILLS RESIDENCES,1119.46,LENTOR HILLS ROAD,New Sale,Strata,Apartment,1.0,26.0,Outside Central Region,23,7,1,5,0,99,2022,98,1,0.010101010101010102,1,0,0,3,-0.4999999999999998,-0.8660254037844388,2191663.450490722
JEWEL @ BUANGKOK,721.19,COMPASSVALE BOW,Resale,Strata,Condominium,1.0,19.0,Outside Central Region,24,4,6,10,0,99,2012,87,12,0.12121212121212122,1,0,0,2,0.8660254037844387,-0.49999999999999983,1200369.4305489096
REFLECTIONS AT KEPPEL BAY,1184.04,KEPPEL BAY VIEW,Resale,Strata,Condominium,1.0,4.0,Rest of Central Region,24,11,1,5,0,99,2006,81,18,0.18181818181818182,1,1,1,4,-0.5000000000000004,0.8660254037844384,2126483.1255045594
SUMMERHILL,947.23,HUME AVENUE,Resale,Strata,Condominium,1.0,21.0,Outside Central Region,22,2,1,5,1,9999,0,9999,0,0.0,0,0,0,1,0.8660254037844386,0.5000000000000001,1400727.8756576763
CLAVON,764.24,CLEMENTI AVENUE 1,New Sale,Strata,Apartment,1.0,5.0,Outside Central Region,20,12,21,25,0,99,2019,98,1,0.010101010101010102,1,0,0,4,-2.4492935982947064e-16,1.0,1262119.3433054637
THE AMERY,1377.79,LORONG K TELOK KURAU,Resale,Strata,Condominium,1.0,15.0,Outside Central Region,22,11,1,5,1,9999,0,9999,0,0.0,0,1,1,4,-0.5000000000000004,0.8660254037844384,2095624.3132360615
RIVERSOUND RESIDENCE,904.18,SENGKANG EAST AVENUE,Resale,Strata,Condominium,1.0,19.0,Outside Central Region,22,12,16,20,0,99,2011,88,11,0.1111111111111111,1,0,0,4,-2.4492935982947064e-16,1.0,1138236.0472475104
MELVILLE PARK,1345.5,SIMEI STREET 1,Resale,Strata,Condominium,1.0,18.0,Outside Central Region,24,4,1,5,0,99,1992,67,32,0.32323232323232326,2,0,0,2,0.8660254037844387,-0.49999999999999983,1213933.46737777
DAINTREE RESIDENCE,1001.05,TOH TUCK ROAD,New Sale,Strata,Condominium,1.0,21.0,Rest of Central Region,20,9,1,5,0,99,2017,96,3,0.030303030303030304,1,0,0,3,-1.0,-1.8369701987210297e-16,1705284.320397646
EVELYN MANSIONS,893.41,EVELYN ROAD,Resale,Strata,Apartment,1.0,11.0,Core Central Region,20,8,1,5,1,9999,0,9999,0,0.0,0,0,0,3,-0.8660254037844384,-0.5000000000000004,1404093.6186648991
PARC CLEMATIS,688.9,JALAN LEMPENG,New Sale,Strata,Apartment,1.0,5.0,Outside Central Region,20,10,1,5,0,99,2019,98,1,0.010101010101010102,1,1,0,4,-0.8660254037844386,0.5000000000000001,1153833.1616831927
NORMANTON PARK,1313.21,NORMANTON PARK,New Sale,Strata,Apartment,1.0,5.0,Rest of Central Region,22,3,1,5,0,99,2019,96,3,0.030303030303030304,1,0,0,1,1.0,6.123233995736766e-17,2402040.4934714064
THE FLORENCE RESIDENCES,796.54,HOUGANG AVENUE 2,New Sale,Strata,Apartment,1.0,19.0,Outside Central Region,21,9,16,20,0,99,2018,96,3,0.030303030303030304,1,0,0,3,-1.0,-1.8369701987210297e-16,1318939.5665226977
THE MINTON,979.52,HOUGANG STREET 11,Resale,Strata,Condominium,1.0,19.0,Outside Central Region,22,8,6,10,0,99,2007,84,15,0.15151515151515152,1,0,0,3,-0.8660254037844384,-0.5000000000000004,1257420.0094543207
HILLVIEW REGENCY,1119.46,BUKIT BATOK EAST AVENUE 2,Resale,Strata,Condominium,1.0,23.0,Outside Central Region,24,3,16,20,0,99,2000,75,24,0.24242424242424243,2,0,0,1,1.0,6.123233995736766e-17,1300127.6938690234
LEEDON GREEN,1496.2,LEEDON HEIGHTS,New Sale,Strata,Condominium,1.0,10.0,Core Central Region,21,7,6,10,1,9999,0,9999,0,0.0,0,0,0,3,-0.4999999999999998,-0.8660254037844388,4104580.604617685
THE MINTON,1216.33,HOUGANG STREET 11,Resale,Strata,Condominium,1.0,19.0,Outside Central Region,24,5,11,15,0,99,2007,82,17,0.1717171717171717,1,0,0,2,0.49999999999999994,-0.8660254037844387,1897054.263723676
SCENECA RESIDENCE,904.18,TANAH MERAH KECHIL LINK,New Sale,Strata,Apartment,1.0,16.0,Outside Central Region,23,1,6,10,0,99,2021,97,2,0.020202020202020204,1,0,0,1,0.49999999999999994,0.8660254037844387,1857132.8499149717
EDELWEISS PARK CONDOMINIUM,2464.96,FLORA ROAD,Resale,Strata,Condominium,1.0,17.0,Outside Central Region,21,6,6,10,1,9999,0,9999,0,0.0,0,0,0,2,1.2246467991473532e-16,-1.0,1827619.145964781
HAUS ON HANDY,516.67,HANDY ROAD,New Sale,Strata,Condominium,1.0,9.0,Core Central Region,21,1,6,10,0,99,2018,96,3,0.030303030303030304,1,0,0,1,0.49999999999999994,0.8660254037844387,1293967.9842321726
THE SEA VIEW,1410.08,AMBER ROAD,Resale,Strata,Condominium,1.0,15.0,Rest of Central Region,21,4,6,10,1,9999,0,9999,0,0.0,0,0,0,2,0.8660254037844387,-0.49999999999999983,2660504.563641206
PARC KOMO,731.95,UPPER CHANGI ROAD NORTH,New Sale,Strata,Apartment,1.0,17.0,Outside Central Region,21,10,1,5,1,9999,0,9999,0,0.0,0,1,0,4,-0.8660254037844386,0.5000000000000001,1173537.2055453702
MAYFAIR GARDENS,1216.33,RIFLE RANGE ROAD,Sub Sale,Strata,Condominium,1.0,21.0,Rest of Central Region,22,5,1,5,0,99,2018,95,4,0.04040404040404041,1,0,0,2,0.49999999999999994,-0.8660254037844387,2266110.121768527
CLEMENTI PARK,1162.51,SUNSET WAY,Resale,Strata,Condominium,1.0,21.0,Outside Central Region,23,10,1,5,1,9999,0,9999,0,0.0,0,1,0,4,-0.8660254037844386,0.5000000000000001,1815559.8268088584
AMBER PARK,1302.44,AMBER GARDENS,New Sale,Strata,Condominium,1.0,15.0,Rest of Central Region,22,2,21,25,1,9999,0,9999,0,0.0,0,0,0,1,0.8660254037844386,0.5000000000000001,3422711.229022618
MARINA ONE RESIDENCES,1162.51,MARINA WAY,Resale,Strata,Apartment,1.0,1.0,Core Central Region,22,4,26,30,0,99,2011,88,11,0.1111111111111111,1,0,0,2,0.8660254037844387,-0.49999999999999983,2858178.2461711913
THE MILTONIA RESIDENCES,1173.28,MILTONIA CLOSE,Resale,Strata,Condominium,1.0,27.0,Outside Central Region,24,4,1,5,0,99,2010,85,14,0.1414141414141414,1,0,0,2,0.8660254037844387,-0.49999999999999983,1301109.8071470032
REZI 35,452.09,LORONG 35 GEYLANG,Resale,Strata,Apartment,1.0,14.0,Rest of Central Region,23,6,1,5,1,9999,0,9999,0,0.0,0,0,0,2,1.2246467991473532e-16,-1.0,703711.3248102097
REFLECTIONS AT KEPPEL BAY,1410.08,KEPPEL BAY VIEW,Resale,Strata,Condominium,1.0,4.0,Rest of Central Region,21,8,21,25,0,99,2006,84,15,0.15151515151515152,1,0,0,3,-0.8660254037844384,-0.5000000000000004,2433568.3612937205
BALESTIER PLAZA,1625.36,BALESTIER ROAD,Resale,Strata,Apartment,1.0,12.0,Rest of Central Region,24,4,11,15,1,9999,0,9999,0,0.0,0,0,0,2,0.8660254037844387,-0.49999999999999983,1921807.5117942241
BALLOTA PARK CONDOMINIUM,1011.82,MARIAM WAY,Resale,Strata,Condominium,1.0,17.0,Outside Central Region,21,8,6,10,1,9999,0,9999,0,0.0,0,0,0,3,-0.8660254037844384,-0.5000000000000004,894884.239679276
TREASURE AT TAMPINES,1011.82,TAMPINES LANE,Resale,Strata,Condominium,1.0,18.0,Outside Central Region,24,9,1,5,0,99,2018,93,6,0.06060606060606061,1,0,0,3,-1.0,-1.8369701987210297e-16,1596585.694144316
VAN HOLLAND,1130.22,HOLLAND ROAD,New Sale,Strata,Condominium,1.0,10.0,Core Central Region,22,9,1,5,1,9999,0,9999,0,0.0,0,0,0,3,-1.0,-1.8369701987210297e-16,3048778.123302585
THE GARDENS AT BISHAN,1227.1,SIN MING WALK,Resale,Strata,Condominium,1.0,20.0,Rest of Central Region,22,9,6,10,0,99,1997,74,25,0.25252525252525254,2,0,0,3,-1.0,-1.8369701987210297e-16,1669985.9015981914
RESIDENCES AT 338A,1205.57,RIVER VALLEY ROAD,Resale,Strata,Apartment,1.0,9.0,Core Central Region,22,3,1,5,1,9999,0,9999,0,0.0,0,0,0,1,1.0,6.123233995736766e-17,2107248.483190724
CUSCADEN RESERVE,818.06,CUSCADEN ROAD,New Sale,Strata,Condominium,1.0,10.0,Core Central Region,23,8,6,10,0,99,2018,94,5,0.050505050505050504,1,0,0,3,-0.8660254037844384,-0.5000000000000004,2531260.354379284
MIDTOWN MODERN,3519.83,TAN QUEE LAN STREET,New Sale,Strata,Apartment,1.0,7.0,Core Central Region,21,3,26,30,0,99,2019,97,2,0.020202020202020204,1,0,0,1,1.0,6.123233995736766e-17,11113974.499601496
J'DEN,710.42,JURONG EAST CENTRAL 1,New Sale,Strata,Apartment,1.0,22.0,Outside Central Region,23,11,36,40,0,99,2023,99,0,0.0,1,1,1,4,-0.5000000000000004,0.8660254037844384,1890648.749746708
THE TRIZON,2066.69,RIDGEWOOD CLOSE,Resale,Strata,Condominium,1.0,10.0,Core Central Region,21,10,6,10,1,9999,0,9999,0,0.0,0,1,0,4,-0.8660254037844386,0.5000000000000001,3867632.299409807
TREASURE AT TAMPINES,1237.86,TAMPINES LANE,Resale,Strata,Condominium,1.0,18.0,Outside Central Region,24,9,1,5,0,99,2018,93,6,0.06060606060606061,1,0,0,3,-1.0,-1.8369701987210297e-16,1933866.0168122745
PALM ISLES,505.91,FLORA DRIVE,Resale,Strata,Condominium,1.0,17.0,Outside Central Region,22,12,1,5,0,99,2011,88,11,0.1111111111111111,1,0,0,4,-2.4492935982947064e-16,1.0,631292.0515316606
PICCADILLY GRAND,484.38,NORTHUMBERLAND ROAD,New Sale,Strata,Apartment,1.0,8.0,Rest of Central Region,22,5,16,20,0,99,2021,98,1,0.010101010101010102,1,0,0,2,0.49999999999999994,-0.8660254037844387,1183431.3196715065
SENNETT RESIDENCE,592.02,PHENG GECK AVENUE,Resale,Strata,Condominium,1.0,13.0,Rest of Central Region,21,10,1,5,0,99,2011,89,10,0.10101010101010101,1,1,0,4,-0.8660254037844386,0.5000000000000001,884931.8063038794
MULBERRY TREE,441.32,MOULMEIN ROAD,Resale,Strata,Apartment,1.0,11.0,Core Central Region,22,10,1,5,1,9999,0,9999,0,0.0,0,1,0,4,-0.8660254037844386,0.5000000000000001,833533.4316116784
SENGKANG GRAND RESIDENCES,1313.21,COMPASSVALE BOW,New Sale,Strata,Apartment,1.0,19.0,Outside Central Region,20,10,11,15,0,99,2018,97,2,0.020202020202020204,1,1,0,4,-0.8660254037844386,0.5000000000000001,2122442.7225341117
SEAHILL,861.12,WEST COAST CRESCENT,Resale,Strata,Condominium,1.0,5.0,Outside Central Region,22,12,11,15,0,99,2011,88,11,0.1111111111111111,1,0,0,4,-2.4492935982947064e-16,1.0,1216448.635586313
THE FLORENCE RESIDENCES,667.37,HOUGANG AVENUE 2,New Sale,Strata,Apartment,1.0,19.0,Outside Central Region,20,11,6,10,0,99,2018,97,2,0.020202020202020204,1,1,1,4,-0.5000000000000004,0.8660254037844384,1104271.9971176037
COMMONWEALTH TOWERS,462.85,COMMONWEALTH AVENUE,Resale,Strata,Condominium,1.0,3.0,Rest of Central Region,24,5,21,25,0,99,2013,88,11,0.1111111111111111,1,0,0,2,0.49999999999999994,-0.8660254037844387,999136.782101569
ALLSWORTH PARK,1033.34,HOLLAND ROAD,Resale,Strata,Condominium,1.0,10.0,Core Central Region,22,10,11,15,0,999,1885,862,137,0.13713713713713713,1,1,0,4,-0.8660254037844386,0.5000000000000001,1968616.822038616
ALEX RESIDENCES,473.62,ALEXANDRA VIEW,Resale,Strata,Apartment,1.0,3.0,Rest of Central Region,24,8,26,30,0,99,2013,88,11,0.1111111111111111,1,0,0,3,-0.8660254037844384,-0.5000000000000004,1022203.1955940754
NEEM TREE,419.8,JALAN KEMAMAN,Resale,Strata,Apartment,1.0,12.0,Rest of Central Region,22,4,1,5,1,9999,0,9999,0,0.0,0,0,0,2,0.8660254037844387,-0.49999999999999983,683265.8753040887
TANJONG RIA CONDOMINIUM,1280.92,TANJONG RHU ROAD,Resale,Strata,Condominium,1.0,15.0,Rest of Central Region,23,1,1,5,0,99,1993,69,30,0.30303030303030304,2,0,0,1,0.49999999999999994,0.8660254037844387,1814044.4055394507
STIRLING RESIDENCES,505.91,STIRLING ROAD,New Sale,Strata,Apartment,1.0,3.0,Rest of Central Region,20,8,21,25,0,99,2017,96,3,0.030303030303030304,1,0,0,3,-0.8660254037844384,-0.5000000000000004,1018762.1972073053
TREASURE AT TAMPINES,1237.86,TAMPINES LANE,New Sale,Strata,Condominium,1.0,18.0,Outside Central Region,22,2,11,15,0,99,2018,95,4,0.04040404040404041,1,0,0,1,0.8660254037844386,0.5000000000000001,1900278.9311505484
IRWELL HILL RESIDENCES,495.14,IRWELL HILL,New Sale,Strata,Apartment,1.0,9.0,Core Central Region,21,4,21,25,0,99,2020,98,1,0.010101010101010102,1,0,0,2,0.8660254037844387,-0.49999999999999983,1336504.563931087
PARC OASIS,1377.79,JURONG EAST AVENUE 1,Resale,Strata,Condominium,1.0,22.0,Outside Central Region,22,1,1,5,0,99,1991,68,31,0.31313131313131315,2,0,0,1,0.49999999999999994,0.8660254037844387,1337832.7210941315
LENTORIA,731.95,LENTOR HILLS ROAD,New Sale,Strata,Condominium,1.0,26.0,Outside Central Region,24,10,11,15,0,99,2022,97,2,0.020202020202020204,1,1,0,4,-0.8660254037844386,0.5000000000000001,1645032.3310640808
LENTOR MODERN,1130.22,LENTOR CENTRAL,New Sale,Strata,Apartment,1.0,26.0,Outside Central Region,22,9,21,25,0,99,2021,98,1,0.010101010101010102,1,0,0,3,-1.0,-1.8369701987210297e-16,2404333.3469619737
THE GAZANIA,882.65,HOW SUN DRIVE,New Sale,Strata,Condominium,1.0,19.0,Outside Central Region,22,5,1,5,1,9999,0,9999,0,0.0,0,0,0,2,0.49999999999999994,-0.8660254037844387,1850628.8653790113
TREASURE AT TAMPINES,1711.48,TAMPINES LANE,New Sale,Strata,Condominium,1.0,18.0,Outside Central Region,20,11,11,15,0,99,2018,97,2,0.020202020202020204,1,1,1,4,-0.5000000000000004,0.8660254037844384,2205956.492763948
KOVAN RESIDENCES,1765.3,KOVAN ROAD,Resale,Strata,Condominium,1.0,19.0,Outside Central Region,22,3,1,5,0,99,2007,84,15,0.15151515151515152,1,0,0,1,1.0,6.123233995736766e-17,2401087.8529283814
AFFINITY AT SERANGOON,538.2,SERANGOON NORTH AVENUE 1,New Sale,Strata,Apartment,1.0,19.0,Outside Central Region,20,9,11,15,0,99,2018,97,2,0.020202020202020204,1,0,0,3,-1.0,-1.8369701987210297e-16,874948.9381255265
COSTA DEL SOL,1237.86,BAYSHORE ROAD,Resale,Strata,Condominium,1.0,16.0,Outside Central Region,24,9,6,10,0,99,1997,72,27,0.2727272727272727,2,0,0,3,-1.0,-1.8369701987210297e-16,2197495.266577945
JADESCAPE,764.24,SHUNFU ROAD,New Sale,Strata,Condominium,1.0,20.0,Rest of Central Region,21,2,21,25,0,99,2018,96,3,0.030303030303030304,1,0,0,1,0.8660254037844386,0.5000000000000001,1456481.957655315
THE BELVEDERE,1313.21,MEYER ROAD,Resale,Strata,Condominium,1.0,15.0,Rest of Central Region,23,8,1,5,1,9999,0,9999,0,0.0,0,0,0,3,-0.8660254037844384,-0.5000000000000004,2757904.333656761
PULLMAN RESIDENCES NEWTON,667.37,DUNEARN ROAD,New Sale,Strata,Apartment,1.0,11.0,Core Central Region,21,11,11,15,1,9999,0,9999,0,0.0,0,1,1,4,-0.5000000000000004,0.8660254037844384,1947039.1114074711
THE LAKESHORE,1108.69,JURONG WEST STREET 41,Resale,Strata,Condominium,1.0,22.0,Outside Central Region,21,7,1,5,0,99,2002,80,19,0.1919191919191919,1,0,0,3,-0.4999999999999998,-0.8660254037844388,1176717.249600181
WATERBANK AT DAKOTA,882.65,DAKOTA CRESCENT,Resale,Strata,Condominium,1.0,14.0,Rest of Central Region,21,3,16,20,0,99,2009,87,12,0.12121212121212122,1,0,0,1,1.0,6.123233995736766e-17,1405338.7224521514
CASTLE GREEN,947.23,YIO CHU KANG ROAD,Resale,Strata,Condominium,1.0,26.0,Outside Central Region,21,8,1,5,0,99,1993,71,28,0.2828282828282828,2,0,0,3,-0.8660254037844384,-0.5000000000000004,904822.4816150344
SCENECA RESIDENCE,462.85,TANAH MERAH KECHIL LINK,New Sale,Strata,Apartment,1.0,16.0,Outside Central Region,23,1,1,5,0,99,2021,97,2,0.020202020202020204,1,0,0,1,0.49999999999999994,0.8660254037844387,1000590.7259690564
RIVER PLACE,753.48,HAVELOCK ROAD,Resale,Strata,Condominium,1.0,3.0,Rest of Central Region,21,12,1,5,0,99,1995,73,26,0.26262626262626265,2,0,0,4,-2.4492935982947064e-16,1.0,1221530.9032220638
MIDWOOD,990.29,HILLVIEW RISE,New Sale,Strata,Condominium,1.0,23.0,Outside Central Region,21,8,6,10,0,99,2018,96,3,0.030303030303030304,1,0,0,3,-0.8660254037844384,-0.5000000000000004,1633570.153695732
NIM GARDENS,1829.88,NIM ROAD,Resale,Strata,Condominium,1.0,28.0,Outside Central Region,23,2,1,5,1,9999,0,9999,0,0.0,0,0,0,1,0.8660254037844386,0.5000000000000001,2153697.564265141
STIRLING RESIDENCES,688.9,STIRLING ROAD,Sub Sale,Strata,Apartment,1.0,3.0,Rest of Central Region,22,8,11,15,0,99,2017,94,5,0.050505050505050504,1,0,0,3,-0.8660254037844384,-0.5000000000000004,1469357.1303618778
SORA,538.2,YUAN CHING ROAD,New Sale,Strata,Apartment,1.0,22.0,Outside Central Region,24,7,6,10,0,99,2023,98,1,0.010101010101010102,1,0,0,3,-0.4999999999999998,-0.8660254037844388,1134431.9276385338
76 SHENTON,592.02,SHENTON WAY,Resale,Strata,Apartment,1.0,2.0,Core Central Region,22,1,26,30,0,99,2007,84,15,0.15151515151515152,1,0,0,1,0.49999999999999994,0.8660254037844387,1152139.4660887346
NORMANTON PARK,1614.6,NORMANTON PARK,New Sale,Strata,Apartment,1.0,5.0,Rest of Central Region,21,1,16,20,0,99,2019,97,2,0.020202020202020204,1,0,0,1,0.49999999999999994,0.8660254037844387,2838607.0152216484
BISHAN PARK CONDOMINIUM,1270.15,SIN MING WALK,Resale,Strata,Condominium,1.0,20.0,Rest of Central Region,23,8,6,10,0,99,1991,67,32,0.32323232323232326,2,0,0,3,-0.8660254037844384,-0.5000000000000004,2069300.2225688258
THE TAPESTRY,1097.93,TAMPINES STREET 86,Resale,Strata,Condominium,1.0,18.0,Outside Central Region,24,5,11,15,0,99,2017,92,7,0.0707070707070707,1,0,0,2,0.49999999999999994,-0.8660254037844387,1727230.3867325329
EAST GROVE,990.29,EAST COAST ROAD,Resale,Strata,Apartment,1.0,15.0,Outside Central Region,20,10,1,5,1,9999,0,9999,0,0.0,0,1,0,4,-0.8660254037844386,0.5000000000000001,1236141.2404619472
OASIS @ ELIAS,979.52,ELIAS ROAD,Resale,Strata,Condominium,1.0,18.0,Outside Central Region,22,2,6,10,0,99,2008,85,14,0.1414141414141414,1,0,0,1,0.8660254037844386,0.5000000000000001,912466.892396079
YISHUN EMERALD,1184.04,CANBERRA DRIVE,Resale,Strata,Condominium,1.0,27.0,Outside Central Region,24,11,6,10,0,99,1998,73,26,0.26262626262626265,2,1,1,4,-0.5000000000000004,0.8660254037844384,1252801.3723240187
THE SAIL @ MARINA BAY,893.41,MARINA BOULEVARD,Resale,Strata,Apartment,1.0,1.0,Core Central Region,24,7,6,10,0,99,2002,77,22,0.2222222222222222,2,0,0,3,-0.4999999999999998,-0.8660254037844388,1756155.6649937055
IRWELL HILL RESIDENCES,1582.31,IRWELL HILL,New Sale,Strata,Apartment,1.0,9.0,Core Central Region,21,4,16,20,0,99,2020,98,1,0.010101010101010102,1,0,0,2,0.8660254037844387,-0.49999999999999983,4064223.8335041944
THE SERENADE @ HOLLAND,1905.23,HOLLAND ROAD,Resale,Strata,Condominium,1.0,10.0,Core Central Region,24,3,11,15,0,99,2001,76,23,0.23232323232323232,2,0,0,1,1.0,6.123233995736766e-17,3398693.64059973
THOMSON 800,1625.36,THOMSON ROAD,Resale,Strata,Condominium,1.0,11.0,Core Central Region,24,4,11,15,1,9999,0,9999,0,0.0,0,0,0,2,0.8660254037844387,-0.49999999999999983,3099715.9658855665
LENTOR MODERN,979.52,LENTOR CENTRAL,New Sale,Strata,Apartment,1.0,26.0,Outside Central Region,22,9,21,25,0,99,2021,98,1,0.010101010101010102,1,0,0,3,-1.0,-1.8369701987210297e-16,2051804.7601587137
SKYSUITES@ANSON,667.37,ENGGOR STREET,Resale,Strata,Apartment,1.0,2.0,Core Central Region,22,11,36,40,0,99,2008,85,14,0.1414141414141414,1,1,1,4,-0.5000000000000004,0.8660254037844384,1376448.8954162947
THE INTERLACE,807.3,DEPOT ROAD,Resale,Strata,Condominium,1.0,4.0,Rest of Central Region,23,7,6,10,0,99,2009,85,14,0.1414141414141414,1,0,0,3,-0.4999999999999998,-0.8660254037844388,1399478.1714110253
SKIES MILTONIA,710.42,MILTONIA CLOSE,Resale,Strata,Condominium,1.0,27.0,Outside Central Region,22,6,1,5,0,99,2012,89,10,0.10101010101010101,1,0,0,2,1.2246467991473532e-16,-1.0,812168.909142476
JUI RESIDENCES,947.23,SERANGOON ROAD,New Sale,Strata,Apartment,1.0,12.0,Rest of Central Region,21,5,6,10,1,9999,0,9999,0,0.0,0,0,0,2,0.49999999999999994,-0.8660254037844387,1674108.8186752007
THOMSON THREE,1140.98,BRIGHT HILL DRIVE,Resale,Strata,Apartment,1.0,20.0,Rest of Central Region,21,2,1,5,0,99,2012,90,9,0.09090909090909091,1,0,0,1,0.8660254037844386,0.5000000000000001,1488452.771562093
VUE 8 RESIDENCE,1033.34,PASIR RIS HEIGHTS,Resale,Strata,Condominium,1.0,18.0,Outside Central Region,21,3,6,10,0,99,2012,90,9,0.09090909090909091,1,0,0,1,1.0,6.123233995736766e-17,1093193.3668654743
NORMANTON PARK,527.44,NORMANTON PARK,New Sale,Strata,Apartment,1.0,5.0,Rest of Central Region,21,8,11,15,0,99,2019,97,2,0.020202020202020204,1,0,0,3,-0.8660254037844384,-0.5000000000000004,986583.1488296466
CAIRNHILL PLAZA,3304.55,CAIRNHILL ROAD,Resale,Strata,Apartment,1.0,9.0,Core Central Region,24,3,16,20,1,9999,0,9999,0,0.0,0,0,0,1,1.0,6.123233995736766e-17,7136406.952968803
THE LEVELZ,1001.05,FARRER ROAD,Resale,Strata,Condominium,1.0,10.0,Core Central Region,23,9,6,10,1,9999,0,9999,0,0.0,0,0,0,3,-1.0,-1.8369701987210297e-16,1924378.8437625708
PARC IMPERIAL,398.27,PASIR PANJANG ROAD,Resale,Strata,Condominium,1.0,5.0,Rest of Central Region,24,4,1,5,1,9999,0,9999,0,0.0,0,0,0,2,0.8660254037844387,-0.49999999999999983,730724.0509961104
THE SOUND,581.26,EAST COAST ROAD,Resale,Strata,Condominium,1.0,15.0,Outside Central Region,22,2,1,5,1,9999,0,9999,0,0.0,0,0,0,1,0.8660254037844386,0.5000000000000001,979237.1401543756
THE TESSARINA,979.52,WILBY ROAD,Resale,Strata,Condominium,1.0,10.0,Core Central Region,23,4,1,5,1,9999,0,9999,0,0.0,0,0,0,2,0.8660254037844387,-0.49999999999999983,2127067.0317417504
MY MANHATTAN,936.47,SIMEI STREET 3,Resale,Strata,Condominium,1.0,18.0,Outside Central Region,20,11,6,10,0,99,2010,89,10,0.10101010101010101,1,1,1,4,-0.5000000000000004,0.8660254037844384,1058245.1914650567
STIRLING RESIDENCES,678.13,STIRLING ROAD,New Sale,Strata,Apartment,1.0,3.0,Rest of Central Region,21,3,36,40,0,99,2017,95,4,0.04040404040404041,1,0,0,1,1.0,6.123233995736766e-17,1416735.0922127303
HERITAGE VIEW,968.76,DOVER RISE,Resale,Strata,Condominium,1.0,5.0,Rest of Central Region,21,5,1,5,0,99,1996,74,25,0.25252525252525254,2,0,0,2,0.49999999999999994,-0.8660254037844387,1222841.5546057879
THE REEF AT KING'S DOCK,1076.4,HARBOURFRONT AVENUE,New Sale,Strata,Condominium,1.0,4.0,Rest of Central Region,24,9,6,10,0,99,2021,96,3,0.030303030303030304,1,0,0,3,-1.0,-1.8369701987210297e-16,2846163.6243757447
OCEAN PARK,2109.74,EAST COAST ROAD,Resale,Strata,Condominium,1.0,15.0,Outside Central Region,24,9,16,20,1,9999,0,9999,0,0.0,0,0,0,3,-1.0,-1.8369701987210297e-16,4125652.484131117
THE RESIDENCES AT W SINGAPORE SENTOSA COVE,1259.39,OCEAN WAY,Resale,Strata,Condominium,1.0,4.0,Core Central Region,24,5,1,5,0,99,2006,81,18,0.18181818181818182,1,0,0,2,0.49999999999999994,-0.8660254037844387,2255802.8613934633
THE VERVE,1313.21,JALAN RAJAH,Resale,Strata,Apartment,1.0,12.0,Rest of Central Region,23,10,16,20,1,9999,0,9999,0,0.0,0,1,0,4,-0.8660254037844386,0.5000000000000001,1665382.9659358263
THE FOLIAGE,1108.69,PASIR PANJANG ROAD,Resale,Strata,Condominium,1.0,5.0,Rest of Central Region,22,11,1,5,1,9999,0,9999,0,0.0,0,1,1,4,-0.5000000000000004,0.8660254037844384,1575136.2165033636
FOURTH AVENUE RESIDENCES,505.91,FOURTH AVENUE,New Sale,Strata,Apartment,1.0,10.0,Core Central Region,21,7,1,5,0,99,2018,96,3,0.030303030303030304,1,0,0,3,-0.4999999999999998,-0.8660254037844388,1191304.7579213034
MEYER RESIDENCE,1151.75,MEYER PLACE,Resale,Strata,Apartment,1.0,15.0,Rest of Central Region,21,2,11,15,1,9999,0,9999,0,0.0,0,0,0,1,0.8660254037844386,0.5000000000000001,1825483.1083056217
THE PARC CONDOMINIUM,979.52,WEST COAST WALK,Resale,Strata,Condominium,1.0,5.0,Outside Central Region,24,9,6,10,1,9999,0,9999,0,0.0,0,0,0,3,-1.0,-1.8369701987210297e-16,1819839.2487412689
EVERGREEN PARK,1237.86,HOUGANG AVENUE 7,Resale,Strata,Apartment,1.0,19.0,Outside Central Region,23,2,1,5,0,99,1995,71,28,0.2828282828282828,2,0,0,1,0.8660254037844386,0.5000000000000001,1111137.431339757
SIXTEEN35 RESIDENCES,624.31,LORONG 35 GEYLANG,Resale,Strata,Apartment,1.0,14.0,Rest of Central Region,24,8,6,10,0,99,2018,93,6,0.06060606060606061,1,0,0,3,-0.8660254037844384,-0.5000000000000004,1040537.6467249865
J@63,1151.75,LORONG J TELOK KURAU,New Sale,Strata,Apartment,1.0,15.0,Outside Central Region,21,9,1,5,1,9999,0,9999,0,0.0,0,0,0,3,-1.0,-1.8369701987210297e-16,1998613.836369497
LEEDON GREEN,775.01,LEEDON HEIGHTS,New Sale,Strata,Condominium,1.0,10.0,Core Central Region,22,9,1,5,1,9999,0,9999,0,0.0,0,0,0,3,-1.0,-1.8369701987210297e-16,2092304.8252729087
CARIBBEAN AT KEPPEL BAY,893.41,KEPPEL BAY DRIVE,Resale,Strata,Condominium,1.0,4.0,Rest of Central Region,24,3,6,10,0,99,1999,74,25,0.25252525252525254,2,0,0,1,1.0,6.123233995736766e-17,1766504.593121309
AMBER PARK,2142.04,AMBER GARDENS,New Sale,Strata,Condominium,1.0,15.0,Rest of Central Region,22,1,6,10,1,9999,0,9999,0,0.0,0,0,0,1,0.49999999999999994,0.8660254037844387,5260399.7419019835
THE JOVELL,527.44,FLORA DRIVE,New Sale,Strata,Condominium,1.0,17.0,Outside Central Region,20,9,1,5,0,99,2018,97,2,0.020202020202020204,1,0,0,3,-1.0,-1.8369701987210297e-16,717783.6950867657
TERRA HILL,807.3,YEW SIANG ROAD,New Sale,Strata,Apartment,1.0,5.0,Rest of Central Region,24,1,1,5,1,9999,0,9999,0,0.0,0,0,0,1,0.49999999999999994,0.8660254037844387,2218386.3024060256
SIMS URBAN OASIS,710.42,SIMS DRIVE,Resale,Strata,Condominium,1.0,14.0,Rest of Central Region,21,6,6,10,0,99,2014,92,7,0.0707070707070707,1,0,0,2,1.2246467991473532e-16,-1.0,1089185.4869052013
TERRENE AT BUKIT TIMAH,1033.34,JALAN JURONG KECHIL,Resale,Strata,Condominium,1.0,21.0,Rest of Central Region,21,4,1,5,0,999,1885,863,136,0.13613613613613615,1,0,0,2,0.8660254037844387,-0.49999999999999983,1548283.6425537
SELETAR PARK RESIDENCE,1700.71,SELETAR ROAD,Resale,Strata,Condominium,1.0,28.0,Outside Central Region,23,11,1,5,0,99,2011,87,12,0.12121212121212122,1,1,1,4,-0.5000000000000004,0.8660254037844384,1898429.912732815
NORMANTON PARK,850.36,NORMANTON PARK,New Sale,Strata,Apartment,1.0,5.0,Rest of Central Region,22,5,1,5,0,99,2019,96,3,0.030303030303030304,1,0,0,2,0.49999999999999994,-0.8660254037844387,1557559.6076992485
THE CONTINUUM,1291.68,THIAM SIEW AVENUE,New Sale,Strata,Apartment,1.0,15.0,Rest of Central Region,23,5,6,10,1,9999,0,9999,0,0.0,0,0,0,2,0.49999999999999994,-0.8660254037844387,3456769.4122030344
THE GARDEN RESIDENCES,452.09,SERANGOON NORTH VIEW,Resale,Strata,Apartment,1.0,19.0,Outside Central Region,24,8,1,5,0,99,2017,92,7,0.0707070707070707,1,0,0,3,-0.8660254037844384,-0.5000000000000004,750035.1936495125
EURO-ASIA COURT,1453.14,RIVER VALLEY CLOSE,Resale,Strata,Apartment,1.0,9.0,Core Central Region,24,7,6,10,1,9999,0,9999,0,0.0,0,0,0,3,-0.4999999999999998,-0.8660254037844388,3007183.8135130526
BLOSSOMS BY THE PARK,678.13,SLIM BARRACKS RISE,New Sale,Strata,Apartment,1.0,5.0,Rest of Central Region,23,4,21,25,0,99,2022,98,1,0.010101010101010102,1,0,0,2,0.8660254037844387,-0.49999999999999983,1690566.0771096249
PICCADILLY GRAND,484.38,NORTHUMBERLAND ROAD,New Sale,Strata,Apartment,1.0,8.0,Rest of Central Region,22,6,1,5,0,99,2021,98,1,0.010101010101010102,1,0,0,2,1.2246467991473532e-16,-1.0,1095160.5664590993
THE TROPICA,1237.86,TAMPINES AVENUE 1,Resale,Strata,Condominium,1.0,18.0,Outside Central Region,22,10,11,15,0,99,1996,73,26,0.26262626262626265,2,1,0,4,-0.8660254037844386,0.5000000000000001,1444952.4296399038
PARBURY HILL CONDOMINIUM,1453.14,PARBURY AVENUE,Resale,Strata,Condominium,1.0,16.0,Outside Central Region,21,3,1,5,1,9999,0,9999,0,0.0,0,0,0,1,1.0,6.123233995736766e-17,1680560.5348301989
GOODWOOD GRAND,1227.1,BALMORAL ROAD,Resale,Strata,Apartment,1.0,10.0,Core Central Region,23,6,6,10,1,9999,0,9999,0,0.0,0,0,0,2,1.2246467991473532e-16,-1.0,2903287.9964137455
THE AVENIR,527.44,RIVER VALLEY CLOSE,New Sale,Strata,Condominium,1.0,9.0,Core Central Region,23,5,21,25,1,9999,0,9999,0,0.0,0,0,0,2,0.49999999999999994,-0.8660254037844387,1630710.4701679915
THE GALE,1345.5,FLORA ROAD,Resale,Strata,Condominium,1.0,17.0,Outside Central Region,24,8,6,10,1,9999,0,9999,0,0.0,0,0,0,3,-0.8660254037844384,-0.5000000000000004,1722375.873233937
PARK COLONIAL,1022.58,WOODLEIGH LANE,Resale,Strata,Condominium,1.0,13.0,Rest of Central Region,23,7,1,5,0,99,2017,93,6,0.06060606060606061,1,0,0,3,-0.4999999999999998,-0.8660254037844388,1959122.3073950873
PARC CLEMATIS,721.19,JALAN LEMPENG,New Sale,Strata,Apartment,1.0,5.0,Outside Central Region,20,12,11,15,0,99,2019,98,1,0.010101010101010102,1,0,0,4,-2.4492935982947064e-16,1.0,1177034.2403861135
ST PATRICK'S RESIDENCES,1517.72,ST. PATRICK'S ROAD,Resale,Strata,Apartment,1.0,15.0,Outside Central Region,22,11,1,5,1,9999,0,9999,0,0.0,0,1,1,4,-0.5000000000000004,0.8660254037844384,2662573.9218368703
THE IMPERIAL,2077.45,JALAN RUMBIA,Resale,Strata,Condominium,1.0,9.0,Core Central Region,21,5,6,10,1,9999,0,9999,0,0.0,0,0,0,2,0.49999999999999994,-0.8660254037844387,4524783.90382866
KOVAN RESIDENCES,1259.39,KOVAN ROAD,Resale,Strata,Condominium,1.0,19.0,Outside Central Region,24,10,1,5,0,99,2007,82,17,0.1717171717171717,1,1,0,4,-0.8660254037844386,0.5000000000000001,2145470.8687023795
THE CONTINUUM,667.37,THIAM SIEW AVENUE,New Sale,Strata,Apartment,1.0,15.0,Rest of Central Region,23,7,6,10,1,9999,0,9999,0,0.0,0,0,0,3,-0.4999999999999998,-0.8660254037844388,1794361.4552106215
IRWELL HILL RESIDENCES,624.31,IRWELL HILL,New Sale,Strata,Apartment,1.0,9.0,Core Central Region,21,4,1,5,0,99,2020,98,1,0.010101010101010102,1,0,0,2,0.8660254037844387,-0.49999999999999983,1586405.2615422457
NORMANTON PARK,1313.21,NORMANTON PARK,New Sale,Strata,Apartment,1.0,5.0,Rest of Central Region,21,8,11,15,0,99,2019,97,2,0.020202020202020204,1,0,0,3,-0.8660254037844384,-0.5000000000000004,2394928.443271895
PULLMAN RESIDENCES NEWTON,1377.79,DUNEARN ROAD,New Sale,Strata,Apartment,1.0,11.0,Core Central Region,22,10,11,15,1,9999,0,9999,0,0.0,0,1,0,4,-0.8660254037844386,0.5000000000000001,3898354.5858066995
THE REEF AT KING'S DOCK,882.65,HARBOURFRONT AVENUE,New Sale,Strata,Condominium,1.0,4.0,Rest of Central Region,21,6,6,10,0,99,2021,99,0,0.0,1,0,0,2,1.2246467991473532e-16,-1.0,2020724.5067318615
SIMS URBAN OASIS,710.42,SIMS DRIVE,Resale,Strata,Condominium,1.0,14.0,Rest of Central Region,22,7,6,10,0,99,2014,91,8,0.08080808080808081,1,0,0,3,-0.4999999999999998,-0.8660254037844388,1187054.940192408
ARENA RESIDENCES,882.65,GUILLEMARD CRESCENT,Sub Sale,Strata,Apartment,1.0,14.0,Rest of Central Region,23,11,11,15,1,9999,0,9999,0,0.0,0,1,1,4,-0.5000000000000004,0.8660254037844384,1758932.9033851954
MONT BOTANIK RESIDENCE,775.01,JALAN REMAJA,New Sale,Strata,Condominium,1.0,23.0,Outside Central Region,20,8,6,10,1,9999,0,9999,0,0.0,0,0,0,3,-0.8660254037844384,-0.5000000000000004,1260382.9609420125
RIVERSOUND RESIDENCE,1367.03,SENGKANG EAST AVENUE,Resale,Strata,Condominium,1.0,19.0,Outside Central Region,24,3,11,15,0,99,2011,86,13,0.13131313131313133,1,0,0,1,1.0,6.123233995736766e-17,1896935.5376229223
ONE HOLLAND VILLAGE RESIDENCES,2088.22,HOLLAND VILLAGE WAY,New Sale,Strata,Apartment,1.0,10.0,Core Central Region,23,1,21,25,0,99,2018,94,5,0.050505050505050504,1,0,0,1,0.49999999999999994,0.8660254037844387,6601643.703771141
ALTEZ,548.96,ENGGOR STREET,Resale,Strata,Apartment,1.0,2.0,Core Central Region,23,4,16,20,0,99,2008,84,15,0.15151515151515152,1,0,0,2,0.8660254037844387,-0.49999999999999983,1169959.0968618407
THE CENTRIS,1700.71,JURONG WEST CENTRAL 3,Resale,Strata,Apartment,1.0,22.0,Outside Central Region,21,5,16,20,0,99,2006,84,15,0.15151515151515152,1,0,0,2,0.49999999999999994,-0.8660254037844387,1623335.344520921
IVORY HEIGHTS,1700.71,JURONG EAST STREET 13,Resale,Strata,Condominium,1.0,22.0,Outside Central Region,22,8,21,25,0,100,1986,64,36,0.36,2,0,0,3,-0.8660254037844384,-0.5000000000000004,1771096.8583909683
RIVERVALE CREST,1162.51,RIVERVALE CRESCENT,Resale,Strata,Apartment,1.0,19.0,Outside Central Region,24,1,16,20,0,99,1997,72,27,0.2727272727272727,2,0,0,1,0.49999999999999994,0.8660254037844387,1152540.455212075
NORMANTON PARK,1087.16,NORMANTON PARK,New Sale,Strata,Apartment,1.0,5.0,Rest of Central Region,21,9,6,10,0,99,2019,97,2,0.020202020202020204,1,0,0,3,-1.0,-1.8369701987210297e-16,1870803.9266824771
NAVA GROVE,699.66,PINE GROVE,New Sale,Strata,Condominium,1.0,21.0,Rest of Central Region,24,11,11,15,0,99,2024,99,0,0.0,1,1,1,4,-0.5000000000000004,0.8660254037844384,1768563.8511353882
PEOPLE'S PARK COMPLEX,409.03,PARK ROAD,Resale,Strata,Apartment,1.0,1.0,Rest of Central Region,22,1,26,30,0,99,1968,45,54,0.5454545454545454,3,0,0,1,0.49999999999999994,0.8660254037844387,544507.2529063111
MELVILLE PARK,1044.11,SIMEI STREET 1,Resale,Strata,Condominium,1.0,18.0,Outside Central Region,23,10,1,5,0,99,1992,68,31,0.31313131313131315,2,1,0,4,-0.8660254037844386,0.5000000000000001,946951.8571909554
D'MIRA,1506.96,BOON TECK ROAD,Resale,Strata,Apartment,1.0,12.0,Rest of Central Region,21,8,11,15,1,9999,0,9999,0,0.0,0,0,0,3,-0.8660254037844384,-0.5000000000000004,1913791.0755022594
VERDALE,753.48,DE SOUZA AVENUE,New Sale,Strata,Apartment,1.0,21.0,Rest of Central Region,21,10,1,5,0,99,2018,96,3,0.030303030303030304,1,1,0,4,-0.8660254037844386,0.5000000000000001,1368833.5023048155
LATTICE ONE,871.88,SERAYA CRESCENT,New Sale,Strata,Apartment,1.0,20.0,Outside Central Region,21,9,1,5,1,9999,0,9999,0,0.0,0,0,0,3,-1.0,-1.8369701987210297e-16,1565297.4532370407
FOURTH AVENUE RESIDENCES,1108.69,FOURTH AVENUE,New Sale,Strata,Apartment,1.0,10.0,Core Central Region,21,10,1,5,0,99,2018,96,3,0.030303030303030304,1,1,0,4,-0.8660254037844386,0.5000000000000001,2659649.6461862344
LA CRYSTAL,914.94,KILLINEY ROAD,Resale,Strata,Apartment,1.0,9.0,Core Central Region,22,2,6,10,1,9999,0,9999,0,0.0,0,0,0,1,0.8660254037844386,0.5000000000000001,1757042.833223372
RIVERFRONT RESIDENCES,1410.08,HOUGANG AVENUE 7,New Sale,Strata,Apartment,1.0,19.0,Outside Central Region,21,5,6,10,0,99,2018,96,3,0.030303030303030304,1,0,0,2,0.49999999999999994,-0.8660254037844387,1902206.8804276264
CASA MERAH,1334.74,TANAH MERAH KECHIL AVENUE,Resale,Strata,Apartment,1.0,16.0,Outside Central Region,20,12,1,5,0,99,2006,85,14,0.1414141414141414,1,0,0,4,-2.4492935982947064e-16,1.0,1433487.533808013
MIDTOWN MODERN,473.62,TAN QUEE LAN STREET,New Sale,Strata,Apartment,1.0,7.0,Core Central Region,21,3,21,25,0,99,2019,97,2,0.020202020202020204,1,0,0,1,1.0,6.123233995736766e-17,1410826.6796083946
THE MYST,1033.34,UPPER BUKIT TIMAH ROAD,New Sale,Strata,Condominium,1.0,23.0,Outside Central Region,24,12,21,25,0,99,2023,98,1,0.010101010101010102,1,0,0,4,-2.4492935982947064e-16,1.0,2191499.1000503926
THE REEF AT KING'S DOCK,764.24,HARBOURFRONT AVENUE,New Sale,Strata,Condominium,1.0,4.0,Rest of Central Region,21,5,6,10,0,99,2021,99,0,0.0,1,0,0,2,0.49999999999999994,-0.8660254037844387,1710944.0470138567
SYMPHONY HEIGHTS,1205.57,HUME AVENUE,Resale,Strata,Condominium,1.0,21.0,Outside Central Region,21,9,6,10,1,9999,0,9999,0,0.0,0,0,0,3,-1.0,-1.8369701987210297e-16,1633277.7046079894
ONE-NORTH RESIDENCES,1323.97,ONE-NORTH GATEWAY,Resale,Strata,Apartment,1.0,5.0,Rest of Central Region,23,11,11,15,0,99,2005,81,18,0.18181818181818182,1,1,1,4,-0.5000000000000004,0.8660254037844384,2114121.139756683
J GATEWAY,947.23,GATEWAY DRIVE,Resale,Strata,Condominium,1.0,22.0,Outside Central Region,20,12,1,5,0,99,2012,91,8,0.08080808080808081,1,0,0,4,-2.4492935982947064e-16,1.0,1250356.1204008579
SIMS URBAN OASIS,559.73,SIMS DRIVE,Resale,Strata,Condominium,1.0,14.0,Rest of Central Region,22,11,16,20,0,99,2014,91,8,0.08080808080808081,1,1,1,4,-0.5000000000000004,0.8660254037844384,947611.3144135717
LENTOR MODERN,731.95,LENTOR CENTRAL,New Sale,Strata,Apartment,1.0,26.0,Outside Central Region,22,9,11,15,0,99,2021,98,1,0.010101010101010102,1,0,0,3,-1.0,-1.8369701987210297e-16,1585625.2028963154
WATERTOWN,807.3,PUNGGOL CENTRAL,Resale,Strata,Apartment,1.0,19.0,Outside Central Region,21,8,11,15,0,99,2011,89,10,0.10101010101010101,1,0,0,3,-0.8660254037844384,-0.5000000000000004,1094163.1189726281
MELVILLE PARK,1345.5,SIMEI STREET 1,Resale,Strata,Condominium,1.0,18.0,Outside Central Region,21,6,1,5,0,99,1992,70,29,0.29292929292929293,2,0,0,2,1.2246467991473532e-16,-1.0,870909.5227473463
EIGHT COURTYARDS,861.12,CANBERRA DRIVE,Resale,Strata,Condominium,1.0,27.0,Outside Central Region,21,8,6,10,0,99,2010,88,11,0.1111111111111111,1,0,0,3,-0.8660254037844384,-0.5000000000000004,878377.5375523833
SANT RITZ,818.06,PHENG GECK AVENUE,Resale,Strata,Condominium,1.0,13.0,Rest of Central Region,24,7,1,5,0,99,2012,87,12,0.12121212121212122,1,0,0,3,-0.4999999999999998,-0.8660254037844388,1428103.9374117416
TREVISTA,1700.71,LORONG 3 TOA PAYOH,Resale,Strata,Condominium,1.0,12.0,Rest of Central Region,21,8,1,5,0,99,2008,86,13,0.13131313131313133,1,0,0,3,-0.8660254037844384,-0.5000000000000004,2317892.7387210787
IDYLLIC SUITES,441.32,LORONG 30 GEYLANG,Resale,Strata,Apartment,1.0,14.0,Rest of Central Region,21,12,1,5,1,9999,0,9999,0,0.0,0,0,0,4,-2.4492935982947064e-16,1.0,612671.1860937468
AVILA GARDENS,1323.97,FLORA ROAD,Resale,Strata,Condominium,1.0,17.0,Outside Central Region,22,11,1,5,1,9999,0,9999,0,0.0,0,1,1,4,-0.5000000000000004,0.8660254037844384,1354592.4665728158
CARABELLE,1259.39,WEST COAST WAY,Resale,Strata,Condominium,1.0,5.0,Outside Central Region,24,5,11,15,0,956,1928,860,96,0.100418410041841,1,0,0,2,0.49999999999999994,-0.8660254037844387,2194516.118451887
ALTEZ,861.12,ENGGOR STREET,Resale,Strata,Apartment,1.0,2.0,Core Central Region,23,12,26,30,0,99,2008,84,15,0.15151515151515152,1,0,0,4,-2.4492935982947064e-16,1.0,1642507.5364102917
CHANGI RISE CONDOMINIUM,1474.67,SIMEI RISE,Resale,Strata,Condominium,1.0,18.0,Outside Central Region,21,4,1,5,0,99,2000,78,21,0.21212121212121213,2,0,0,2,0.8660254037844387,-0.49999999999999983,1212845.7514670992
SKY HABITAT,893.41,BISHAN STREET 15,Resale,Strata,Condominium,1.0,20.0,Rest of Central Region,21,2,21,25,0,99,2011,89,10,0.10101010101010101,1,0,0,1,0.8660254037844386,0.5000000000000001,1326105.2543339923
BOTANNIA,1237.86,WEST COAST PARK,Resale,Strata,Condominium,1.0,5.0,Outside Central Region,22,7,1,5,0,956,1928,862,94,0.09832635983263599,1,0,0,3,-0.4999999999999998,-0.8660254037844388,1835428.3031244203
THE WATERGARDENS AT CANBERRA,753.48,CANBERRA DRIVE,New Sale,Strata,Apartment,1.0,27.0,Outside Central Region,22,4,1,5,0,99,2020,97,2,0.020202020202020204,1,0,0,2,0.8660254037844387,-0.49999999999999983,1225487.0124601515
EMERALD OF KATONG,968.76,JALAN TEMBUSU,New Sale,Strata,Condominium,1.0,15.0,Rest of Central Region,24,11,16,20,0,99,2023,98,1,0.010101010101010102,1,1,1,4,-0.5000000000000004,0.8660254037844384,2553768.615089293
RIVER ISLES,1227.1,EDGEDALE PLAINS,Resale,Strata,Condominium,1.0,19.0,Outside Central Region,24,3,6,10,0,99,2012,87,12,0.12121212121212122,1,0,0,1,1.0,6.123233995736766e-17,1584956.9538009923
BEDOK RESIDENCES,796.54,BEDOK NORTH DRIVE,Resale,Strata,Apartment,1.0,16.0,Outside Central Region,22,4,11,15,0,99,2011,88,11,0.1111111111111111,1,0,0,2,0.8660254037844387,-0.49999999999999983,1239984.7866684597
TREASURE AT TAMPINES,1087.16,TAMPINES LANE,Sub Sale,Strata,Condominium,1.0,18.0,Outside Central Region,23,9,1,5,0,99,2018,94,5,0.050505050505050504,1,0,0,3,-1.0,-1.8369701987210297e-16,1803245.5384575923
AVENUE SOUTH RESIDENCE,656.6,SILAT AVENUE,New Sale,Strata,Apartment,1.0,3.0,Rest of Central Region,22,2,46,50,0,99,2018,95,4,0.04040404040404041,1,0,0,1,0.8660254037844386,0.5000000000000001,1583539.1516898195
LENTORIA,699.66,LENTOR HILLS ROAD,New Sale,Strata,Condominium,1.0,26.0,Outside Central Region,24,6,6,10,0,99,2022,97,2,0.020202020202020204,1,0,0,2,1.2246467991473532e-16,-1.0,1530183.9572597763
KINGSFORD WATERBAY,484.38,UPPER SERANGOON VIEW,Resale,Strata,Apartment,1.0,19.0,Outside Central Region,22,9,6,10,0,99,2014,91,8,0.08080808080808081,1,0,0,3,-1.0,-1.8369701987210297e-16,671788.7537068436
CANNINGHILL PIERS,828.83,CLARKE QUAY,New Sale,Strata,Apartment,1.0,6.0,Rest of Central Region,21,11,11,15,0,99,2021,99,0,0.0,1,1,1,4,-0.5000000000000004,0.8660254037844384,2297618.824211232
RIDGEWOOD,1743.77,MOUNT SINAI RISE,Resale,Strata,Condominium,1.0,10.0,Core Central Region,20,10,1,5,0,999,1885,864,135,0.13513513513513514,1,1,0,4,-0.8660254037844386,0.5000000000000001,2553296.999976186
CAVENDISH PARK,1270.15,PINE GROVE,Resale,Strata,Condominium,1.0,21.0,Rest of Central Region,23,5,6,10,0,99,1991,67,32,0.32323232323232326,2,0,0,2,0.49999999999999994,-0.8660254037844387,1883175.237939106
FLAMINGO VALLEY,1216.33,SIGLAP ROAD,Resale,Strata,Condominium,1.0,15.0,Outside Central Region,22,4,1,5,1,9999,0,9999,0,0.0,0,0,0,2,0.8660254037844387,-0.49999999999999983,1955443.153417456
THE GARDENS AT BISHAN,1205.57,SIN MING WALK,Resale,Strata,Condominium,1.0,20.0,Rest of Central Region,20,8,16,20,0,99,1997,76,23,0.23232323232323232,2,0,0,3,-0.8660254037844384,-0.5000000000000004,1522825.993930362
JADESCAPE,527.44,SHUNFU ROAD,New Sale,Strata,Condominium,1.0,20.0,Rest of Central Region,21,5,16,20,0,99,2018,96,3,0.030303030303030304,1,0,0,2,0.49999999999999994,-0.8660254037844387,990068.939400783
FOURTH AVENUE RESIDENCES,484.38,FOURTH AVENUE,New Sale,Strata,Apartment,1.0,10.0,Core Central Region,20,9,6,10,0,99,2018,97,2,0.020202020202020204,1,0,0,3,-1.0,-1.8369701987210297e-16,1137571.4426488746
GEM RESIDENCES,678.13,LORONG 5 TOA PAYOH,Sub Sale,Strata,Condominium,1.0,12.0,Rest of Central Region,23,5,11,15,0,99,2015,91,8,0.08080808080808081,1,0,0,2,0.49999999999999994,-0.8660254037844387,1225931.9936889021
THE WOODLEIGH RESIDENCES,570.49,BIDADARI PARK DRIVE,New Sale,Strata,Apartment,1.0,13.0,Rest of Central Region,20,9,6,10,0,99,2017,96,3,0.030303030303030304,1,0,0,3,-1.0,-1.8369701987210297e-16,1100563.644857403
ARCHIPELAGO,839.59,BEDOK RESERVOIR ROAD,Resale,Strata,Condominium,1.0,16.0,Outside Central Region,24,1,1,5,0,99,2011,86,13,0.13131313131313133,1,0,0,1,0.49999999999999994,0.8660254037844387,1215758.07587624
CLAVON,1582.31,CLEMENTI AVENUE 1,New Sale,Strata,Apartment,1.0,5.0,Outside Central Region,20,12,26,30,0,99,2019,98,1,0.010101010101010102,1,0,0,4,-2.4492935982947064e-16,1.0,2537667.0423129126
Q BAY RESIDENCES,1410.08,TAMPINES STREET 86,Resale,Strata,Condominium,1.0,18.0,Outside Central Region,24,11,11,15,0,99,2012,87,12,0.12121212121212122,1,1,1,4,-0.5000000000000004,0.8660254037844384,2128115.5715999533
BRADDELL VIEW,3369.13,BRADDELL HILL,Resale,Strata,Apartment,1.0,20.0,Rest of Central Region,24,12,21,25,0,102,1978,56,46,0.45098039215686275,3,0,0,4,-2.4492935982947064e-16,1.0,3215677.5427176123
THE FLORENCE RESIDENCES,936.47,HOUGANG AVENUE 2,Sub Sale,Strata,Apartment,1.0,19.0,Outside Central Region,24,5,6,10,0,99,2018,93,6,0.06060606060606061,1,0,0,2,0.49999999999999994,-0.8660254037844387,1725379.048783274
GARDENVISTA,871.88,DUNEARN ROAD,Resale,Strata,Condominium,1.0,21.0,Rest of Central Region,24,12,1,5,0,99,1999,74,25,0.25252525252525254,2,0,0,4,-2.4492935982947064e-16,1.0,1586687.9161599912
CARISSA PARK CONDOMINIUM,1323.97,FLORA DRIVE,Resale,Strata,Condominium,1.0,17.0,Outside Central Region,21,9,1,5,1,9999,0,9999,0,0.0,0,0,0,3,-1.0,-1.8369701987210297e-16,1252955.5858478996
THE JOVELL,635.08,FLORA DRIVE,New Sale,Strata,Condominium,1.0,17.0,Outside Central Region,21,1,1,5,0,99,2018,96,3,0.030303030303030304,1,0,0,1,0.49999999999999994,0.8660254037844387,831421.3333785431
STIRLING RESIDENCES,441.32,STIRLING ROAD,Resale,Strata,Apartment,1.0,3.0,Rest of Central Region,24,6,21,25,0,99,2017,92,7,0.0707070707070707,1,0,0,2,1.2246467991473532e-16,-1.0,1052333.9765676814
PARC CLEMATIS,1237.86,JALAN LEMPENG,New Sale,Strata,Apartment,1.0,5.0,Outside Central Region,20,8,1,5,0,99,2019,98,1,0.010101010101010102,1,0,0,3,-0.8660254037844384,-0.5000000000000004,2040815.915418543
CHUAN PARK,914.94,LORONG CHUAN,New Sale,Strata,Condominium,1.0,19.0,Outside Central Region,24,11,6,10,0,99,2024,99,0,0.0,1,1,1,4,-0.5000000000000004,0.8660254037844384,2373247.1145308637
THE ATELIER,914.94,MAKEWAY AVENUE,New Sale,Strata,Apartment,1.0,9.0,Core Central Region,22,6,6,10,1,9999,0,9999,0,0.0,0,0,0,2,1.2246467991473532e-16,-1.0,2392509.630154511
EDELWEISS PARK CONDOMINIUM,2464.96,FLORA ROAD,Resale,Strata,Condominium,1.0,17.0,Outside Central Region,21,9,6,10,1,9999,0,9999,0,0.0,0,0,0,3,-1.0,-1.8369701987210297e-16,1904094.1219927194
THOMSON THREE,731.95,BRIGHT HILL DRIVE,Resale,Strata,Apartment,1.0,20.0,Rest of Central Region,22,4,11,15,0,99,2012,89,10,0.10101010101010101,1,0,0,2,0.8660254037844387,-0.49999999999999983,1348314.3647368976
MARTIN MODERN,1399.32,MARTIN PLACE,Sub Sale,Strata,Condominium,1.0,9.0,Core Central Region,21,1,11,15,0,99,2016,94,5,0.050505050505050504,1,0,0,1,0.49999999999999994,0.8660254037844387,3656345.0285911276
THE CONTINUUM,667.37,THIAM SIEW AVENUE,New Sale,Strata,Apartment,1.0,15.0,Rest of Central Region,23,5,6,10,1,9999,0,9999,0,0.0,0,0,0,2,0.49999999999999994,-0.8660254037844387,1798374.243740297
EUHABITAT,548.96,JALAN EUNOS,Resale,Strata,Condominium,1.0,14.0,Outside Central Region,20,9,1,5,0,99,2010,89,10,0.10101010101010101,1,0,0,3,-1.0,-1.8369701987210297e-16,677137.1279528969
THE CLEARWATER,2486.48,BEDOK RESERVOIR VIEW,Resale,Strata,Condominium,1.0,16.0,Outside Central Region,24,10,11,15,0,99,1997,72,27,0.2727272727272727,2,1,0,4,-0.8660254037844386,0.5000000000000001,2665679.940990933
SIMS URBAN OASIS,462.85,SIMS DRIVE,Resale,Strata,Condominium,1.0,14.0,Rest of Central Region,22,5,1,5,0,99,2014,91,8,0.08080808080808081,1,0,0,2,0.49999999999999994,-0.8660254037844387,739228.0505057436
SKYLINE RESIDENCES,484.38,TELOK BLANGAH ROAD,Resale,Strata,Condominium,1.0,4.0,Rest of Central Region,22,8,21,25,1,9999,0,9999,0,0.0,0,0,0,3,-0.8660254037844384,-0.5000000000000004,1073494.8378967058
THE TEMBUSU,764.24,TAMPINES ROAD,Resale,Strata,Condominium,1.0,19.0,Outside Central Region,24,1,1,5,1,9999,0,9999,0,0.0,0,0,0,1,0.49999999999999994,0.8660254037844387,1252475.7221570848
EIGHT COURTYARDS,1087.16,CANBERRA DRIVE,Resale,Strata,Condominium,1.0,27.0,Outside Central Region,22,5,1,5,0,99,2010,87,12,0.12121212121212122,1,0,0,2,0.49999999999999994,-0.8660254037844387,1165942.68325671
THE WATERGARDENS AT CANBERRA,1302.44,CANBERRA DRIVE,New Sale,Strata,Apartment,1.0,27.0,Outside Central Region,22,8,1,5,0,99,2020,97,2,0.020202020202020204,1,0,0,3,-0.8660254037844384,-0.5000000000000004,1889909.0262743952
PARC ESTA,452.09,SIMS AVENUE,Resale,Strata,Apartment,1.0,14.0,Rest of Central Region,23,11,6,10,0,99,2018,94,5,0.050505050505050504,1,1,1,4,-0.5000000000000004,0.8660254037844384,936592.5174915812
PASIR RIS 8,1022.58,PASIR RIS DRIVE 8,New Sale,Strata,Apartment,1.0,18.0,Outside Central Region,21,7,6,10,0,99,2021,99,0,0.0,1,0,0,3,-0.4999999999999998,-0.8660254037844388,1560576.2687099164
ONE PEARL BANK,1216.33,PEARL BANK,New Sale,Strata,Apartment,1.0,3.0,Rest of Central Region,22,4,31,35,0,99,2019,96,3,0.030303030303030304,1,0,0,2,0.8660254037844387,-0.49999999999999983,3084389.191570725
LA BRISA,559.73,LORONG 28 GEYLANG,Resale,Strata,Apartment,1.0,14.0,Rest of Central Region,22,2,6,10,1,9999,0,9999,0,0.0,0,0,0,1,0.8660254037844386,0.5000000000000001,736109.0353961054
15 HOLLAND HILL,1797.59,HOLLAND HILL,New Sale,Strata,Apartment,1.0,10.0,Core Central Region,21,8,6,10,1,9999,0,9999,0,0.0,0,0,0,3,-0.8660254037844384,-0.5000000000000004,5664661.831387771
NORMANTON PARK,495.14,NORMANTON PARK,New Sale,Strata,Apartment,1.0,5.0,Rest of Central Region,21,1,16,20,0,99,2019,97,2,0.020202020202020204,1,0,0,1,0.49999999999999994,0.8660254037844387,880317.0810717294
TANGLIN VIEW,1162.51,PRINCE CHARLES CRESCENT,Resale,Strata,Condominium,1.0,3.0,Rest of Central Region,20,12,11,15,0,99,1997,76,23,0.23232323232323232,2,0,0,4,-2.4492935982947064e-16,1.0,1589055.8824948003
THE PLAZA,731.95,BEACH ROAD,Resale,Strata,Apartment,1.0,7.0,Core Central Region,21,11,26,30,0,99,1968,46,53,0.5353535353535354,3,1,1,4,-0.5000000000000004,0.8660254037844384,851836.2343489409
MARINA BAY SUITES,2066.69,CENTRAL BOULEVARD,Resale,Strata,Condominium,1.0,1.0,Core Central Region,21,8,31,35,0,99,2007,85,14,0.1414141414141414,1,0,0,3,-0.8660254037844384,-0.5000000000000004,4227723.109902568
WATER PLACE,904.18,TANJONG RHU ROAD,Resale,Strata,Condominium,1.0,15.0,Rest of Central Region,21,4,11,15,0,99,1998,76,23,0.23232323232323232,2,0,0,2,0.8660254037844387,-0.49999999999999983,1399961.7008726872
THE PANORAMA,1130.22,ANG MO KIO AVENUE 2,Resale,Strata,Condominium,1.0,20.0,Outside Central Region,21,4,16,20,0,99,2013,91,8,0.08080808080808081,1,0,0,2,0.8660254037844387,-0.49999999999999983,1769936.641816581
PARC CLEMATIS,1711.48,JALAN LEMPENG,New Sale,Strata,Apartment,1.0,5.0,Outside Central Region,21,7,1,5,0,99,2019,97,2,0.020202020202020204,1,0,0,3,-0.4999999999999998,-0.8660254037844388,2665202.99751643
MIRAGE TOWER,1227.1,KIM SENG ROAD,Resale,Strata,Condominium,1.0,9.0,Core Central Region,22,11,16,20,1,9999,0,9999,0,0.0,0,1,1,4,-0.5000000000000004,0.8660254037844384,2700808.063389686
PRESTIGE HEIGHTS,430.56,BALESTIER ROAD,Resale,Strata,Apartment,1.0,12.0,Rest of Central Region,23,12,11,15,1,9999,0,9999,0,0.0,0,0,0,4,-2.4492935982947064e-16,1.0,747179.9625051029
PEBBLE BAY,1894.46,TANJONG RHU ROAD,Resale,Strata,Condominium,1.0,15.0,Rest of Central Region,22,9,1,5,0,99,1994,71,28,0.2828282828282828,2,0,0,3,-1.0,-1.8369701987210297e-16,3150155.116580975
ONE PEARL BANK,559.73,PEARL BANK,New Sale,Strata,Apartment,1.0,3.0,Rest of Central Region,20,8,21,25,0,99,2019,98,1,0.010101010101010102,1,0,0,3,-0.8660254037844384,-0.5000000000000004,1395423.429030464
RESIDENTIAL APARTMENTS,2257.21,SING AVENUE,Resale,Land,Apartment,1.0,8.0,Rest of Central Region,21,5,1,5,1,9999,0,9999,0,0.0,0,0,0,2,0.49999999999999994,-0.8660254037844387,2149974.79744449
THE MYST,1033.34,UPPER BUKIT TIMAH ROAD,New Sale,Strata,Condominium,1.0,23.0,Outside Central Region,24,1,1,5,0,99,2023,98,1,0.010101010101010102,1,0,0,1,0.49999999999999994,0.8660254037844387,2053082.8909612503
KOVAN JEWEL,1140.98,KOVAN ROAD,New Sale,Strata,Apartment,1.0,19.0,Outside Central Region,24,11,1,5,1,9999,0,9999,0,0.0,0,1,1,4,-0.5000000000000004,0.8660254037844384,2313032.86846356
LENTOR MANSION,1506.96,LENTOR GARDENS,New Sale,Strata,Apartment,1.0,26.0,Outside Central Region,24,3,11,15,0,99,2023,98,1,0.010101010101010102,1,0,0,1,1.0,6.123233995736766e-17,3185151.7671704185
THE ALPS RESIDENCES,699.66,TAMPINES STREET 86,Resale,Strata,Condominium,1.0,18.0,Outside Central Region,22,8,11,15,0,99,2015,92,7,0.0707070707070707,1,0,0,3,-0.8660254037844384,-0.5000000000000004,935217.382048255
THE WOODLEIGH RESIDENCES,721.19,BIDADARI PARK DRIVE,New Sale,Strata,Apartment,1.0,13.0,Rest of Central Region,21,1,11,15,0,99,2017,95,4,0.04040404040404041,1,0,0,1,0.49999999999999994,0.8660254037844387,1591160.705947611
THE RISE @ OXLEY - RESIDENCES,645.84,OXLEY RISE,Resale,Strata,Apartment,1.0,9.0,Core Central Region,24,7,1,5,1,9999,0,9999,0,0.0,0,0,0,3,-0.4999999999999998,-0.8660254037844388,1373357.3749396221
THE COMMODORE,1151.75,CANBERRA DRIVE,New Sale,Strata,Condominium,1.0,27.0,Outside Central Region,22,9,1,5,0,99,2020,97,2,0.020202020202020204,1,0,0,3,-1.0,-1.8369701987210297e-16,1655598.6745939674
THE WATERGARDENS AT CANBERRA,753.48,CANBERRA DRIVE,New Sale,Strata,Apartment,1.0,27.0,Outside Central Region,21,8,1,5,0,99,2020,98,1,0.010101010101010102,1,0,0,3,-0.8660254037844384,-0.5000000000000004,1112013.0286057664
THE JOVELL,904.18,FLORA DRIVE,New Sale,Strata,Condominium,1.0,17.0,Outside Central Region,21,8,1,5,0,99,2018,96,3,0.030303030303030304,1,0,0,3,-0.8660254037844384,-0.5000000000000004,1150667.24569273
PARC CLEMATIS,990.29,JALAN LEMPENG,New Sale,Strata,Apartment,1.0,5.0,Outside Central Region,21,7,6,10,0,99,2019,97,2,0.020202020202020204,1,0,0,3,-0.4999999999999998,-0.8660254037844388,1695791.9234756436
EMERALD OF KATONG,990.29,JALAN TEMBUSU,New Sale,Strata,Condominium,1.0,15.0,Rest of Central Region,24,11,21,25,0,99,2023,98,1,0.010101010101010102,1,1,1,4,-0.5000000000000004,0.8660254037844384,2683407.553766267
TEMBUSU GRAND,1173.28,JALAN TEMBUSU,New Sale,Strata,Condominium,1.0,15.0,Rest of Central Region,24,9,11,15,0,99,2022,97,2,0.020202020202020204,1,0,0,3,-1.0,-1.8369701987210297e-16,2911461.970108001
WATERBANK AT DAKOTA,1528.49,DAKOTA CRESCENT,Resale,Strata,Condominium,1.0,14.0,Rest of Central Region,22,11,1,5,0,99,2009,86,13,0.13131313131313133,1,1,1,4,-0.5000000000000004,0.8660254037844384,2158714.8081422034
FOURTH AVENUE RESIDENCES,505.91,FOURTH AVENUE,New Sale,Strata,Apartment,1.0,10.0,Core Central Region,22,4,6,10,0,99,2018,95,4,0.04040404040404041,1,0,0,2,0.8660254037844387,-0.49999999999999983,1304249.148773168
LEEDON GREEN,538.2,LEEDON HEIGHTS,New Sale,Strata,Condominium,1.0,10.0,Core Central Region,21,12,1,5,1,9999,0,9999,0,0.0,0,0,0,4,-2.4492935982947064e-16,1.0,1511112.011038796
FOREST WOODS,914.94,LORONG LEW LIAN,Resale,Strata,Condominium,1.0,19.0,Outside Central Region,24,11,6,10,0,99,2016,91,8,0.08080808080808081,1,1,1,4,-0.5000000000000004,0.8660254037844384,1635522.3169175268
RIVERFRONT RESIDENCES,516.67,HOUGANG AVENUE 7,Sub Sale,Strata,Apartment,1.0,19.0,Outside Central Region,23,7,6,10,0,99,2018,94,5,0.050505050505050504,1,0,0,3,-0.4999999999999998,-0.8660254037844388,822861.5535905394
THE WARREN,1474.67,CHOA CHU KANG LOOP,Resale,Strata,Condominium,1.0,23.0,Outside Central Region,22,7,6,10,0,99,2001,78,21,0.21212121212121213,2,0,0,3,-0.4999999999999998,-0.8660254037844388,1477384.8530453525
POLLEN & BLEU,1593.07,FARRER DRIVE,Resale,Strata,Condominium,1.0,10.0,Core Central Region,24,9,1,5,0,99,2012,87,12,0.12121212121212122,1,0,0,3,-1.0,-1.8369701987210297e-16,3120905.6545682694
OASIS GARDEN,1334.74,JALAN BUNGA RAMPAI,Resale,Strata,Condominium,1.0,19.0,Rest of Central Region,24,8,11,15,1,9999,0,9999,0,0.0,0,0,0,3,-0.8660254037844384,-0.5000000000000004,2396509.081788164
REFLECTIONS AT KEPPEL BAY,1076.4,KEPPEL BAY VIEW,Resale,Strata,Condominium,1.0,4.0,Rest of Central Region,24,4,1,5,0,99,2006,81,18,0.18181818181818182,1,0,0,2,0.8660254037844387,-0.49999999999999983,1776026.4584983583
FORETT@BUKIT TIMAH,979.52,TOH TUCK ROAD,New Sale,Strata,Apartment,1.0,21.0,Rest of Central Region,20,12,1,5,1,9999,0,9999,0,0.0,0,0,0,4,-2.4492935982947064e-16,1.0,1871888.9757619777
LEEDON GREEN,699.66,LEEDON HEIGHTS,New Sale,Strata,Condominium,1.0,10.0,Core Central Region,23,3,6,10,1,9999,0,9999,0,0.0,0,0,0,1,1.0,6.123233995736766e-17,2007560.786817635
CLAVON,1280.92,CLEMENTI AVENUE 1,New Sale,Strata,Apartment,1.0,5.0,Outside Central Region,21,11,26,30,0,99,2019,97,2,0.020202020202020204,1,1,1,4,-0.5000000000000004,0.8660254037844384,2235912.6854176186
PEBBLE BAY,1377.79,TANJONG RHU ROAD,Resale,Strata,Condominium,1.0,15.0,Rest of Central Region,21,8,6,10,0,99,1994,72,27,0.2727272727272727,2,0,0,3,-0.8660254037844384,-0.5000000000000004,2061467.494802296
THE MAKENA,1517.72,MEYER ROAD,Resale,Strata,Condominium,1.0,15.0,Rest of Central Region,20,10,16,20,1,9999,0,9999,0,0.0,0,1,0,4,-0.8660254037844386,0.5000000000000001,2520408.339239828
WILSHIRE RESIDENCES,731.95,FARRER ROAD,New Sale,Strata,Apartment,1.0,10.0,Core Central Region,21,4,6,10,1,9999,0,9999,0,0.0,0,0,0,2,0.8660254037844387,-0.49999999999999983,1902512.4498210615
ALEXIS,452.09,ALEXANDRA ROAD,Resale,Strata,Apartment,1.0,3.0,Rest of Central Region,23,7,1,5,1,9999,0,9999,0,0.0,0,0,0,3,-0.4999999999999998,-0.8660254037844388,823606.0346357103
SELETAR PARK RESIDENCE,1011.82,SELETAR ROAD,Resale,Strata,Condominium,1.0,28.0,Outside Central Region,24,9,1,5,0,99,2011,86,13,0.13131313131313133,1,0,0,3,-1.0,-1.8369701987210297e-16,1340629.6411819574
HILLHAVEN,1011.82,HILLVIEW RISE,New Sale,Strata,Condominium,1.0,23.0,Outside Central Region,24,9,1,5,0,99,2023,98,1,0.010101010101010102,1,0,0,3,-1.0,-1.8369701987210297e-16,2005554.3474484473
MIDTOWN MODERN,635.08,TAN QUEE LAN STREET,New Sale,Strata,Apartment,1.0,7.0,Core Central Region,21,3,6,10,0,99,2019,97,2,0.020202020202020204,1,0,0,1,1.0,6.123233995736766e-17,1617823.0481508204
STIRLING RESIDENCES,441.32,STIRLING ROAD,Resale,Strata,Apartment,1.0,3.0,Rest of Central Region,23,11,16,20,0,99,2017,93,6,0.06060606060606061,1,1,1,4,-0.5000000000000004,0.8660254037844384,1034167.194595624
LENTOR HILLS RESIDENCES,1097.93,LENTOR HILLS ROAD,New Sale,Strata,Apartment,1.0,26.0,Outside Central Region,24,4,11,15,0,99,2022,97,2,0.020202020202020204,1,0,0,2,0.8660254037844387,-0.49999999999999983,2383429.0666268496
RIVERBAY,516.67,MAR THOMA ROAD,Resale,Strata,Apartment,1.0,12.0,Rest of Central Region,24,4,16,20,0,999,1882,857,142,0.14214214214214213,1,0,0,2,0.8660254037844387,-0.49999999999999983,779091.0141941749
THE SAIL @ MARINA BAY,592.02,MARINA BOULEVARD,Resale,Strata,Apartment,1.0,1.0,Core Central Region,21,7,41,45,0,99,2002,80,19,0.1919191919191919,1,0,0,3,-0.4999999999999998,-0.8660254037844388,1150686.4531351733
THE ARTE,1872.94,JALAN RAJA UDANG,Resale,Strata,Condominium,1.0,12.0,Rest of Central Region,20,9,6,10,1,9999,0,9999,0,0.0,0,0,0,3,-1.0,-1.8369701987210297e-16,2458898.797526846
ROYCE RESIDENCES,409.03,LORONG 6 GEYLANG,Resale,Strata,Apartment,1.0,14.0,Rest of Central Region,22,1,6,10,1,9999,0,9999,0,0.0,0,0,0,1,0.49999999999999994,0.8660254037844387,563342.5999417326
RIVERFRONT RESIDENCES,613.55,HOUGANG AVENUE 7,Sub Sale,Strata,Apartment,1.0,19.0,Outside Central Region,22,4,11,15,0,99,2018,95,4,0.04040404040404041,1,0,0,2,0.8660254037844387,-0.49999999999999983,920087.4371201025
ROSEWOOD SUITES,1162.51,ROSEWOOD DRIVE,Resale,Strata,Condominium,1.0,25.0,Outside Central Region,21,2,1,5,0,99,2008,86,13,0.13131313131313133,1,0,0,1,0.8660254037844386,0.5000000000000001,894621.6330553867
ONE PEARL BANK,1184.04,PEARL BANK,New Sale,Strata,Apartment,1.0,3.0,Rest of Central Region,22,10,21,25,0,99,2019,96,3,0.030303030303030304,1,1,0,4,-0.8660254037844386,0.5000000000000001,2947554.384988276
SHERWOOD TOWER,1539.25,JALAN ANAK BUKIT,Resale,Strata,Apartment,1.0,21.0,Rest of Central Region,21,3,1,5,0,99,1976,54,45,0.45454545454545453,3,0,0,1,1.0,6.123233995736766e-17,1257775.958476545
CANNINGHILL PIERS,538.2,CLARKE QUAY,New Sale,Strata,Apartment,1.0,6.0,Rest of Central Region,21,11,11,15,0,99,2021,99,0,0.0,1,1,1,4,-0.5000000000000004,0.8660254037844384,1520698.149424999
ENG KONG GREEN,839.59,ENG KONG CRESCENT,Resale,Strata,Condominium,1.0,21.0,Rest of Central Region,22,7,1,5,1,9999,0,9999,0,0.0,0,0,0,3,-0.4999999999999998,-0.8660254037844388,1224706.959601128
RIVERBANK @ FERNVALE,947.23,FERNVALE CLOSE,Resale,Strata,Condominium,1.0,28.0,Outside Central Region,21,8,16,20,0,99,2013,91,8,0.08080808080808081,1,0,0,3,-0.8660254037844384,-0.5000000000000004,1042003.3547481438
ASTORIA PARK,958.0,LORONG MYDIN,Resale,Strata,Condominium,1.0,14.0,Outside Central Region,21,3,1,5,0,99,1993,71,28,0.2828282828282828,2,0,0,1,1.0,6.123233995736766e-17,952233.2943335241
PRESTIGE HEIGHTS,333.68,BALESTIER ROAD,Resale,Strata,Apartment,1.0,12.0,Rest of Central Region,21,9,16,20,1,9999,0,9999,0,0.0,0,0,0,3,-1.0,-1.8369701987210297e-16,575112.6054193039
LAGUNA GREEN,1173.28,JALAN HAJIJAH,Resale,Strata,Condominium,1.0,16.0,Outside Central Region,24,2,1,5,0,99,1995,70,29,0.29292929292929293,2,0,0,1,0.8660254037844386,0.5000000000000001,1628144.6889620891
H2O RESIDENCES,882.65,FERNVALE LINK,Resale,Strata,Condominium,1.0,28.0,Outside Central Region,21,9,11,15,0,99,2010,88,11,0.1111111111111111,1,0,0,3,-1.0,-1.8369701987210297e-16,973772.3203451432
NORMANTON PARK,581.26,NORMANTON PARK,New Sale,Strata,Apartment,1.0,5.0,Rest of Central Region,21,10,21,25,0,99,2019,97,2,0.020202020202020204,1,1,0,4,-0.8660254037844386,0.5000000000000001,1094475.2266177777
REGENT HEIGHTS,1173.28,BUKIT BATOK EAST AVENUE 5,Resale,Strata,Condominium,1.0,23.0,Outside Central Region,23,9,16,20,0,99,1995,71,28,0.2828282828282828,2,0,0,3,-1.0,-1.8369701987210297e-16,1187672.2779088095
PRISTINE HEIGHTS,1356.26,MERGUI ROAD,Resale,Strata,Apartment,1.0,8.0,Rest of Central Region,24,10,16,20,1,9999,0,9999,0,0.0,0,1,0,4,-0.8660254037844386,0.5000000000000001,2185336.926733666
LIVIA,1539.25,PASIR RIS GROVE,Resale,Strata,Condominium,1.0,18.0,Outside Central Region,24,11,6,10,0,99,2008,83,16,0.16161616161616163,1,1,1,4,-0.5000000000000004,0.8660254037844384,1925030.2093032661
THE TAPESTRY,602.78,TAMPINES STREET 86,Resale,Strata,Condominium,1.0,18.0,Outside Central Region,24,11,6,10,0,99,2017,92,7,0.0707070707070707,1,1,1,4,-0.5000000000000004,0.8660254037844384,1016045.1766156582
KENG LEE COURT,473.62,KENG LEE ROAD,Resale,Strata,Apartment,1.0,8.0,Rest of Central Region,24,4,1,5,1,9999,0,9999,0,0.0,0,0,0,2,0.8660254037844387,-0.49999999999999983,750428.5583435053
THE ATELIER,914.94,MAKEWAY AVENUE,New Sale,Strata,Apartment,1.0,9.0,Core Central Region,23,3,16,20,1,9999,0,9999,0,0.0,0,0,0,1,1.0,6.123233995736766e-17,2449277.746850596
GEM RESIDENCES,678.13,LORONG 5 TOA PAYOH,Sub Sale,Strata,Condominium,1.0,12.0,Rest of Central Region,22,3,26,30,0,99,2015,92,7,0.0707070707070707,1,0,0,1,1.0,6.123233995736766e-17,1229945.5283131725
LA BRISA,452.09,LORONG 28 GEYLANG,Resale,Strata,Apartment,1.0,14.0,Rest of Central Region,21,7,6,10,1,9999,0,9999,0,0.0,0,0,0,3,-0.4999999999999998,-0.8660254037844388,633782.3959697085
PRINCIPAL GARDEN,1076.4,PRINCE CHARLES CRESCENT,Resale,Strata,Condominium,1.0,3.0,Rest of Central Region,24,9,1,5,0,99,2014,89,10,0.10101010101010101,1,0,0,3,-1.0,-1.8369701987210297e-16,2173800.2454181593
KOPAR AT NEWTON,1054.87,MAKEWAY AVENUE,New Sale,Strata,Apartment,1.0,9.0,Core Central Region,21,10,6,10,0,99,2019,97,2,0.020202020202020204,1,1,0,4,-0.8660254037844386,0.5000000000000001,2579032.3526573414
PARC RIVIERA,462.85,WEST COAST VALE,Resale,Strata,Condominium,1.0,5.0,Outside Central Region,24,4,26,30,0,99,2015,90,9,0.09090909090909091,1,0,0,2,0.8660254037844387,-0.49999999999999983,804241.5448369741
CUSCADEN RESERVE,936.47,CUSCADEN ROAD,Resale,Strata,Condominium,1.0,10.0,Core Central Region,24,5,21,25,0,99,2018,93,6,0.06060606060606061,1,0,0,2,0.49999999999999994,-0.8660254037844387,3044033.005325873
CLAVON,958.0,CLEMENTI AVENUE 1,New Sale,Strata,Apartment,1.0,5.0,Outside Central Region,20,12,31,35,0,99,2019,98,1,0.010101010101010102,1,0,0,4,-2.4492935982947064e-16,1.0,1659205.067078079
THE AVENIR,527.44,RIVER VALLEY CLOSE,New Sale,Strata,Condominium,1.0,9.0,Core Central Region,22,8,11,15,1,9999,0,9999,0,0.0,0,0,0,3,-0.8660254037844384,-0.5000000000000004,1573500.1230820364
THE WOODGROVE,893.41,WOODGROVE DRIVE,Resale,Strata,Apartment,1.0,25.0,Outside Central Region,23,2,6,10,0,99,1996,72,27,0.2727272727272727,2,0,0,1,0.8660254037844386,0.5000000000000001,937440.3936041702
PARC CLEMATIS,1711.48,JALAN LEMPENG,New Sale,Strata,Apartment,1.0,5.0,Outside Central Region,22,7,6,10,0,99,2019,96,3,0.030303030303030304,1,0,0,3,-0.4999999999999998,-0.8660254037844388,2962349.2719340166
ONE PEARL BANK,839.59,PEARL BANK,New Sale,Strata,Apartment,1.0,3.0,Rest of Central Region,21,1,1,5,0,99,2019,97,2,0.020202020202020204,1,0,0,1,0.49999999999999994,0.8660254037844387,1858217.689833773
SKY EDEN@BEDOK,1087.16,BEDOK CENTRAL,New Sale,Strata,Apartment,1.0,16.0,Outside Central Region,22,9,6,10,0,99,2022,99,0,0.0,1,0,0,3,-1.0,-1.8369701987210297e-16,2297267.344565644
PRESTO@UPPER SERANGOON,419.8,UPPER SERANGOON ROAD,Resale,Strata,Apartment,1.0,19.0,Outside Central Region,22,1,1,5,1,9999,0,9999,0,0.0,0,0,0,1,0.49999999999999994,0.8660254037844387,622609.1240438449
NORMANTON PARK,828.83,NORMANTON PARK,New Sale,Strata,Apartment,1.0,5.0,Rest of Central Region,21,1,6,10,0,99,2019,97,2,0.020202020202020204,1,0,0,1,0.49999999999999994,0.8660254037844387,1447367.276670523
MARINA BAY RESIDENCES,721.19,MARINA BOULEVARD,Resale,Strata,Condominium,1.0,1.0,Core Central Region,24,8,11,15,0,99,2005,80,19,0.1919191919191919,1,0,0,3,-0.8660254037844384,-0.5000000000000004,1510956.552871649
GUILLEMARD SUITES,409.03,GUILLEMARD ROAD,Resale,Strata,Apartment,1.0,14.0,Rest of Central Region,21,1,1,5,1,9999,0,9999,0,0.0,0,0,0,1,0.49999999999999994,0.8660254037844387,623440.7511740876
THE SAIL @ MARINA BAY,613.55,MARINA BOULEVARD,Resale,Strata,Apartment,1.0,1.0,Core Central Region,20,8,56,60,0,99,2002,81,18,0.18181818181818182,1,0,0,3,-0.8660254037844384,-0.5000000000000004,1209314.1516976845
LA FIESTA,893.41,SENGKANG SQUARE,Resale,Strata,Condominium,1.0,19.0,Outside Central Region,21,12,11,15,0,99,2012,90,9,0.09090909090909091,1,0,0,4,-2.4492935982947064e-16,1.0,1153934.0173722082
LUCKY PLAZA,871.88,ORCHARD ROAD,Resale,Strata,Apartment,1.0,9.0,Core Central Region,20,11,11,15,1,9999,0,9999,0,0.0,0,1,1,4,-0.5000000000000004,0.8660254037844384,1720389.3995846815
WILSHIRE RESIDENCES,462.85,FARRER ROAD,New Sale,Strata,Apartment,1.0,10.0,Core Central Region,21,6,6,10,1,9999,0,9999,0,0.0,0,0,0,2,1.2246467991473532e-16,-1.0,1236297.7615822766
IRWELL HILL RESIDENCES,667.37,IRWELL HILL,New Sale,Strata,Apartment,1.0,9.0,Core Central Region,21,4,6,10,0,99,2020,98,1,0.010101010101010102,1,0,0,2,0.8660254037844387,-0.49999999999999983,1720496.6143186865
PHOENIX RESIDENCES,721.19,PHOENIX AVENUE,New Sale,Strata,Apartment,1.0,23.0,Outside Central Region,22,4,1,5,0,99,2019,96,3,0.030303030303030304,1,0,0,2,0.8660254037844387,-0.49999999999999983,1155902.4028147089
RIPPLE BAY,1270.15,PASIR RIS LINK,Resale,Strata,Condominium,1.0,18.0,Outside Central Region,24,9,1,5,0,99,2011,86,13,0.13131313131313133,1,0,0,3,-1.0,-1.8369701987210297e-16,1611832.6508274875
AMBER PARK,947.23,AMBER GARDENS,New Sale,Strata,Condominium,1.0,15.0,Rest of Central Region,21,3,16,20,1,9999,0,9999,0,0.0,0,0,0,1,1.0,6.123233995736766e-17,2348275.238397072
35 GILSTEAD,484.38,GILSTEAD ROAD,New Sale,Strata,Apartment,1.0,11.0,Core Central Region,22,6,1,5,1,9999,0,9999,0,0.0,0,0,0,2,1.2246467991473532e-16,-1.0,1264024.7323285001
THE TAPESTRY,473.62,TAMPINES STREET 86,Resale,Strata,Condominium,1.0,18.0,Outside Central Region,23,8,6,10,0,99,2017,93,6,0.06060606060606061,1,0,0,3,-0.8660254037844384,-0.5000000000000004,789098.9409500506
TREASURE AT TAMPINES,678.13,TAMPINES LANE,New Sale,Strata,Condominium,1.0,18.0,Outside Central Region,21,2,1,5,0,99,2018,96,3,0.030303030303030304,1,0,0,1,0.8660254037844386,0.5000000000000001,977741.2746122848
CASA MERAH,979.52,TANAH MERAH KECHIL AVENUE,Resale,Strata,Apartment,1.0,16.0,Outside Central Region,21,9,1,5,0,99,2006,84,15,0.15151515151515152,1,0,0,3,-1.0,-1.8369701987210297e-16,1124661.3284901143
HILLS TWOONE,925.7,HILLVIEW TERRACE,Resale,Strata,Apartment,1.0,23.0,Outside Central Region,24,5,1,5,1,9999,0,9999,0,0.0,0,0,0,2,0.49999999999999994,-0.8660254037844387,1373626.4670667471
BLUE HORIZON,1216.33,WEST COAST CRESCENT,Resale,Strata,Condominium,1.0,5.0,Outside Central Region,21,5,21,25,0,99,2000,78,21,0.21212121212121213,2,0,0,2,0.49999999999999994,-0.8660254037844387,1358196.3421694038
PERFECT TEN,753.48,BUKIT TIMAH ROAD,New Sale,Strata,Apartment,1.0,10.0,Core Central Region,23,1,16,20,1,9999,0,9999,0,0.0,0,0,0,1,0.49999999999999994,0.8660254037844387,2433447.9960484956
STARS OF KOVAN,742.72,UPPER SERANGOON ROAD,Resale,Strata,Apartment,1.0,19.0,Outside Central Region,21,11,11,15,0,99,2015,93,6,0.06060606060606061,1,1,1,4,-0.5000000000000004,0.8660254037844384,1206246.6542419547
DAIRY FARM RESIDENCES,710.42,DAIRY FARM LANE,New Sale,Strata,Apartment,1.0,23.0,Outside Central Region,21,11,6,10,0,99,2018,96,3,0.030303030303030304,1,1,1,4,-0.5000000000000004,0.8660254037844384,1225069.9459642442
DUNEARN 386,645.84,DUNEARN ROAD,New Sale,Strata,Apartment,1.0,11.0,Core Central Region,21,9,1,5,1,9999,0,9999,0,0.0,0,0,0,3,-1.0,-1.8369701987210297e-16,1627810.3800646495
COSTA DEL SOL,1474.67,BAYSHORE ROAD,Resale,Strata,Condominium,1.0,16.0,Outside Central Region,20,12,16,20,0,99,1997,76,23,0.23232323232323232,2,0,0,4,-2.4492935982947064e-16,1.0,1985149.3960176494
ONE SHENTON,1905.23,SHENTON WAY,Resale,Strata,Apartment,1.0,1.0,Core Central Region,21,1,31,35,0,99,2005,83,16,0.16161616161616163,1,0,0,1,0.49999999999999994,0.8660254037844387,2902701.7284912555
THE LANDMARK,495.14,CHIN SWEE ROAD,New Sale,Strata,Condominium,1.0,3.0,Rest of Central Region,23,3,31,35,0,99,2020,96,3,0.030303030303030304,1,0,0,1,1.0,6.123233995736766e-17,1407138.1802261542
GRANGE RESIDENCES,2583.36,GRANGE ROAD,Resale,Strata,Condominium,1.0,10.0,Core Central Region,22,5,16,20,1,9999,0,9999,0,0.0,0,0,0,2,0.49999999999999994,-0.8660254037844387,7195290.324174463
PARK INFINIA AT WEE NAM,1463.9,LINCOLN ROAD,Resale,Strata,Condominium,1.0,11.0,Core Central Region,23,12,6,10,1,9999,0,9999,0,0.0,0,0,0,4,-2.4492935982947064e-16,1.0,3396377.542250033
EASTWOOD CENTRE,1506.96,EASTWOOD ROAD,Resale,Strata,Apartment,1.0,16.0,Outside Central Region,24,11,1,5,0,99,1995,70,29,0.29292929292929293,2,1,1,4,-0.5000000000000004,0.8660254037844384,1772402.478914033
HIGHLINE RESIDENCES,699.66,KIM TIAN ROAD,Resale,Strata,Condominium,1.0,3.0,Rest of Central Region,24,10,6,10,0,99,2013,88,11,0.1111111111111111,1,1,0,4,-0.8660254037844386,0.5000000000000001,1616008.2999899897
ONE PEARL BANK,1216.33,PEARL BANK,New Sale,Strata,Apartment,1.0,3.0,Rest of Central Region,21,3,16,20,0,99,2019,97,2,0.020202020202020204,1,0,0,1,1.0,6.123233995736766e-17,2823770.1982726413
HERITAGE VIEW,1194.8,DOVER RISE,Resale,Strata,Condominium,1.0,5.0,Rest of Central Region,23,3,1,5,0,99,1996,72,27,0.2727272727272727,2,0,0,1,1.0,6.123233995736766e-17,1790535.6250992431
THE MINTON,1453.14,HOUGANG STREET 11,Resale,Strata,Condominium,1.0,19.0,Outside Central Region,24,8,1,5,0,99,2007,82,17,0.1717171717171717,1,0,0,3,-0.8660254037844384,-0.5000000000000004,2021222.1988794897
SPOTTISWOODE PARK,1334.74,SPOTTISWOODE PARK ROAD,Resale,Strata,Apartment,1.0,2.0,Rest of Central Region,22,5,16,20,0,85,1990,53,32,0.3764705882352941,3,0,0,2,0.49999999999999994,-0.8660254037844387,1120859.2398294404
CHANGI GREEN,1001.05,UPPER CHANGI ROAD EAST,Resale,Strata,Condominium,1.0,16.0,Outside Central Region,22,3,1,5,1,9999,0,9999,0,0.0,0,0,0,1,1.0,6.123233995736766e-17,1138564.2975005556
KINGSFORD WATERBAY,882.65,UPPER SERANGOON VIEW,Resale,Strata,Apartment,1.0,19.0,Outside Central Region,23,3,11,15,0,99,2014,90,9,0.09090909090909091,1,0,0,1,1.0,6.123233995736766e-17,1220937.984248685
MAPLE WOODS,1313.21,BUKIT TIMAH ROAD,Resale,Strata,Condominium,1.0,21.0,Rest of Central Region,23,5,1,5,1,9999,0,9999,0,0.0,0,0,0,2,0.49999999999999994,-0.8660254037844387,2828720.0812350777
PARC PALAIS,1313.21,HUME AVENUE,Resale,Strata,Condominium,1.0,21.0,Outside Central Region,22,11,1,5,1,9999,0,9999,0,0.0,0,1,1,4,-0.5000000000000004,0.8660254037844384,2002993.9372457599
D'NEST,1130.22,PASIR RIS GROVE,Resale,Strata,Condominium,1.0,18.0,Outside Central Region,21,12,11,15,0,99,2010,88,11,0.1111111111111111,1,0,0,4,-2.4492935982947064e-16,1.0,1357949.6967181345
THE TENNERY,893.41,WOODLANDS ROAD,Resale,Strata,Apartment,1.0,23.0,Outside Central Region,21,9,1,5,0,99,2010,88,11,0.1111111111111111,1,0,0,3,-1.0,-1.8369701987210297e-16,928899.8063005095
AFFINITY AT SERANGOON,624.31,SERANGOON NORTH AVENUE 1,Sub Sale,Strata,Apartment,1.0,19.0,Outside Central Region,23,8,1,5,0,99,2018,94,5,0.050505050505050504,1,0,0,3,-0.8660254037844384,-0.5000000000000004,1059065.9343350166
HILLVIEW REGENCY,1130.22,BUKIT BATOK EAST AVENUE 2,Resale,Strata,Condominium,1.0,23.0,Outside Central Region,23,1,21,25,0,99,2000,76,23,0.23232323232323232,2,0,0,1,0.49999999999999994,0.8660254037844387,1275012.7447248818
MARINA ONE RESIDENCES,1044.11,MARINA WAY,Resale,Strata,Apartment,1.0,1.0,Core Central Region,20,10,21,25,0,99,2011,90,9,0.09090909090909091,1,1,0,4,-0.8660254037844386,0.5000000000000001,2306368.077639127
PARKVIEW APARTMENTS,936.47,BUKIT BATOK STREET 25,Resale,Strata,Apartment,1.0,23.0,Outside Central Region,20,10,1,5,0,99,1994,73,26,0.26262626262626265,2,1,0,4,-0.8660254037844386,0.5000000000000001,727502.8093608891
ICON @ PASIR PANJANG,1033.34,PASIR PANJANG ROAD,Resale,Strata,Apartment,1.0,5.0,Rest of Central Region,23,6,1,5,1,9999,0,9999,0,0.0,0,0,0,2,1.2246467991473532e-16,-1.0,1560089.9496569913
THE WOODLEIGH RESIDENCES,742.72,BIDADARI PARK DRIVE,New Sale,Strata,Apartment,1.0,13.0,Rest of Central Region,21,4,11,15,0,99,2017,95,4,0.04040404040404041,1,0,0,2,0.8660254037844387,-0.49999999999999983,1650755.0569457843
HILLHAVEN,1011.82,HILLVIEW RISE,New Sale,Strata,Condominium,1.0,23.0,Outside Central Region,24,5,6,10,0,99,2023,98,1,0.010101010101010102,1,0,0,2,0.49999999999999994,-0.8660254037844387,2054527.8280343025
BRADDELL VIEW,1560.78,BRADDELL HILL,Resale,Strata,Apartment,1.0,20.0,Rest of Central Region,23,6,1,5,0,103,1977,57,46,0.44660194174757284,3,0,0,2,1.2246467991473532e-16,-1.0,1537207.8470796486
LENTOR MODERN,1108.69,LENTOR CENTRAL,New Sale,Strata,Apartment,1.0,26.0,Outside Central Region,22,9,11,15,0,99,2021,98,1,0.010101010101010102,1,0,0,3,-1.0,-1.8369701987210297e-16,2281590.6308378284
THE TRILINQ,936.47,JALAN LEMPENG,Resale,Strata,Condominium,1.0,5.0,Outside Central Region,22,1,11,15,0,99,2012,89,10,0.10101010101010101,1,0,0,1,0.49999999999999994,0.8660254037844387,1408264.8105588076
CLOVER BY THE PARK,1216.33,BISHAN STREET 25,Resale,Strata,Condominium,1.0,20.0,Rest of Central Region,24,9,1,5,0,99,2007,82,17,0.1717171717171717,1,0,0,3,-1.0,-1.8369701987210297e-16,2221665.95657132
ONE PEARL BANK,1097.93,PEARL BANK,New Sale,Strata,Apartment,1.0,3.0,Rest of Central Region,22,11,16,20,0,99,2019,96,3,0.030303030303030304,1,1,1,4,-0.5000000000000004,0.8660254037844384,2773276.116334419
THE AVENIR,2066.69,RIVER VALLEY CLOSE,New Sale,Strata,Condominium,1.0,9.0,Core Central Region,20,12,31,35,1,9999,0,9999,0,0.0,0,0,0,4,-2.4492935982947064e-16,1.0,7125079.520219119
THE JOVELL,1270.15,FLORA DRIVE,New Sale,Strata,Condominium,1.0,17.0,Outside Central Region,22,1,1,5,0,99,2018,95,4,0.04040404040404041,1,0,0,1,0.49999999999999994,0.8660254037844387,1741017.2451758136
8 SAINT THOMAS,1302.44,ST. THOMAS WALK,Resale,Strata,Condominium,1.0,9.0,Core Central Region,20,9,31,35,1,9999,0,9999,0,0.0,0,0,0,3,-1.0,-1.8369701987210297e-16,3881168.5404705047
LENTOR MANSION,1022.58,LENTOR GARDENS,New Sale,Strata,Apartment,1.0,26.0,Outside Central Region,24,4,11,15,0,99,2023,98,1,0.010101010101010102,1,0,0,2,0.8660254037844387,-0.49999999999999983,2264658.2443448678
VERDALE,1001.05,DE SOUZA AVENUE,New Sale,Strata,Apartment,1.0,21.0,Rest of Central Region,21,10,1,5,0,99,2018,96,3,0.030303030303030304,1,1,0,4,-0.8660254037844386,0.5000000000000001,1772418.1357947045
ASTON MANSIONS,1302.44,LORONG 42 GEYLANG,Resale,Strata,Apartment,1.0,14.0,Rest of Central Region,23,12,1,5,0,99,1995,71,28,0.2828282828282828,2,0,0,4,-2.4492935982947064e-16,1.0,1447761.9925433462
THE FLORENCE RESIDENCES,667.37,HOUGANG AVENUE 2,New Sale,Strata,Apartment,1.0,19.0,Outside Central Region,20,8,16,20,0,99,2018,97,2,0.020202020202020204,1,0,0,3,-0.8660254037844384,-0.5000000000000004,1114133.6298211107
HIGH PARK RESIDENCES,398.27,FERNVALE ROAD,Resale,Strata,Apartment,1.0,28.0,Outside Central Region,21,7,21,25,0,99,2014,92,7,0.0707070707070707,1,0,0,3,-0.4999999999999998,-0.8660254037844388,574087.0530717538
LAUREL TREE,462.85,HILLVIEW TERRACE,Resale,Strata,Apartment,1.0,23.0,Outside Central Region,23,12,1,5,1,9999,0,9999,0,0.0,0,0,0,4,-2.4492935982947064e-16,1.0,708624.2237472989
CHUAN PARK,1022.58,LORONG CHUAN,New Sale,Strata,Condominium,1.0,19.0,Outside Central Region,24,11,6,10,0,99,2024,99,0,0.0,1,1,1,4,-0.5000000000000004,0.8660254037844384,2631074.1932721743
ONE SHENTON,1140.98,SHENTON WAY,Resale,Strata,Apartment,1.0,1.0,Core Central Region,22,6,26,30,0,99,2005,82,17,0.1717171717171717,1,0,0,2,1.2246467991473532e-16,-1.0,1969831.4004305073
THE SKYWOODS,1173.28,DAIRY FARM HEIGHTS,Resale,Strata,Condominium,1.0,23.0,Outside Central Region,21,7,11,15,0,99,2012,90,9,0.09090909090909091,1,0,0,3,-0.4999999999999998,-0.8660254037844388,1529756.2092709136
THE SCALA,1140.98,SERANGOON AVENUE 3,Resale,Strata,Apartment,1.0,19.0,Outside Central Region,22,8,1,5,0,99,2010,87,12,0.12121212121212122,1,0,0,3,-0.8660254037844384,-0.5000000000000004,1640569.4854237698
PULLMAN RESIDENCES NEWTON,667.37,DUNEARN ROAD,New Sale,Strata,Apartment,1.0,11.0,Core Central Region,23,4,11,15,1,9999,0,9999,0,0.0,0,0,0,2,0.8660254037844387,-0.49999999999999983,1992965.555106921
PULLMAN RESIDENCES NEWTON,462.85,DUNEARN ROAD,New Sale,Strata,Apartment,1.0,11.0,Core Central Region,23,2,16,20,1,9999,0,9999,0,0.0,0,0,0,1,0.8660254037844386,0.5000000000000001,1473276.7887381304
BEDOK COURT,1733.0,BEDOK SOUTH AVENUE 3,Resale,Strata,Condominium,1.0,16.0,Outside Central Region,20,11,16,20,0,99,1982,61,38,0.3838383838383838,2,1,1,4,-0.5000000000000004,0.8660254037844384,1350844.5858658415
THE ALPS RESIDENCES,688.9,TAMPINES STREET 86,Sub Sale,Strata,Condominium,1.0,18.0,Outside Central Region,21,12,1,5,0,99,2015,93,6,0.06060606060606061,1,0,0,4,-2.4492935982947064e-16,1.0,869812.1946652626
KINGSFORD WATERBAY,678.13,UPPER SERANGOON VIEW,Resale,Strata,Apartment,1.0,19.0,Outside Central Region,22,4,11,15,0,99,2014,91,8,0.08080808080808081,1,0,0,2,0.8660254037844387,-0.49999999999999983,933696.154633638
IRWELL HILL RESIDENCES,656.6,IRWELL HILL,New Sale,Strata,Apartment,1.0,9.0,Core Central Region,23,4,31,35,0,99,2020,96,3,0.030303030303030304,1,0,0,2,0.8660254037844387,-0.49999999999999983,1971141.6328262587
THE MEYER PLACE,1367.03,MEYER PLACE,Resale,Strata,Apartment,1.0,15.0,Rest of Central Region,24,4,6,10,1,9999,0,9999,0,0.0,0,0,0,2,0.8660254037844387,-0.49999999999999983,2265940.810782887
KINGSFORD WATERBAY,1044.11,UPPER SERANGOON VIEW,Resale,Strata,Apartment,1.0,19.0,Outside Central Region,22,10,6,10,0,99,2014,91,8,0.08080808080808081,1,1,0,4,-0.8660254037844386,0.5000000000000001,1415074.9341951513
NAVA GROVE,624.31,PINE GROVE,New Sale,Strata,Condominium,1.0,21.0,Rest of Central Region,24,11,1,5,0,99,2024,99,0,0.0,1,1,1,4,-0.5000000000000004,0.8660254037844384,1485998.773757962
HYLL ON HOLLAND,656.6,HOLLAND ROAD,New Sale,Strata,Condominium,1.0,10.0,Core Central Region,23,8,11,15,1,9999,0,9999,0,0.0,0,0,0,3,-0.8660254037844384,-0.5000000000000004,1858707.2647349006
PANDAN VALLEY,3196.91,PANDAN VALLEY,Resale,Strata,Condominium,1.0,21.0,Rest of Central Region,22,9,1,5,1,9999,0,9999,0,0.0,0,0,0,3,-1.0,-1.8369701987210297e-16,3845220.2066712473
SIMS URBAN OASIS,958.0,SIMS DRIVE,Resale,Strata,Condominium,1.0,14.0,Rest of Central Region,24,11,11,15,0,99,2014,89,10,0.10101010101010101,1,1,1,4,-0.5000000000000004,0.8660254037844384,1853208.261307421
IMPERIAL HEIGHTS,452.09,IPOH LANE,Resale,Strata,Apartment,1.0,15.0,Rest of Central Region,21,5,6,10,1,9999,0,9999,0,0.0,0,0,0,2,0.49999999999999994,-0.8660254037844387,668600.1127303337
NORMANTON PARK,527.44,NORMANTON PARK,New Sale,Strata,Apartment,1.0,5.0,Rest of Central Region,22,3,11,15,0,99,2019,96,3,0.030303030303030304,1,0,0,1,1.0,6.123233995736766e-17,1018765.3820740917
MAYFAIR MODERN,807.3,RIFLE RANGE ROAD,New Sale,Strata,Condominium,1.0,21.0,Rest of Central Region,20,11,1,5,0,99,2018,97,2,0.020202020202020204,1,1,1,4,-0.5000000000000004,0.8660254037844384,1601701.9373683697
MELVILLE PARK,958.0,SIMEI STREET 1,Resale,Strata,Condominium,1.0,18.0,Outside Central Region,24,9,6,10,0,99,1992,67,32,0.32323232323232326,2,0,0,3,-1.0,-1.8369701987210297e-16,886080.8305041164
AFFINITY AT SERANGOON,1453.14,SERANGOON NORTH AVENUE 1,Sub Sale,Strata,Apartment,1.0,19.0,Outside Central Region,23,12,6,10,0,99,2018,94,5,0.050505050505050504,1,0,0,4,-2.4492935982947064e-16,1.0,2671235.915748592
NEPTUNE COURT,1270.15,MARINE VISTA,Resale,Strata,Apartment,1.0,15.0,Outside Central Region,24,12,6,10,0,99,1976,51,48,0.48484848484848486,3,0,0,4,-2.4492935982947064e-16,1.0,1410187.4431103864
HAUS ON HANDY,452.09,HANDY ROAD,New Sale,Strata,Condominium,1.0,9.0,Core Central Region,22,2,6,10,0,99,2018,95,4,0.04040404040404041,1,0,0,1,0.8660254037844386,0.5000000000000001,1245733.3739090601
SIMS URBAN OASIS,462.85,SIMS DRIVE,Resale,Strata,Condominium,1.0,14.0,Rest of Central Region,20,11,1,5,0,99,2014,93,6,0.06060606060606061,1,1,1,4,-0.5000000000000004,0.8660254037844384,685916.8888083284
GRANDEUR 8,1194.8,ANG MO KIO CENTRAL 3,Resale,Strata,Condominium,1.0,20.0,Outside Central Region,20,9,6,10,0,99,2002,81,18,0.18181818181818182,1,0,0,3,-1.0,-1.8369701987210297e-16,1273851.9453800884
TREASURE AT TAMPINES,914.94,TAMPINES LANE,Sub Sale,Strata,Condominium,1.0,18.0,Outside Central Region,23,12,1,5,0,99,2018,94,5,0.050505050505050504,1,0,0,4,-2.4492935982947064e-16,1.0,1492925.6916788544
THE FLORENCE RESIDENCES,484.38,HOUGANG AVENUE 2,Sub Sale,Strata,Apartment,1.0,19.0,Outside Central Region,24,6,11,15,0,99,2018,93,6,0.06060606060606061,1,0,0,2,1.2246467991473532e-16,-1.0,855938.0435366452
THE PARC CONDOMINIUM,979.52,WEST COAST WALK,Resale,Strata,Condominium,1.0,5.0,Outside Central Region,22,5,11,15,1,9999,0,9999,0,0.0,0,0,0,2,0.49999999999999994,-0.8660254037844387,1490189.8424521845
SAVANNAH CONDOPARK,1237.86,SIMEI RISE,Resale,Strata,Condominium,1.0,18.0,Outside Central Region,23,9,1,5,0,99,2000,76,23,0.23232323232323232,2,0,0,3,-1.0,-1.8369701987210297e-16,1337116.719767729
ALTEZ,828.83,ENGGOR STREET,Resale,Strata,Apartment,1.0,2.0,Core Central Region,21,10,26,30,0,99,2008,86,13,0.13131313131313133,1,1,0,4,-0.8660254037844386,0.5000000000000001,1627283.8445647638
PEBBLE BAY,1894.46,TANJONG RHU ROAD,Resale,Strata,Condominium,1.0,15.0,Rest of Central Region,21,1,6,10,0,99,1994,72,27,0.2727272727272727,2,0,0,1,0.49999999999999994,0.8660254037844387,2797030.667601185
LEEDON GREEN,710.42,LEEDON HEIGHTS,New Sale,Strata,Condominium,1.0,10.0,Core Central Region,21,8,1,5,1,9999,0,9999,0,0.0,0,0,0,3,-0.8660254037844384,-0.5000000000000004,1774141.0722473322
SEASTRAND,592.02,PASIR RIS LINK,Resale,Strata,Condominium,1.0,18.0,Outside Central Region,22,8,11,15,0,99,2011,88,11,0.1111111111111111,1,0,0,3,-0.8660254037844384,-0.5000000000000004,697965.5524907162
TEMBUSU GRAND,1431.61,JALAN TEMBUSU,New Sale,Strata,Condominium,1.0,15.0,Rest of Central Region,24,7,6,10,0,99,2022,97,2,0.020202020202020204,1,0,0,3,-0.4999999999999998,-0.8660254037844388,3429808.206698719
KI RESIDENCES AT BROOKVALE,1259.39,BROOKVALE DRIVE,New Sale,Strata,Condominium,1.0,21.0,Outside Central Region,20,12,6,10,0,999,1885,864,135,0.13513513513513514,1,0,0,4,-2.4492935982947064e-16,1.0,2309775.970922417
KENSINGTON SQUARE,914.94,JALAN LOKAM,Resale,Strata,Apartment,1.0,19.0,Outside Central Region,23,4,1,5,1,9999,0,9999,0,0.0,0,0,0,2,0.8660254037844387,-0.49999999999999983,1272095.71960567
THE GARDEN RESIDENCES,785.77,SERANGOON NORTH VIEW,New Sale,Strata,Apartment,1.0,19.0,Outside Central Region,20,9,6,10,0,99,2017,96,3,0.030303030303030304,1,0,0,3,-1.0,-1.8369701987210297e-16,1241950.2451700144
THE WOODLEIGH RESIDENCES,1076.4,BIDADARI PARK DRIVE,New Sale,Strata,Apartment,1.0,13.0,Rest of Central Region,22,2,11,15,0,99,2017,94,5,0.050505050505050504,1,0,0,1,0.8660254037844386,0.5000000000000001,2374085.018630297
VA RESIDENCES,624.31,BOON TECK ROAD,Resale,Strata,Apartment,1.0,12.0,Rest of Central Region,23,6,6,10,1,9999,0,9999,0,0.0,0,0,0,2,1.2246467991473532e-16,-1.0,1021798.0786344842
LENTOR MODERN,678.13,LENTOR CENTRAL,New Sale,Strata,Apartment,1.0,26.0,Outside Central Region,22,9,16,20,0,99,2021,98,1,0.010101010101010102,1,0,0,3,-1.0,-1.8369701987210297e-16,1512313.6056923366
HOLT RESIDENCES,2055.92,HOLT ROAD,Resale,Strata,Apartment,1.0,10.0,Core Central Region,22,6,1,5,1,9999,0,9999,0,0.0,0,0,0,2,1.2246467991473532e-16,-1.0,3768108.790874697
PINETREE HILL,775.01,PINE GROVE,New Sale,Strata,Condominium,1.0,21.0,Rest of Central Region,24,9,11,15,0,99,2022,97,2,0.020202020202020204,1,0,0,3,-1.0,-1.8369701987210297e-16,1951318.7809252029
PARC ESTA,635.08,SIMS AVENUE,Sub Sale,Strata,Apartment,1.0,14.0,Rest of Central Region,23,3,6,10,0,99,2018,94,5,0.050505050505050504,1,0,0,1,1.0,6.123233995736766e-17,1344447.8260362337
CHERRY GARDENS,871.88,LORONG LEW LIAN,Resale,Strata,Apartment,1.0,19.0,Outside Central Region,22,6,1,5,0,99,1996,73,26,0.26262626262626265,2,0,0,2,1.2246467991473532e-16,-1.0,1094136.1557146271
CLAVON,958.0,CLEMENTI AVENUE 1,New Sale,Strata,Apartment,1.0,5.0,Outside Central Region,20,12,1,5,0,99,2019,98,1,0.010101010101010102,1,0,0,4,-2.4492935982947064e-16,1.0,1510591.5415152682
THE MAKENA,1506.96,MEYER ROAD,Resale,Strata,Condominium,1.0,15.0,Rest of Central Region,22,3,6,10,1,9999,0,9999,0,0.0,0,0,0,1,1.0,6.123233995736766e-17,2724070.1922199265
VILLA MARTIA,1022.58,MARTIA ROAD,Resale,Strata,Condominium,1.0,15.0,Outside Central Region,23,3,1,5,1,9999,0,9999,0,0.0,0,0,0,1,1.0,6.123233995736766e-17,1485874.1180773196
SELETAR SPRINGS CONDOMINIUM,979.52,GERALD DRIVE,Resale,Strata,Condominium,1.0,28.0,Outside Central Region,23,3,1,5,0,99,1997,73,26,0.26262626262626265,2,0,0,1,1.0,6.123233995736766e-17,926242.9731879666
BARTLEY RESIDENCES,807.3,LORONG HOW SUN,Resale,Strata,Apartment,1.0,19.0,Outside Central Region,22,5,1,5,0,99,2011,88,11,0.1111111111111111,1,0,0,2,0.49999999999999994,-0.8660254037844387,1145629.136795087
VILLA MARINA,1151.75,JALAN SEMPADAN,Resale,Strata,Condominium,1.0,15.0,Outside Central Region,23,3,1,5,0,99,1995,71,28,0.2828282828282828,2,0,0,1,1.0,6.123233995736766e-17,1555947.58884376
D'NEST,1270.15,PASIR RIS GROVE,Resale,Strata,Condominium,1.0,18.0,Outside Central Region,24,5,1,5,0,99,2010,85,14,0.1414141414141414,1,0,0,2,0.49999999999999994,-0.8660254037844387,1671854.984181419
THE PANORAMA,1162.51,ANG MO KIO AVENUE 2,Resale,Strata,Condominium,1.0,20.0,Outside Central Region,21,5,6,10,0,99,2013,91,8,0.08080808080808081,1,0,0,2,0.49999999999999994,-0.8660254037844387,1688955.9088427885
THE WATERGARDENS AT CANBERRA,958.0,CANBERRA DRIVE,New Sale,Strata,Apartment,1.0,27.0,Outside Central Region,21,8,1,5,0,99,2020,98,1,0.010101010101010102,1,0,0,3,-0.8660254037844384,-0.5000000000000004,1345348.6219804944
KOPAR AT NEWTON,516.67,MAKEWAY AVENUE,New Sale,Strata,Apartment,1.0,9.0,Core Central Region,22,5,11,15,0,99,2019,96,3,0.030303030303030304,1,0,0,2,0.49999999999999994,-0.8660254037844387,1351525.22314957
SKY VUE,1140.98,BISHAN STREET 15,Resale,Strata,Condominium,1.0,20.0,Rest of Central Region,21,9,26,30,0,99,2013,91,8,0.08080808080808081,1,0,0,3,-1.0,-1.8369701987210297e-16,2043028.5364298746
RIVIERE,559.73,JIAK KIM STREET,New Sale,Strata,Apartment,1.0,3.0,Rest of Central Region,23,2,31,35,0,99,2018,94,5,0.050505050505050504,1,0,0,1,0.8660254037844386,0.5000000000000001,1767459.2238174106
LENTORIA,936.47,LENTOR HILLS ROAD,New Sale,Strata,Condominium,1.0,26.0,Outside Central Region,24,3,6,10,0,99,2022,97,2,0.020202020202020204,1,0,0,1,1.0,6.123233995736766e-17,2031296.9099587477
WATERTOWN,1356.26,PUNGGOL CENTRAL,Resale,Strata,Apartment,1.0,19.0,Outside Central Region,24,12,6,10,0,99,2011,86,13,0.13131313131313133,1,0,0,4,-2.4492935982947064e-16,1.0,2604592.685328716
VERDALE,613.55,DE SOUZA AVENUE,Resale,Strata,Apartment,1.0,21.0,Rest of Central Region,24,8,1,5,0,99,2018,93,6,0.06060606060606061,1,0,0,3,-0.8660254037844384,-0.5000000000000004,1137127.8721177375
KOVAN MELODY,1248.62,KOVAN ROAD,Resale,Strata,Condominium,1.0,19.0,Outside Central Region,21,3,6,10,0,99,2004,82,17,0.1717171717171717,1,0,0,1,1.0,6.123233995736766e-17,1458263.2226743118
JERVOIS LODGE,1216.33,JERVOIS ROAD,Resale,Strata,Condominium,1.0,10.0,Core Central Region,24,4,1,5,1,9999,0,9999,0,0.0,0,0,0,2,0.8660254037844387,-0.49999999999999983,2458630.0262613655
V ON SHENTON,1765.3,SHENTON WAY,Resale,Strata,Apartment,1.0,1.0,Core Central Region,21,1,46,50,0,99,2011,89,10,0.10101010101010101,1,0,0,1,0.49999999999999994,0.8660254037844387,3834622.0733057917
D'LEEDON,1506.96,LEEDON HEIGHTS,Resale,Strata,Condominium,1.0,10.0,Core Central Region,22,11,21,25,0,99,2010,87,12,0.12121212121212122,1,1,1,4,-0.5000000000000004,0.8660254037844384,2847237.1866610185
BISHAN 8,1162.51,BISHAN STREET 21,Resale,Strata,Condominium,1.0,20.0,Rest of Central Region,21,2,1,5,0,99,1996,74,25,0.25252525252525254,2,0,0,1,0.8660254037844386,0.5000000000000001,1404253.9739029557
HILLHAVEN,796.54,HILLVIEW RISE,New Sale,Strata,Condominium,1.0,23.0,Outside Central Region,24,7,16,20,0,99,2023,98,1,0.010101010101010102,1,0,0,3,-0.4999999999999998,-0.8660254037844388,1760794.88556413
HYLL ON HOLLAND,936.47,HOLLAND ROAD,New Sale,Strata,Condominium,1.0,10.0,Core Central Region,22,9,6,10,1,9999,0,9999,0,0.0,0,0,0,3,-1.0,-1.8369701987210297e-16,2474853.1601775354
THE IVERIA,904.18,KIM YAM ROAD,New Sale,Strata,Apartment,1.0,9.0,Core Central Region,22,2,11,15,1,9999,0,9999,0,0.0,0,0,0,1,0.8660254037844386,0.5000000000000001,2292953.6188638182
PALM ISLES,839.59,FLORA DRIVE,Resale,Strata,Condominium,1.0,17.0,Outside Central Region,21,2,1,5,0,99,2011,89,10,0.10101010101010101,1,0,0,1,0.8660254037844386,0.5000000000000001,794648.8676038391
CLAVON,678.13,CLEMENTI AVENUE 1,New Sale,Strata,Apartment,1.0,5.0,Outside Central Region,20,12,26,30,0,99,2019,98,1,0.010101010101010102,1,0,0,4,-2.4492935982947064e-16,1.0,1123915.6587011837
SERENITY PARK,1431.61,TAMARIND ROAD,Resale,Strata,Condominium,1.0,28.0,Outside Central Region,21,8,1,5,1,9999,0,9999,0,0.0,0,0,0,3,-0.8660254037844384,-0.5000000000000004,1440547.2031339176
DAINTREE RESIDENCE,1054.87,TOH TUCK ROAD,New Sale,Strata,Condominium,1.0,21.0,Rest of Central Region,20,8,1,5,0,99,2017,96,3,0.030303030303030304,1,0,0,3,-0.8660254037844384,-0.5000000000000004,1788698.99299801
BOTANNIA,2691.0,WEST COAST PARK,Resale,Strata,Condominium,1.0,5.0,Outside Central Region,22,4,11,15,0,956,1928,862,94,0.09832635983263599,1,0,0,2,0.8660254037844387,-0.49999999999999983,3571378.668721116
THE FLORENCE RESIDENCES,527.44,HOUGANG AVENUE 2,Sub Sale,Strata,Apartment,1.0,19.0,Outside Central Region,23,11,6,10,0,99,2018,94,5,0.050505050505050504,1,1,1,4,-0.5000000000000004,0.8660254037844384,906443.8376565316
THE SAIL @ MARINA BAY,1184.04,MARINA BOULEVARD,Resale,Strata,Apartment,1.0,1.0,Core Central Region,23,1,46,50,0,99,2002,78,21,0.21212121212121213,2,0,0,1,0.49999999999999994,0.8660254037844387,2392212.740470031
CASABLANCA,1119.46,ROSEWOOD DRIVE,Resale,Strata,Condominium,1.0,25.0,Outside Central Region,23,3,16,20,0,99,2001,77,22,0.2222222222222222,2,0,0,1,1.0,6.123233995736766e-17,1106993.1905059088
COMMONWEALTH TOWERS,688.9,COMMONWEALTH AVENUE,Resale,Strata,Condominium,1.0,3.0,Rest of Central Region,23,3,41,45,0,99,2013,89,10,0.10101010101010101,1,0,0,1,1.0,6.123233995736766e-17,1546929.0938424878
MEYER BLUE,1140.98,MEYER ROAD,New Sale,Strata,Apartment,1.0,15.0,Rest of Central Region,24,10,11,15,1,9999,0,9999,0,0.0,0,1,0,4,-0.8660254037844386,0.5000000000000001,3560260.3673025994
M SUITES,1291.68,LORONG MELAYU,New Sale,Strata,Apartment,1.0,14.0,Outside Central Region,22,2,1,5,1,9999,0,9999,0,0.0,0,0,0,1,0.8660254037844386,0.5000000000000001,2237697.725538414
MARGARET VILLE,914.94,MARGARET DRIVE,Resale,Strata,Apartment,1.0,3.0,Rest of Central Region,24,4,11,15,0,99,2017,92,7,0.0707070707070707,1,0,0,2,0.8660254037844387,-0.49999999999999983,1893416.4587060541
THE EBONY,688.9,LORONG MARICAN,Resale,Strata,Apartment,1.0,14.0,Outside Central Region,23,6,1,5,1,9999,0,9999,0,0.0,0,0,0,2,1.2246467991473532e-16,-1.0,993231.2487865468
STIRLING RESIDENCES,505.91,STIRLING ROAD,New Sale,Strata,Apartment,1.0,3.0,Rest of Central Region,21,4,31,35,0,99,2017,95,4,0.04040404040404041,1,0,0,2,0.8660254037844387,-0.49999999999999983,1060767.6144640096
THE CRISTALLO,785.77,LORONG K TELOK KURAU,Resale,Strata,Apartment,1.0,15.0,Outside Central Region,22,1,1,5,1,9999,0,9999,0,0.0,0,0,0,1,0.49999999999999994,0.8660254037844387,1021161.1595818948
TERRA HILL,839.59,YEW SIANG ROAD,New Sale,Strata,Apartment,1.0,5.0,Rest of Central Region,23,2,1,5,1,9999,0,9999,0,0.0,0,0,0,1,0.8660254037844386,0.5000000000000001,2169268.0822711904
EMERALD PARK,1237.86,INDUS ROAD,Resale,Strata,Condominium,1.0,3.0,Rest of Central Region,21,7,1,5,0,99,1991,69,30,0.30303030303030304,2,0,0,3,-0.4999999999999998,-0.8660254037844388,1555844.1126042376
PARC ESTA,925.7,SIMS AVENUE,New Sale,Strata,Apartment,1.0,14.0,Rest of Central Region,20,8,1,5,0,99,2018,97,2,0.020202020202020204,1,0,0,3,-0.8660254037844384,-0.5000000000000004,1586646.1131527035
NAVA GROVE,624.31,PINE GROVE,New Sale,Strata,Condominium,1.0,21.0,Rest of Central Region,24,11,6,10,0,99,2024,99,0,0.0,1,1,1,4,-0.5000000000000004,0.8660254037844384,1521889.253227633
KINGSFORD . HILLVIEW PEAK,775.01,HILLVIEW RISE,Resale,Strata,Condominium,1.0,23.0,Outside Central Region,20,9,1,5,0,99,2012,91,8,0.08080808080808081,1,0,0,3,-1.0,-1.8369701987210297e-16,895997.8718861949
THE CENTRIS,936.47,JURONG WEST CENTRAL 3,Resale,Strata,Apartment,1.0,22.0,Outside Central Region,21,6,6,10,0,99,2006,84,15,0.15151515151515152,1,0,0,2,1.2246467991473532e-16,-1.0,1184239.1458147354
TOP TEN,1496.2,EMERALD HILL ROAD,Resale,Strata,Apartment,1.0,9.0,Core Central Region,21,6,1,5,1,9999,0,9999,0,0.0,0,0,0,2,1.2246467991473532e-16,-1.0,2698209.2820061906
CANNINGHILL PIERS,505.91,CLARKE QUAY,New Sale,Strata,Apartment,1.0,6.0,Rest of Central Region,21,11,21,25,0,99,2021,99,0,0.0,1,1,1,4,-0.5000000000000004,0.8660254037844384,1447229.9339495208
MODA,645.84,EAST COAST ROAD,Resale,Strata,Apartment,1.0,15.0,Rest of Central Region,24,10,11,15,1,9999,0,9999,0,0.0,0,1,0,4,-0.8660254037844386,0.5000000000000001,1414267.200547868
RIVERFRONT RESIDENCES,1108.69,HOUGANG AVENUE 7,Sub Sale,Strata,Apartment,1.0,19.0,Outside Central Region,21,12,6,10,0,99,2018,96,3,0.030303030303030304,1,0,0,4,-2.4492935982947064e-16,1.0,1626943.19474372
ONE PEARL BANK,699.66,PEARL BANK,New Sale,Strata,Apartment,1.0,3.0,Rest of Central Region,23,8,36,40,0,99,2019,95,4,0.04040404040404041,1,0,0,3,-0.8660254037844384,-0.5000000000000004,1987654.6917885884
ST REGIS RESIDENCES SINGAPORE,1959.05,TANGLIN ROAD,Resale,Strata,Apartment,1.0,10.0,Core Central Region,22,6,11,15,0,999,1995,972,27,0.02702702702702703,1,0,0,2,1.2246467991473532e-16,-1.0,5070007.506339081
PULLMAN RESIDENCES NEWTON,1377.79,DUNEARN ROAD,New Sale,Strata,Apartment,1.0,11.0,Core Central Region,23,6,26,30,1,9999,0,9999,0,0.0,0,0,0,2,1.2246467991473532e-16,-1.0,4315206.162450387
LENTOR HILLS RESIDENCES,678.13,LENTOR HILLS ROAD,New Sale,Strata,Apartment,1.0,26.0,Outside Central Region,23,7,1,5,0,99,2022,98,1,0.010101010101010102,1,0,0,3,-0.4999999999999998,-0.8660254037844388,1393526.9349704047
THE RESERVE RESIDENCES,731.95,JALAN ANAK BUKIT,New Sale,Strata,Apartment,1.0,21.0,Rest of Central Region,23,5,6,10,0,99,2021,97,2,0.020202020202020204,1,0,0,2,0.49999999999999994,-0.8660254037844387,1767848.4485530318
STIRLING RESIDENCES,1054.87,STIRLING ROAD,Sub Sale,Strata,Apartment,1.0,3.0,Rest of Central Region,22,3,26,30,0,99,2017,94,5,0.050505050505050504,1,0,0,1,1.0,6.123233995736766e-17,2233722.1536068046
THE WATERGARDENS AT CANBERRA,1302.44,CANBERRA DRIVE,New Sale,Strata,Apartment,1.0,27.0,Outside Central Region,22,8,1,5,0,99,2020,97,2,0.020202020202020204,1,0,0,3,-0.8660254037844384,-0.5000000000000004,1889909.0262743952
THE ALPS RESIDENCES,1410.08,TAMPINES STREET 86,Resale,Strata,Condominium,1.0,18.0,Outside Central Region,22,8,6,10,0,99,2015,92,7,0.0707070707070707,1,0,0,3,-0.8660254037844384,-0.5000000000000004,1800388.3367688577
BARTLEY RIDGE,731.95,MOUNT VERNON ROAD,Resale,Strata,Condominium,1.0,13.0,Rest of Central Region,21,10,6,10,0,99,2012,90,9,0.09090909090909091,1,1,0,4,-0.8660254037844386,0.5000000000000001,1128328.0514519932
LEEDON GREEN,581.26,LEEDON HEIGHTS,New Sale,Strata,Condominium,1.0,10.0,Core Central Region,22,11,6,10,1,9999,0,9999,0,0.0,0,1,1,4,-0.5000000000000004,0.8660254037844384,1611460.2017018476
BLOSSOMS BY THE PARK,914.94,SLIM BARRACKS RISE,New Sale,Strata,Apartment,1.0,5.0,Rest of Central Region,24,3,21,25,0,99,2022,97,2,0.020202020202020204,1,0,0,1,1.0,6.123233995736766e-17,2387870.985163118
IRWELL HILL RESIDENCES,495.14,IRWELL HILL,New Sale,Strata,Apartment,1.0,9.0,Core Central Region,21,4,21,25,0,99,2020,98,1,0.010101010101010102,1,0,0,2,0.8660254037844387,-0.49999999999999983,1336504.563931087
WATERMARK ROBERTSON QUAY,1582.31,RODYK STREET,Resale,Strata,Apartment,1.0,9.0,Core Central Region,24,4,1,5,1,9999,0,9999,0,0.0,0,0,0,2,0.8660254037844387,-0.49999999999999983,3377957.6123717674
GRAND DUCHESS AT ST PATRICK'S,2572.6,ST. PATRICK'S ROAD,Resale,Strata,Condominium,1.0,15.0,Outside Central Region,20,8,1,5,1,9999,0,9999,0,0.0,0,0,0,3,-0.8660254037844384,-0.5000000000000004,3468964.011354904
ROSEWOOD SUITES,678.13,ROSEWOOD DRIVE,Resale,Strata,Condominium,1.0,25.0,Outside Central Region,22,1,1,5,0,99,2008,85,14,0.1414141414141414,1,0,0,1,0.49999999999999994,0.8660254037844387,683708.2544034683
TREASURE AT TAMPINES,1323.97,TAMPINES LANE,New Sale,Strata,Condominium,1.0,18.0,Outside Central Region,21,3,11,15,0,99,2018,96,3,0.030303030303030304,1,0,0,1,1.0,6.123233995736766e-17,1823456.238523523
ROBERTSON 100,1033.34,ROBERTSON QUAY,Resale,Strata,Apartment,1.0,9.0,Core Central Region,21,6,1,5,1,9999,0,9999,0,0.0,0,0,0,2,1.2246467991473532e-16,-1.0,2058651.751628235
THE WOODLEIGH RESIDENCES,1076.4,BIDADARI PARK DRIVE,New Sale,Strata,Apartment,1.0,13.0,Rest of Central Region,20,10,6,10,0,99,2017,96,3,0.030303030303030304,1,1,0,4,-0.8660254037844386,0.5000000000000001,2225998.1651841043
AVENUE SOUTH RESIDENCE,1496.2,SILAT AVENUE,New Sale,Strata,Apartment,1.0,3.0,Rest of Central Region,21,3,6,10,0,99,2018,96,3,0.030303030303030304,1,0,0,1,1.0,6.123233995736766e-17,2765477.356115555
TRESALVEO,990.29,MARYMOUNT TERRACE,Resale,Strata,Condominium,1.0,20.0,Rest of Central Region,22,4,11,15,1,9999,0,9999,0,0.0,0,0,0,2,0.8660254037844387,-0.49999999999999983,1551222.868253974
OASIS @ ELIAS,1216.33,ELIAS ROAD,Resale,Strata,Condominium,1.0,18.0,Outside Central Region,21,6,16,20,0,99,2008,86,13,0.13131313131313133,1,0,0,2,1.2246467991473532e-16,-1.0,1085003.8224098368
RIVIERE,2002.1,JIAK KIM STREET,New Sale,Strata,Apartment,1.0,3.0,Rest of Central Region,22,7,26,30,0,99,2018,95,4,0.04040404040404041,1,0,0,3,-0.4999999999999998,-0.8660254037844388,6226121.160909561
HILLOCK GREEN,785.77,LENTOR CENTRAL,New Sale,Strata,Apartment,1.0,26.0,Outside Central Region,24,10,11,15,0,99,2022,97,2,0.020202020202020204,1,1,0,4,-0.8660254037844386,0.5000000000000001,1764587.134800838
MY MANHATTAN,882.65,SIMEI STREET 3,Resale,Strata,Condominium,1.0,18.0,Outside Central Region,24,10,6,10,0,99,2010,85,14,0.1414141414141414,1,1,0,4,-0.8660254037844386,0.5000000000000001,1353068.7242148926
GOLDENHILL PARK CONDOMINIUM,936.47,MEI HWAN DRIVE,Resale,Strata,Condominium,1.0,20.0,Outside Central Region,20,8,1,5,1,9999,0,9999,0,0.0,0,0,0,3,-0.8660254037844384,-0.5000000000000004,1366016.8730957492
WATERFRONT GOLD,1377.79,BEDOK RESERVOIR ROAD,Resale,Strata,Condominium,1.0,16.0,Outside Central Region,22,5,1,5,0,99,2009,86,13,0.13131313131313133,1,0,0,2,0.49999999999999994,-0.8660254037844387,1765876.8849646994
THE SAIL @ MARINA BAY,882.65,MARINA BOULEVARD,Resale,Strata,Apartment,1.0,1.0,Core Central Region,23,7,66,70,0,99,2002,78,21,0.21212121212121213,2,0,0,3,-0.4999999999999998,-0.8660254037844388,2096879.9683401824
TEMBUSU GRAND,667.37,JALAN TEMBUSU,New Sale,Strata,Condominium,1.0,15.0,Rest of Central Region,23,4,16,20,0,99,2022,98,1,0.010101010101010102,1,0,0,2,0.8660254037844387,-0.49999999999999983,1760422.130700602
THE CLIFT,775.01,MCCALLUM STREET,Resale,Strata,Apartment,1.0,1.0,Core Central Region,23,9,26,30,0,99,2004,80,19,0.1919191919191919,1,0,0,3,-1.0,-1.8369701987210297e-16,1507891.0600863025
THE CALLISTA,1302.44,MAR THOMA ROAD,Resale,Strata,Apartment,1.0,12.0,Rest of Central Region,23,4,1,5,0,999,1882,858,141,0.14114114114114115,1,0,0,2,0.8660254037844387,-0.49999999999999983,1509782.9804912708
TREASURE AT TAMPINES,678.13,TAMPINES LANE,New Sale,Strata,Condominium,1.0,18.0,Outside Central Region,20,8,6,10,0,99,2018,97,2,0.020202020202020204,1,0,0,3,-0.8660254037844384,-0.5000000000000004,968304.8264541917
FABER GARDEN CONDOMINIUM,1679.18,ANGKLONG LANE,Resale,Strata,Condominium,1.0,20.0,Rest of Central Region,21,3,6,10,1,9999,0,9999,0,0.0,0,0,0,1,1.0,6.123233995736766e-17,2344636.2000906346
SPACE @ KOVAN,602.78,YIO CHU KANG ROAD,Resale,Strata,Apartment,1.0,19.0,Outside Central Region,21,8,1,5,1,9999,0,9999,0,0.0,0,0,0,3,-0.8660254037844384,-0.5000000000000004,766780.0512470226
MIDWOOD,548.96,HILLVIEW RISE,New Sale,Strata,Condominium,1.0,23.0,Outside Central Region,21,10,26,30,0,99,2018,96,3,0.030303030303030304,1,1,0,4,-0.8660254037844386,0.5000000000000001,1021836.845173463
MELVILLE PARK,936.47,SIMEI STREET 1,Resale,Strata,Condominium,1.0,18.0,Outside Central Region,21,10,6,10,0,99,1992,70,29,0.29292929292929293,2,1,0,4,-0.8660254037844386,0.5000000000000001,718527.1041300514
THE ESPIRA,592.02,LORONG L TELOK KURAU,Resale,Strata,Apartment,1.0,15.0,Outside Central Region,22,10,1,5,1,9999,0,9999,0,0.0,0,1,0,4,-0.8660254037844386,0.5000000000000001,921253.0595523361
LENTOR MANSION,656.6,LENTOR GARDENS,New Sale,Strata,Apartment,1.0,26.0,Outside Central Region,24,3,1,5,0,99,2023,98,1,0.010101010101010102,1,0,0,1,1.0,6.123233995736766e-17,1470256.4189371476
THE FLORENCE RESIDENCES,893.41,HOUGANG AVENUE 2,New Sale,Strata,Apartment,1.0,19.0,Outside Central Region,21,5,11,15,0,99,2018,96,3,0.030303030303030304,1,0,0,2,0.49999999999999994,-0.8660254037844387,1449404.1187363535
CLAVON,678.13,CLEMENTI AVENUE 1,New Sale,Strata,Apartment,1.0,5.0,Outside Central Region,20,12,11,15,0,99,2019,98,1,0.010101010101010102,1,0,0,4,-2.4492935982947064e-16,1.0,1093267.3081146786
LEEDON 2,796.54,LEEDON ROAD,Resale,Strata,Condominium,1.0,10.0,Core Central Region,23,3,1,5,1,9999,0,9999,0,0.0,0,0,0,1,1.0,6.123233995736766e-17,1631027.8729488803
THE INFLORA,462.85,FLORA DRIVE,Resale,Strata,Condominium,1.0,17.0,Outside Central Region,21,5,1,5,0,99,2012,90,9,0.09090909090909091,1,0,0,2,0.49999999999999994,-0.8660254037844387,543218.7000331549
PALM ISLES,807.3,FLORA DRIVE,Resale,Strata,Condominium,1.0,17.0,Outside Central Region,21,12,1,5,0,99,2011,89,10,0.10101010101010101,1,0,0,4,-2.4492935982947064e-16,1.0,798163.8698019498
THE JOVELL,678.13,FLORA DRIVE,New Sale,Strata,Condominium,1.0,17.0,Outside Central Region,21,1,6,10,0,99,2018,96,3,0.030303030303030304,1,0,0,1,0.49999999999999994,0.8660254037844387,888583.6529404905
THE LILIUM,1356.26,HOW SUN ROAD,New Sale,Strata,Condominium,1.0,19.0,Outside Central Region,23,3,1,5,1,9999,0,9999,0,0.0,0,0,0,1,1.0,6.123233995736766e-17,2774019.1659390144
THE PANORAMA,775.01,ANG MO KIO AVENUE 2,Resale,Strata,Condominium,1.0,20.0,Outside Central Region,24,3,11,15,0,99,2013,88,11,0.1111111111111111,1,0,0,1,1.0,6.123233995736766e-17,1411344.9892336219
8 @ MOUNT SOPHIA,1420.85,MOUNT SOPHIA,Resale,Strata,Condominium,1.0,9.0,Core Central Region,24,6,6,10,0,103,2002,81,22,0.21359223300970873,1,0,0,2,1.2246467991473532e-16,-1.0,2580269.90542935
ESTELLA GARDENS,1140.98,FLORA ROAD,Resale,Strata,Condominium,1.0,17.0,Outside Central Region,20,9,6,10,1,9999,0,9999,0,0.0,0,0,0,3,-1.0,-1.8369701987210297e-16,970195.3642350652
RIVERBAY,387.5,MAR THOMA ROAD,Resale,Strata,Apartment,1.0,12.0,Rest of Central Region,20,9,21,25,0,999,1882,861,138,0.13813813813813813,1,0,0,3,-1.0,-1.8369701987210297e-16,578734.1374747456
KINGSFORD WATERBAY,473.62,UPPER SERANGOON VIEW,Resale,Strata,Apartment,1.0,19.0,Outside Central Region,23,8,6,10,0,99,2014,90,9,0.09090909090909091,1,0,0,3,-0.8660254037844384,-0.5000000000000004,712857.3225607043
SPOTTISWOODE 18,387.5,SPOTTISWOODE PARK ROAD,Resale,Strata,Apartment,1.0,2.0,Rest of Central Region,22,7,16,20,1,9999,0,9999,0,0.0,0,0,0,3,-0.4999999999999998,-0.8660254037844388,873584.8912428803
8@WOODLEIGH,1076.4,WOODLEIGH CLOSE,Resale,Strata,Condominium,1.0,13.0,Rest of Central Region,20,11,1,5,0,99,2008,87,12,0.12121212121212122,1,1,1,4,-0.5000000000000004,0.8660254037844384,1387300.1790428124
PHOENIX RESIDENCES,1097.93,PHOENIX AVENUE,New Sale,Strata,Apartment,1.0,23.0,Outside Central Region,22,7,1,5,0,99,2019,96,3,0.030303030303030304,1,0,0,3,-0.4999999999999998,-0.8660254037844388,1603485.950162058
VERDALE,1001.05,DE SOUZA AVENUE,New Sale,Strata,Apartment,1.0,21.0,Rest of Central Region,20,9,1,5,0,99,2018,97,2,0.020202020202020204,1,0,0,3,-1.0,-1.8369701987210297e-16,1689895.5467466514
THE CONTINUUM,1065.64,THIAM SIEW AVENUE,New Sale,Strata,Apartment,1.0,15.0,Rest of Central Region,24,11,1,5,1,9999,0,9999,0,0.0,0,1,1,4,-0.5000000000000004,0.8660254037844384,2837572.3470035824
KASSIA,1054.87,FLORA DRIVE,New Sale,Strata,Condominium,1.0,17.0,Outside Central Region,24,10,1,5,1,9999,0,9999,0,0.0,0,1,0,4,-0.8660254037844386,0.5000000000000001,1915485.5959147702
KOVAN MELODY,871.88,KOVAN ROAD,Resale,Strata,Condominium,1.0,19.0,Outside Central Region,21,11,6,10,0,99,2004,82,17,0.1717171717171717,1,1,1,4,-0.5000000000000004,0.8660254037844384,1144718.589755862
DRAYCOTT EIGHT,1485.43,DRAYCOTT PARK,Resale,Strata,Condominium,1.0,10.0,Core Central Region,21,6,11,15,0,99,1997,75,24,0.24242424242424243,2,0,0,2,1.2246467991473532e-16,-1.0,2987897.9898690735
REGENT HEIGHTS,1173.28,BUKIT BATOK EAST AVENUE 5,Resale,Strata,Condominium,1.0,23.0,Outside Central Region,24,5,11,15,0,99,1995,70,29,0.29292929292929293,2,0,0,2,0.49999999999999994,-0.8660254037844387,1200089.0420507654
SILVERSEA,979.52,MARINE PARADE ROAD,Resale,Strata,Condominium,1.0,15.0,Rest of Central Region,22,4,6,10,0,99,2007,84,15,0.15151515151515152,1,0,0,2,0.8660254037844387,-0.49999999999999983,1730772.5768409078
CASABLANCA,893.41,ROSEWOOD DRIVE,Resale,Strata,Condominium,1.0,25.0,Outside Central Region,21,10,11,15,0,99,2001,79,20,0.20202020202020202,2,1,0,4,-0.8660254037844386,0.5000000000000001,797458.8755086563
CHUAN PARK,914.94,LORONG CHUAN,New Sale,Strata,Condominium,1.0,19.0,Outside Central Region,24,11,6,10,0,99,2024,99,0,0.0,1,1,1,4,-0.5000000000000004,0.8660254037844384,2373247.1145308637
THE LANDMARK,495.14,CHIN SWEE ROAD,New Sale,Strata,Condominium,1.0,3.0,Rest of Central Region,23,7,26,30,0,99,2020,96,3,0.030303030303030304,1,0,0,3,-0.4999999999999998,-0.8660254037844388,1417988.9701969372
RV ALTITUDE,635.08,RIVER VALLEY ROAD,New Sale,Strata,Apartment,1.0,9.0,Core Central Region,21,3,6,10,1,9999,0,9999,0,0.0,0,0,0,1,1.0,6.123233995736766e-17,1607888.0832822104
J'DEN,850.36,JURONG EAST CENTRAL 1,New Sale,Strata,Apartment,1.0,22.0,Outside Central Region,23,11,21,25,0,99,2023,99,0,0.0,1,1,1,4,-0.5000000000000004,0.8660254037844384,2127807.649151399
SENGKANG GRAND RESIDENCES,936.47,COMPASSVALE BOW,New Sale,Strata,Apartment,1.0,19.0,Outside Central Region,21,11,1,5,0,99,2018,96,3,0.030303030303030304,1,1,1,4,-0.5000000000000004,0.8660254037844384,1616488.2774225017
KOPAR AT NEWTON,1819.12,MAKEWAY AVENUE,New Sale,Strata,Apartment,1.0,9.0,Core Central Region,22,6,16,20,0,99,2019,96,3,0.030303030303030304,1,0,0,2,1.2246467991473532e-16,-1.0,4697640.392252191
KI RESIDENCES AT BROOKVALE,1248.62,BROOKVALE DRIVE,New Sale,Strata,Condominium,1.0,21.0,Outside Central Region,21,3,6,10,0,999,1885,863,136,0.13613613613613615,1,0,0,1,1.0,6.123233995736766e-17,2321621.9564591665
CLOVER BY THE PARK,1743.77,BISHAN STREET 25,Resale,Strata,Condominium,1.0,20.0,Rest of Central Region,23,2,26,30,0,99,2007,83,16,0.16161616161616163,1,0,0,1,0.8660254037844386,0.5000000000000001,2804878.954953061
DUO RESIDENCES,710.42,FRASER STREET,Resale,Strata,Apartment,1.0,7.0,Core Central Region,22,5,6,10,0,99,2011,88,11,0.1111111111111111,1,0,0,2,0.49999999999999994,-0.8660254037844387,1418667.3459321533
THE BENCOOLEN,850.36,BENCOOLEN STREET,Resale,Strata,Apartment,1.0,7.0,Rest of Central Region,23,6,11,15,0,99,1995,71,28,0.2828282828282828,2,0,0,2,1.2246467991473532e-16,-1.0,1379197.7279368544
LEEDON GREEN,699.66,LEEDON HEIGHTS,New Sale,Strata,Condominium,1.0,10.0,Core Central Region,22,2,1,5,1,9999,0,9999,0,0.0,0,0,0,1,0.8660254037844386,0.5000000000000001,1893554.3233465024
LEEDON GREEN,1496.2,LEEDON HEIGHTS,New Sale,Strata,Condominium,1.0,10.0,Core Central Region,21,6,1,5,1,9999,0,9999,0,0.0,0,0,0,2,1.2246467991473532e-16,-1.0,3922290.5832281336
GRANDEUR PARK RESIDENCES,473.62,BEDOK SOUTH AVENUE 3,Resale,Strata,Condominium,1.0,16.0,Outside Central Region,24,11,11,15,0,99,2016,91,8,0.08080808080808081,1,1,1,4,-0.5000000000000004,0.8660254037844384,900193.8189569289
DAIRY FARM RESIDENCES,936.47,DAIRY FARM LANE,New Sale,Strata,Apartment,1.0,23.0,Outside Central Region,21,8,6,10,0,99,2018,96,3,0.030303030303030304,1,0,0,3,-0.8660254037844384,-0.5000000000000004,1514515.32785798
MOONSTONE RESIDENCES,1044.11,MOONSTONE LANE,Resale,Strata,Apartment,1.0,12.0,Rest of Central Region,24,7,6,10,1,9999,0,9999,0,0.0,0,0,0,3,-0.4999999999999998,-0.8660254037844388,1687526.8957265876
DAIRY FARM RESIDENCES,764.24,DAIRY FARM LANE,New Sale,Strata,Apartment,1.0,23.0,Outside Central Region,21,10,6,10,0,99,2018,96,3,0.030303030303030304,1,1,0,4,-0.8660254037844386,0.5000000000000001,1289077.9138844223
PARC CLEMATIS,1076.4,JALAN LEMPENG,Sub Sale,Strata,Apartment,1.0,5.0,Outside Central Region,23,3,21,25,0,99,2019,95,4,0.04040404040404041,1,0,0,1,1.0,6.123233995736766e-17,2171328.8085387703
THE WOODLEIGH RESIDENCES,850.36,BIDADARI PARK DRIVE,New Sale,Strata,Apartment,1.0,13.0,Rest of Central Region,21,9,1,5,0,99,2017,95,4,0.04040404040404041,1,0,0,3,-1.0,-1.8369701987210297e-16,1762784.931305358
COASTLINE RESIDENCES,452.09,AMBER ROAD,New Sale,Strata,Apartment,1.0,15.0,Rest of Central Region,20,9,11,15,1,9999,0,9999,0,0.0,0,0,0,3,-1.0,-1.8369701987210297e-16,1171908.8778447881
BOULEVARD 88,1776.06,ORCHARD BOULEVARD,New Sale,Strata,Apartment,1.0,10.0,Core Central Region,21,4,21,25,1,9999,0,9999,0,0.0,0,0,0,2,0.8660254037844387,-0.49999999999999983,6737713.02994392
THE LANDMARK,1076.4,CHIN SWEE ROAD,New Sale,Strata,Condominium,1.0,3.0,Rest of Central Region,24,1,26,30,0,99,2020,95,4,0.04040404040404041,1,0,0,1,0.49999999999999994,0.8660254037844387,2858879.945625316
TERRA HILL,1097.93,YEW SIANG ROAD,New Sale,Strata,Apartment,1.0,5.0,Rest of Central Region,23,6,1,5,1,9999,0,9999,0,0.0,0,0,0,2,1.2246467991473532e-16,-1.0,2792530.0263243755
PARK NATURA,2314.26,BUKIT BATOK EAST AVENUE 6,Resale,Strata,Condominium,1.0,23.0,Rest of Central Region,20,11,1,5,1,9999,0,9999,0,0.0,0,1,1,4,-0.5000000000000004,0.8660254037844384,2267286.350498587
STRATUM,775.01,ELIAS ROAD,Resale,Strata,Condominium,1.0,18.0,Outside Central Region,23,6,1,5,0,99,2012,88,11,0.1111111111111111,1,0,0,2,1.2246467991473532e-16,-1.0,951945.3291231267
ROBINSON SUITES,495.14,ROBINSON ROAD,Resale,Strata,Apartment,1.0,1.0,Core Central Region,24,7,6,10,1,9999,0,9999,0,0.0,0,0,0,3,-0.4999999999999998,-0.8660254037844388,1062129.926732491
RIVERTREES RESIDENCES,871.88,FERNVALE CLOSE,Resale,Strata,Apartment,1.0,28.0,Outside Central Region,24,5,16,20,0,99,2013,88,11,0.1111111111111111,1,0,0,2,0.49999999999999994,-0.8660254037844387,1299716.134838829
THE TRILINQ,1345.5,JALAN LEMPENG,Resale,Strata,Condominium,1.0,5.0,Outside Central Region,22,10,31,35,0,99,2012,89,10,0.10101010101010101,1,1,0,4,-0.8660254037844386,0.5000000000000001,2147340.8186586006
PARC MONDRIAN,936.47,WOODLEIGH CLOSE,Resale,Strata,Apartment,1.0,13.0,Rest of Central Region,21,2,1,5,1,9999,0,9999,0,0.0,0,0,0,1,0.8660254037844386,0.5000000000000001,1289817.2407659322
THE WOODLEIGH RESIDENCES,688.9,BIDADARI PARK DRIVE,Sub Sale,Strata,Apartment,1.0,13.0,Rest of Central Region,24,7,1,5,0,99,2017,92,7,0.0707070707070707,1,0,0,3,-0.4999999999999998,-0.8660254037844388,1566728.189112226
THE TRE VER,699.66,POTONG PASIR AVENUE 1,Sub Sale,Strata,Condominium,1.0,13.0,Rest of Central Region,24,1,16,20,0,99,2018,93,6,0.06060606060606061,1,0,0,1,0.49999999999999994,0.8660254037844387,1379551.6516580707
CHANGI RISE CONDOMINIUM,1496.2,SIMEI RISE,Resale,Strata,Condominium,1.0,18.0,Outside Central Region,21,5,1,5,0,99,2000,78,21,0.21212121212121213,2,0,0,2,0.49999999999999994,-0.8660254037844387,1210088.888882273
KINGSFORD WATERBAY,882.65,UPPER SERANGOON VIEW,Resale,Strata,Apartment,1.0,19.0,Outside Central Region,21,3,6,10,0,99,2014,92,7,0.0707070707070707,1,0,0,1,1.0,6.123233995736766e-17,1009633.2892242431
CENTRO RESIDENCES,1001.05,ANG MO KIO AVENUE 8,Resale,Strata,Condominium,1.0,20.0,Outside Central Region,21,3,16,20,0,99,2007,85,14,0.1414141414141414,1,0,0,1,1.0,6.123233995736766e-17,1424245.9086188395
THE INFLORA,818.06,FLORA DRIVE,Resale,Strata,Condominium,1.0,17.0,Outside Central Region,21,10,6,10,0,99,2012,90,9,0.09090909090909091,1,1,0,4,-0.8660254037844386,0.5000000000000001,827398.0984199574
KINGSFORD WATERBAY,656.6,UPPER SERANGOON VIEW,Resale,Strata,Apartment,1.0,19.0,Outside Central Region,21,11,16,20,0,99,2014,92,7,0.0707070707070707,1,1,1,4,-0.5000000000000004,0.8660254037844384,848555.8445319257
URBAN VISTA,441.32,TANAH MERAH KECHIL LINK,Resale,Strata,Condominium,1.0,16.0,Outside Central Region,22,7,6,10,0,99,2012,89,10,0.10101010101010101,1,0,0,3,-0.4999999999999998,-0.8660254037844388,691878.6361030195
EMERALD OF KATONG,678.13,JALAN TEMBUSU,New Sale,Strata,Condominium,1.0,15.0,Rest of Central Region,24,11,6,10,0,99,2023,98,1,0.010101010101010102,1,1,1,4,-0.5000000000000004,0.8660254037844384,1784119.1337978786
19 NASSIM,1410.08,NASSIM HILL,New Sale,Strata,Apartment,1.0,10.0,Core Central Region,23,2,6,10,0,99,2019,95,4,0.04040404040404041,1,0,0,1,0.8660254037844386,0.5000000000000001,4985731.376775427
BISHAN 8,1184.04,BISHAN STREET 21,Resale,Strata,Condominium,1.0,20.0,Rest of Central Region,21,12,6,10,0,99,1996,74,25,0.25252525252525254,2,0,0,4,-2.4492935982947064e-16,1.0,1664756.566696118
THE INTERLACE,2378.84,DEPOT ROAD,Resale,Strata,Condominium,1.0,4.0,Rest of Central Region,22,4,1,5,0,99,2009,86,13,0.13131313131313133,1,0,0,2,0.8660254037844387,-0.49999999999999983,3439930.6482678694
THE FLORENCE RESIDENCES,1280.92,HOUGANG AVENUE 2,New Sale,Strata,Apartment,1.0,19.0,Outside Central Region,22,4,16,20,0,99,2018,95,4,0.04040404040404041,1,0,0,2,0.8660254037844387,-0.49999999999999983,2097210.4153832896
THE LANAI,1044.11,HILLVIEW AVENUE,Resale,Strata,Condominium,1.0,23.0,Outside Central Region,23,4,1,5,0,999,1885,861,138,0.13813813813813813,1,0,0,2,0.8660254037844387,-0.49999999999999983,1443016.4298872212
THE LAKESHORE,1162.51,JURONG WEST STREET 41,Resale,Strata,Condominium,1.0,22.0,Outside Central Region,21,2,16,20,0,99,2002,80,19,0.1919191919191919,1,0,0,1,0.8660254037844386,0.5000000000000001,1273526.396548581
REFLECTIONS AT KEPPEL BAY,1539.25,KEPPEL BAY VIEW,Resale,Strata,Condominium,1.0,4.0,Rest of Central Region,22,11,1,5,0,99,2006,83,16,0.16161616161616163,1,1,1,4,-0.5000000000000004,0.8660254037844384,2548890.3625034573
URBAN TREASURES,516.67,JALAN EUNOS,New Sale,Strata,Condominium,1.0,14.0,Outside Central Region,21,11,11,15,1,9999,0,9999,0,0.0,0,1,1,4,-0.5000000000000004,0.8660254037844384,1046263.6706361122
WATERBANK AT DAKOTA,624.31,DAKOTA CRESCENT,Resale,Strata,Condominium,1.0,14.0,Rest of Central Region,21,2,11,15,0,99,2009,87,12,0.12121212121212122,1,0,0,1,0.8660254037844386,0.5000000000000001,1057606.99105032
NORMANTON PARK,1087.16,NORMANTON PARK,New Sale,Strata,Apartment,1.0,5.0,Rest of Central Region,22,2,6,10,0,99,2019,96,3,0.030303030303030304,1,0,0,1,0.8660254037844386,0.5000000000000001,1978731.516064659
THE HYDE,775.01,BALMORAL ROAD,New Sale,Strata,Condominium,1.0,10.0,Core Central Region,22,4,6,10,1,9999,0,9999,0,0.0,0,0,0,2,0.8660254037844387,-0.49999999999999983,2265522.6078968933
NORMANTON PARK,516.67,NORMANTON PARK,New Sale,Strata,Apartment,1.0,5.0,Rest of Central Region,21,1,21,25,0,99,2019,97,2,0.020202020202020204,1,0,0,1,0.49999999999999994,0.8660254037844387,930883.8712541761
SILVERSEA,1065.64,MARINE PARADE ROAD,Resale,Strata,Condominium,1.0,15.0,Rest of Central Region,23,9,11,15,0,99,2007,83,16,0.16161616161616163,1,0,0,3,-1.0,-1.8369701987210297e-16,2077083.043846275
DUKES RESIDENCE,925.7,DUKE'S ROAD,Resale,Strata,Apartment,1.0,10.0,Core Central Region,21,5,1,5,1,9999,0,9999,0,0.0,0,0,0,2,0.49999999999999994,-0.8660254037844387,1785963.5848567083
8 SAINT THOMAS,1689.95,ST. THOMAS WALK,Resale,Strata,Condominium,1.0,9.0,Core Central Region,20,12,21,25,1,9999,0,9999,0,0.0,0,0,0,4,-2.4492935982947064e-16,1.0,4513851.037410208
TEMBUSU GRAND,990.29,JALAN TEMBUSU,New Sale,Strata,Condominium,1.0,15.0,Rest of Central Region,23,4,11,15,0,99,2022,98,1,0.010101010101010102,1,0,0,2,0.8660254037844387,-0.49999999999999983,2467373.945447892
FLORA EAST,1345.5,JOO CHIAT PLACE,Resale,Strata,Apartment,1.0,15.0,Rest of Central Region,21,7,1,5,1,9999,0,9999,0,0.0,0,0,0,3,-0.4999999999999998,-0.8660254037844388,1646735.5758866605
AFFINITY AT SERANGOON,473.62,SERANGOON NORTH AVENUE 1,New Sale,Strata,Apartment,1.0,19.0,Outside Central Region,20,12,6,10,0,99,2018,97,2,0.020202020202020204,1,0,0,4,-2.4492935982947064e-16,1.0,792834.0366216693
TEMBELING COURT,1345.5,TEMBELING ROAD,Resale,Strata,Apartment,1.0,15.0,Rest of Central Region,21,3,1,5,1,9999,0,9999,0,0.0,0,0,0,1,1.0,6.123233995736766e-17,1667031.5527194978
THE FLORENCE RESIDENCES,990.29,HOUGANG AVENUE 2,Sub Sale,Strata,Apartment,1.0,19.0,Outside Central Region,23,2,6,10,0,99,2018,94,5,0.050505050505050504,1,0,0,1,0.8660254037844386,0.5000000000000001,1759243.2690190342
CHANGI RISE CONDOMINIUM,1280.92,SIMEI RISE,Resale,Strata,Condominium,1.0,18.0,Outside Central Region,21,1,1,5,0,99,2000,78,21,0.21212121212121213,2,0,0,1,0.49999999999999994,0.8660254037844387,1025011.0109523704
NYON,1280.92,AMBER ROAD,New Sale,Strata,Apartment,1.0,15.0,Rest of Central Region,20,12,16,20,1,9999,0,9999,0,0.0,0,0,0,4,-2.4492935982947064e-16,1.0,2844883.74580543
KLIMT CAIRNHILL,1496.2,CAIRNHILL ROAD,New Sale,Strata,Apartment,1.0,9.0,Core Central Region,23,4,16,20,1,9999,0,9999,0,0.0,0,0,0,2,0.8660254037844387,-0.49999999999999983,5291345.2860690635
COSTA RHU,1011.82,RHU CROSS,Resale,Strata,Condominium,1.0,15.0,Rest of Central Region,21,5,1,5,0,99,1994,72,27,0.2727272727272727,2,0,0,2,0.49999999999999994,-0.8660254037844387,1378844.7187157813
KI RESIDENCES AT BROOKVALE,979.52,BROOKVALE DRIVE,New Sale,Strata,Condominium,1.0,21.0,Outside Central Region,21,1,6,10,0,999,1885,863,136,0.13613613613613615,1,0,0,1,0.49999999999999994,0.8660254037844387,1711399.8600063452
RESIDENTIAL APARTMENTS,1140.98,GUILLEMARD ROAD,Resale,Strata,Apartment,1.0,14.0,Rest of Central Region,20,8,1,5,0,9999,1957,9936,63,0.0063006300630063005,1,0,0,3,-0.8660254037844384,-0.5000000000000004,1044488.5342377507
THE TRILINQ,914.94,JALAN LEMPENG,Resale,Strata,Condominium,1.0,5.0,Outside Central Region,23,3,6,10,0,99,2012,88,11,0.1111111111111111,1,0,0,1,1.0,6.123233995736766e-17,1486341.1018692805
J GATEWAY,473.62,GATEWAY DRIVE,Resale,Strata,Condominium,1.0,22.0,Outside Central Region,23,10,6,10,0,99,2012,88,11,0.1111111111111111,1,1,0,4,-0.8660254037844386,0.5000000000000001,902801.0422461029
YGK GARDEN,2066.69,BELMONT ROAD,Resale,Strata,Condominium,1.0,10.0,Core Central Region,24,9,1,5,1,9999,0,9999,0,0.0,0,0,0,3,-1.0,-1.8369701987210297e-16,3417007.337849445
THE ROCHESTER RESIDENCES,1302.44,ROCHESTER DRIVE,Resale,Strata,Apartment,1.0,5.0,Rest of Central Region,21,2,31,35,0,99,2005,83,16,0.16161616161616163,1,0,0,1,0.8660254037844386,0.5000000000000001,1797223.111978628
LA FIESTA,753.48,SENGKANG SQUARE,Resale,Strata,Condominium,1.0,19.0,Outside Central Region,22,9,1,5,0,99,2012,89,10,0.10101010101010101,1,0,0,3,-1.0,-1.8369701987210297e-16,1013943.4802199664
CASA CAMBIO,1356.26,LIM TUA TOW ROAD,Resale,Strata,Condominium,1.0,19.0,Outside Central Region,21,11,1,5,1,9999,0,9999,0,0.0,0,1,1,4,-0.5000000000000004,0.8660254037844384,1653177.3716668894
GRAND DUNMAN,548.96,DUNMAN ROAD,New Sale,Strata,Apartment,1.0,15.0,Rest of Central Region,23,7,1,5,0,99,2022,98,1,0.010101010101010102,1,0,0,3,-0.4999999999999998,-0.8660254037844388,1344657.8208466687
TREASURE AT TAMPINES,1033.34,TAMPINES LANE,New Sale,Strata,Condominium,1.0,18.0,Outside Central Region,20,9,1,5,0,99,2018,97,2,0.020202020202020204,1,0,0,3,-1.0,-1.8369701987210297e-16,1394743.3508618711
LA FIESTA,753.48,SENGKANG SQUARE,Resale,Strata,Condominium,1.0,19.0,Outside Central Region,21,10,6,10,0,99,2012,90,9,0.09090909090909091,1,1,0,4,-0.8660254037844386,0.5000000000000001,972120.1124399327
PEBBLE BAY,1377.79,TANJONG RHU ROAD,Resale,Strata,Condominium,1.0,15.0,Rest of Central Region,24,3,1,5,0,99,1994,69,30,0.30303030303030304,2,0,0,1,1.0,6.123233995736766e-17,2284507.7109919786
MIDTOWN MODERN,1442.38,TAN QUEE LAN STREET,New Sale,Strata,Apartment,1.0,7.0,Core Central Region,22,9,16,20,0,99,2019,96,3,0.030303030303030304,1,0,0,3,-1.0,-1.8369701987210297e-16,4041518.4969783504
PULLMAN RESIDENCES NEWTON,462.85,DUNEARN ROAD,New Sale,Strata,Apartment,1.0,11.0,Core Central Region,23,8,21,25,1,9999,0,9999,0,0.0,0,0,0,3,-0.8660254037844384,-0.5000000000000004,1550494.2810071893
BLUE HORIZON,1162.51,WEST COAST CRESCENT,Resale,Strata,Condominium,1.0,5.0,Outside Central Region,24,2,21,25,0,99,2000,75,24,0.24242424242424243,2,0,0,1,0.8660254037844386,0.5000000000000001,1681103.9187157697
THE HELICONIA,1302.44,JALAN DAUD,Resale,Strata,Condominium,1.0,14.0,Outside Central Region,23,5,6,10,1,9999,0,9999,0,0.0,0,0,0,2,0.49999999999999994,-0.8660254037844387,1730929.6997264535
DAHLIA PARK CONDOMINIUM,1097.93,FLORA DRIVE,Resale,Strata,Condominium,1.0,17.0,Outside Central Region,24,8,1,5,1,9999,0,9999,0,0.0,0,0,0,3,-0.8660254037844384,-0.5000000000000004,1253068.8061264502
URBAN TREASURES,635.08,JALAN EUNOS,New Sale,Strata,Condominium,1.0,14.0,Outside Central Region,22,3,11,15,1,9999,0,9999,0,0.0,0,0,0,1,1.0,6.123233995736766e-17,1343750.4563904991
ONE-NORTH EDEN,1410.08,SLIM BARRACKS RISE,New Sale,Strata,Apartment,1.0,5.0,Rest of Central Region,21,5,6,10,0,99,2019,97,2,0.020202020202020204,1,0,0,2,0.49999999999999994,-0.8660254037844387,2636159.11173505
PARK COLONIAL,1248.62,WOODLEIGH LANE,Sub Sale,Strata,Condominium,1.0,13.0,Rest of Central Region,22,7,6,10,0,99,2017,94,5,0.050505050505050504,1,0,0,3,-0.4999999999999998,-0.8660254037844388,2325001.2497684094
LIVIA,1323.97,PASIR RIS GROVE,Resale,Strata,Condominium,1.0,18.0,Outside Central Region,24,6,11,15,0,99,2008,83,16,0.16161616161616163,1,0,0,2,1.2246467991473532e-16,-1.0,1699371.2124474035
TURQUOISE,2421.9,COVE DRIVE,Resale,Strata,Condominium,1.0,4.0,Core Central Region,22,10,1,5,0,99,2007,84,15,0.15151515151515152,1,1,0,4,-0.8660254037844386,0.5000000000000001,3888176.9824892227
REFLECTIONS AT KEPPEL BAY,2357.32,KEPPEL BAY VIEW,Resale,Strata,Condominium,1.0,4.0,Rest of Central Region,23,5,26,30,0,99,2006,82,17,0.1717171717171717,1,0,0,2,0.49999999999999994,-0.8660254037844387,4277723.747995029
NORMANTON PARK,527.44,NORMANTON PARK,New Sale,Strata,Apartment,1.0,5.0,Rest of Central Region,22,3,16,20,0,99,2019,96,3,0.030303030303030304,1,0,0,1,1.0,6.123233995736766e-17,1026198.498989729
AVENUE SOUTH RESIDENCE,721.19,SILAT AVENUE,Sub Sale,Strata,Apartment,1.0,3.0,Rest of Central Region,23,8,16,20,0,99,2018,94,5,0.050505050505050504,1,0,0,3,-0.8660254037844384,-0.5000000000000004,1671135.590204896
LUMA,1173.28,RIVER VALLEY GROVE,Resale,Strata,Apartment,1.0,9.0,Core Central Region,20,10,21,25,1,9999,0,9999,0,0.0,0,1,0,4,-0.8660254037844386,0.5000000000000001,1960581.6282216858
CANAAN,947.23,MATTAR ROAD,Resale,Strata,Apartment,1.0,14.0,Rest of Central Region,24,7,1,5,1,9999,0,9999,0,0.0,0,0,0,3,-0.4999999999999998,-0.8660254037844388,1584593.1985761395
PERFECT TEN,785.77,BUKIT TIMAH ROAD,New Sale,Strata,Apartment,1.0,10.0,Core Central Region,23,5,16,20,1,9999,0,9999,0,0.0,0,0,0,2,0.49999999999999994,-0.8660254037844387,2482023.971056103
CLAVON,1689.95,CLEMENTI AVENUE 1,New Sale,Strata,Apartment,1.0,5.0,Outside Central Region,22,4,11,15,0,99,2019,96,3,0.030303030303030304,1,0,0,2,0.8660254037844387,-0.49999999999999983,2835011.5291186227
COSTA RHU,1334.74,RHU CROSS,Resale,Strata,Condominium,1.0,15.0,Rest of Central Region,23,9,6,10,0,99,1994,70,29,0.29292929292929293,2,0,0,3,-1.0,-1.8369701987210297e-16,2170968.7727079135
KELLETT COURT,1323.97,SHELFORD ROAD,Resale,Strata,Condominium,1.0,11.0,Core Central Region,21,5,1,5,1,9999,0,9999,0,0.0,0,0,0,2,0.49999999999999994,-0.8660254037844387,1753897.0749976777
WHISTLER GRAND,505.91,WEST COAST VALE,New Sale,Strata,Apartment,1.0,5.0,Outside Central Region,20,11,21,25,0,99,2018,97,2,0.020202020202020204,1,1,1,4,-0.5000000000000004,0.8660254037844384,822047.3811630687
VETRO,613.55,MAR THOMA ROAD,Resale,Strata,Apartment,1.0,12.0,Rest of Central Region,21,9,1,5,0,999,1882,860,139,0.13913913913913914,1,0,0,3,-1.0,-1.8369701987210297e-16,719311.2280376666
PINETREE HILL,764.24,PINE GROVE,New Sale,Strata,Condominium,1.0,21.0,Rest of Central Region,23,11,16,20,0,99,2022,98,1,0.010101010101010102,1,1,1,4,-0.5000000000000004,0.8660254037844384,1923398.169875384
PRESTIGE HEIGHTS,344.45,BALESTIER ROAD,Resale,Strata,Apartment,1.0,12.0,Rest of Central Region,21,5,11,15,1,9999,0,9999,0,0.0,0,0,0,2,0.49999999999999994,-0.8660254037844387,564505.9759011738
GRAND DUNMAN,452.09,DUNMAN ROAD,New Sale,Strata,Apartment,1.0,15.0,Rest of Central Region,23,7,6,10,0,99,2022,98,1,0.010101010101010102,1,0,0,3,-0.4999999999999998,-0.8660254037844388,1161710.5195723064
THE ALPS RESIDENCES,462.85,TAMPINES STREET 86,Sub Sale,Strata,Condominium,1.0,18.0,Outside Central Region,21,8,1,5,0,99,2015,93,6,0.06060606060606061,1,0,0,3,-0.8660254037844384,-0.5000000000000004,627796.8338431615
BOULEVARD 88,1776.06,ORCHARD BOULEVARD,New Sale,Strata,Apartment,1.0,10.0,Core Central Region,21,4,11,15,1,9999,0,9999,0,0.0,0,0,0,2,0.8660254037844387,-0.49999999999999983,6443867.068689416
THE SPECTRUM,1550.02,PASIR PANJANG ROAD,Resale,Strata,Condominium,1.0,5.0,Rest of Central Region,22,4,1,5,1,9999,0,9999,0,0.0,0,0,0,2,0.8660254037844387,-0.49999999999999983,1907411.8376613418
THE RESERVE RESIDENCES,1377.79,JALAN ANAK BUKIT,New Sale,Strata,Apartment,1.0,21.0,Rest of Central Region,24,9,6,10,0,99,2021,96,3,0.030303030303030304,1,0,0,3,-1.0,-1.8369701987210297e-16,3346792.3004157185
AMBER POINT,1668.42,AMBER ROAD,Resale,Strata,Condominium,1.0,15.0,Rest of Central Region,23,10,16,20,1,9999,0,9999,0,0.0,0,1,0,4,-0.8660254037844386,0.5000000000000001,3125146.6409922903
PARK NOVA,1431.61,TOMLINSON ROAD,New Sale,Strata,Apartment,1.0,10.0,Core Central Region,22,11,6,10,1,9999,0,9999,0,0.0,0,1,1,4,-0.5000000000000004,0.8660254037844384,6213580.299499627
ROBERTSON EDGE,904.18,TONG WATT ROAD,Resale,Strata,Apartment,1.0,9.0,Core Central Region,20,9,6,10,0,999,1841,820,179,0.17917917917917917,1,0,0,3,-1.0,-1.8369701987210297e-16,1438504.3151676615
RESIDENTIAL APARTMENTS,1738.39,SING AVENUE,Resale,Land,Apartment,1.0,8.0,Rest of Central Region,21,8,1,5,1,9999,0,9999,0,0.0,0,0,0,3,-0.8660254037844384,-0.5000000000000004,2103252.61925217
DE CENTURION,1044.11,TANJONG RHU ROAD,Resale,Strata,Apartment,1.0,15.0,Rest of Central Region,22,4,11,15,1,9999,0,9999,0,0.0,0,0,0,2,0.8660254037844387,-0.49999999999999983,1782975.355998389
LAKE GRANDE,925.7,JURONG LAKE LINK,Resale,Strata,Condominium,1.0,22.0,Outside Central Region,22,10,1,5,0,99,2015,92,7,0.0707070707070707,1,1,0,4,-0.8660254037844386,0.5000000000000001,1371008.7497901358
OASIS GARDEN,1227.1,JALAN BUNGA RAMPAI,Resale,Strata,Condominium,1.0,19.0,Rest of Central Region,24,10,1,5,1,9999,0,9999,0,0.0,0,1,0,4,-0.8660254037844386,0.5000000000000001,2109852.974316667
COASTARINA,839.59,EAST COAST ROAD,Resale,Strata,Apartment,1.0,15.0,Outside Central Region,22,7,1,5,1,9999,0,9999,0,0.0,0,0,0,3,-0.4999999999999998,-0.8660254037844388,1370086.280955339
HILLSTA,527.44,PHOENIX ROAD,Resale,Strata,Condominium,1.0,23.0,Outside Central Region,21,2,16,20,0,99,2011,89,10,0.10101010101010101,1,0,0,1,0.8660254037844386,0.5000000000000001,614500.7871268635
THE LINQ @ BEAUTY WORLD,958.0,UPPER BUKIT TIMAH ROAD,New Sale,Strata,Apartment,1.0,21.0,Rest of Central Region,20,11,11,15,1,9999,0,9999,0,0.0,0,1,1,4,-0.5000000000000004,0.8660254037844384,1926522.0213738966
THE LANDMARK,495.14,CHIN SWEE ROAD,New Sale,Strata,Condominium,1.0,3.0,Rest of Central Region,23,11,31,35,0,99,2020,96,3,0.030303030303030304,1,1,1,4,-0.5000000000000004,0.8660254037844384,1443832.0009467967
EMERALD OF KATONG,484.38,JALAN TEMBUSU,New Sale,Strata,Condominium,1.0,15.0,Rest of Central Region,24,11,6,10,0,99,2023,98,1,0.010101010101010102,1,1,1,4,-0.5000000000000004,0.8660254037844384,1319640.841336235
CYAN,1065.64,KENG CHIN ROAD,Resale,Strata,Condominium,1.0,10.0,Core Central Region,22,6,11,15,1,9999,0,9999,0,0.0,0,0,0,2,1.2246467991473532e-16,-1.0,2314673.7066367613
KI RESIDENCES AT BROOKVALE,753.48,BROOKVALE DRIVE,New Sale,Strata,Condominium,1.0,21.0,Outside Central Region,21,9,1,5,0,999,1885,863,136,0.13613613613613615,1,0,0,3,-1.0,-1.8369701987210297e-16,1405390.37420041
LENTORIA,1205.57,LENTOR HILLS ROAD,New Sale,Strata,Condominium,1.0,26.0,Outside Central Region,24,3,1,5,0,99,2022,97,2,0.020202020202020204,1,0,0,1,1.0,6.123233995736766e-17,2517774.529627631
INFINI AT EAST COAST,968.76,EAST COAST ROAD,New Sale,Strata,Apartment,1.0,15.0,Outside Central Region,21,3,1,5,1,9999,0,9999,0,0.0,0,0,0,1,1.0,6.123233995736766e-17,1704489.404048019
MARINA BAY RESIDENCES,1636.13,MARINA BOULEVARD,Resale,Strata,Condominium,1.0,1.0,Core Central Region,24,8,26,30,0,99,2005,80,19,0.1919191919191919,1,0,0,3,-0.8660254037844384,-0.5000000000000004,3995694.8457344454
MIMOSA PARK,1754.53,MIMOSA ROAD,Resale,Strata,Condominium,1.0,28.0,Outside Central Region,24,11,6,10,1,9999,0,9999,0,0.0,0,1,1,4,-0.5000000000000004,0.8660254037844384,2499962.448403716
SCENECA RESIDENCE,904.18,TANAH MERAH KECHIL LINK,New Sale,Strata,Apartment,1.0,16.0,Outside Central Region,23,11,11,15,0,99,2021,97,2,0.020202020202020204,1,1,1,4,-0.5000000000000004,0.8660254037844384,1913329.1502542484
THE MILTONIA RESIDENCES,1022.58,MILTONIA CLOSE,Resale,Strata,Condominium,1.0,27.0,Outside Central Region,24,4,1,5,0,99,2010,85,14,0.1414141414141414,1,0,0,2,0.8660254037844387,-0.49999999999999983,1179848.7572589547
THE LANDMARK,678.13,CHIN SWEE ROAD,New Sale,Strata,Condominium,1.0,3.0,Rest of Central Region,23,8,21,25,0,99,2020,96,3,0.030303030303030304,1,0,0,3,-0.8660254037844384,-0.5000000000000004,1834797.074907215
CUSCADEN RESERVE,1162.51,CUSCADEN ROAD,Resale,Strata,Condominium,1.0,10.0,Core Central Region,24,6,1,5,0,99,2018,93,6,0.06060606060606061,1,0,0,2,1.2246467991473532e-16,-1.0,3088182.855704244
EMERALD OF KATONG,1313.21,JALAN TEMBUSU,New Sale,Strata,Condominium,1.0,15.0,Rest of Central Region,24,11,1,5,0,99,2023,98,1,0.010101010101010102,1,1,1,4,-0.5000000000000004,0.8660254037844384,3192581.908293854
NICON GARDENS,1991.34,CHOA CHU KANG ROAD,Resale,Strata,Condominium,1.0,23.0,Outside Central Region,24,6,0,0,0,99,1981,56,43,0.43434343434343436,3,0,0,2,1.2246467991473532e-16,-1.0,1973071.3482652311
NORMANTON PARK,645.84,NORMANTON PARK,New Sale,Strata,Apartment,1.0,5.0,Rest of Central Region,21,4,6,10,0,99,2019,97,2,0.020202020202020204,1,0,0,2,0.8660254037844387,-0.49999999999999983,1132064.4068546912
PARK NATURA,2045.16,BUKIT BATOK EAST AVENUE 6,Resale,Strata,Condominium,1.0,23.0,Rest of Central Region,24,5,1,5,1,9999,0,9999,0,0.0,0,0,0,2,0.49999999999999994,-0.8660254037844387,3010968.6729151625
LA FIESTA,1420.85,SENGKANG SQUARE,Resale,Strata,Condominium,1.0,19.0,Outside Central Region,23,6,11,15,0,99,2012,88,11,0.1111111111111111,1,0,0,2,1.2246467991473532e-16,-1.0,2010787.088710143
CHILTERN PARK,1302.44,SERANGOON AVENUE 3,Resale,Strata,Condominium,1.0,19.0,Outside Central Region,21,5,1,5,0,99,1991,69,30,0.30303030303030304,2,0,0,2,0.49999999999999994,-0.8660254037844387,1415327.0706094087
TREASURE AT TAMPINES,1237.86,TAMPINES LANE,New Sale,Strata,Condominium,1.0,18.0,Outside Central Region,21,8,6,10,0,99,2018,96,3,0.030303030303030304,1,0,0,3,-0.8660254037844384,-0.5000000000000004,1728679.891801415
NORTHWOOD,1453.14,JALAN MATA AYER,Resale,Strata,Condominium,1.0,27.0,Outside Central Region,20,8,1,5,1,9999,0,9999,0,0.0,0,0,0,3,-0.8660254037844384,-0.5000000000000004,1229344.5263850929
PRINCIPAL GARDEN,796.54,PRINCE CHARLES CRESCENT,Resale,Strata,Condominium,1.0,3.0,Rest of Central Region,21,7,21,25,0,99,2014,92,7,0.0707070707070707,1,0,0,3,-0.4999999999999998,-0.8660254037844388,1560585.9404865492
Q BAY RESIDENCES,527.44,TAMPINES STREET 86,Resale,Strata,Condominium,1.0,18.0,Outside Central Region,24,1,11,15,0,99,2012,87,12,0.12121212121212122,1,0,0,1,0.49999999999999994,0.8660254037844387,765978.7360630374
CASA MERAH,1248.62,TANAH MERAH KECHIL AVENUE,Resale,Strata,Apartment,1.0,16.0,Outside Central Region,22,7,1,5,0,99,2006,83,16,0.16161616161616163,1,0,0,3,-0.4999999999999998,-0.8660254037844388,1495999.1894788053
THE VISION,904.18,WEST COAST CRESCENT,Resale,Strata,Condominium,1.0,5.0,Outside Central Region,21,7,6,10,0,99,2008,86,13,0.13131313131313133,1,0,0,3,-0.4999999999999998,-0.8660254037844388,1202522.8825487746
CUSCADEN RESIDENCES,1485.43,CUSCADEN ROAD,Resale,Strata,Condominium,1.0,10.0,Core Central Region,23,11,16,20,1,9999,0,9999,0,0.0,0,1,1,4,-0.5000000000000004,0.8660254037844384,3835199.5380019182
URBAN TREASURES,635.08,JALAN EUNOS,New Sale,Strata,Condominium,1.0,14.0,Outside Central Region,22,4,1,5,1,9999,0,9999,0,0.0,0,0,0,2,0.8660254037844387,-0.49999999999999983,1300005.364190587
ST REGIS RESIDENCES SINGAPORE,2142.04,TANGLIN ROAD,Resale,Strata,Apartment,1.0,10.0,Core Central Region,24,11,1,5,0,999,1995,970,29,0.02902902902902903,1,1,1,4,-0.5000000000000004,0.8660254037844384,5478097.628676806
ROSEWOOD SUITES,1399.32,ROSEWOOD DRIVE,Resale,Strata,Condominium,1.0,25.0,Outside Central Region,21,7,1,5,0,99,2008,86,13,0.13131313131313133,1,0,0,3,-0.4999999999999998,-0.8660254037844388,1128762.7498674847
HILLVIEW RESIDENCE,1237.86,HILLVIEW AVENUE,Resale,Strata,Condominium,1.0,23.0,Outside Central Region,23,11,6,10,0,999,1885,861,138,0.13813813813813813,1,1,1,4,-0.5000000000000004,0.8660254037844384,1866770.7200392664
KOPAR AT NEWTON,688.9,MAKEWAY AVENUE,New Sale,Strata,Apartment,1.0,9.0,Core Central Region,20,8,16,20,0,99,2019,98,1,0.010101010101010102,1,0,0,3,-0.8660254037844384,-0.5000000000000004,1694598.8147314875
GRAND DUNMAN,452.09,DUNMAN ROAD,New Sale,Strata,Apartment,1.0,15.0,Rest of Central Region,23,7,11,15,0,99,2022,98,1,0.010101010101010102,1,0,0,3,-0.4999999999999998,-0.8660254037844388,1203051.5886289282
THE MAYFAIR,753.48,JURONG EAST STREET 32,Resale,Strata,Condominium,1.0,22.0,Outside Central Region,21,4,16,20,0,99,1996,74,25,0.25252525252525254,2,0,0,2,0.8660254037844387,-0.49999999999999983,818210.3016151023
THE DAIRY FARM,2131.27,DAIRY FARM ROAD,Resale,Strata,Condominium,1.0,23.0,Outside Central Region,22,5,1,5,1,9999,0,9999,0,0.0,0,0,0,2,0.49999999999999994,-0.8660254037844387,2897581.4140172615
THE POIZ RESIDENCES,441.32,MEYAPPA CHETTIAR ROAD,Resale,Strata,Apartment,1.0,13.0,Rest of Central Region,23,2,11,15,0,99,2014,90,9,0.09090909090909091,1,0,0,1,0.8660254037844386,0.5000000000000001,828196.2294649815
GRAND DUNMAN,958.0,DUNMAN ROAD,New Sale,Strata,Apartment,1.0,15.0,Rest of Central Region,23,7,6,10,0,99,2022,98,1,0.010101010101010102,1,0,0,3,-0.4999999999999998,-0.8660254037844388,2340842.1705272114
VERTICUS,936.47,JALAN KEMAMAN,New Sale,Strata,Apartment,1.0,12.0,Rest of Central Region,21,9,6,10,1,9999,0,9999,0,0.0,0,0,0,3,-1.0,-1.8369701987210297e-16,1749044.748337172
LEEDON GREEN,710.42,LEEDON HEIGHTS,New Sale,Strata,Condominium,1.0,10.0,Core Central Region,22,1,1,5,1,9999,0,9999,0,0.0,0,0,0,1,0.49999999999999994,0.8660254037844387,1908105.9105401922
FORETT@BUKIT TIMAH,904.18,TOH TUCK ROAD,New Sale,Strata,Apartment,1.0,21.0,Rest of Central Region,22,3,1,5,1,9999,0,9999,0,0.0,0,0,0,1,1.0,6.123233995736766e-17,1859850.3747187338
TANAMERA CREST,861.12,PARI DEDAP WALK,Resale,Strata,Condominium,1.0,16.0,Outside Central Region,24,3,1,5,0,99,2000,75,24,0.24242424242424243,2,0,0,1,1.0,6.123233995736766e-17,1029799.2828597461
THE BOTANY AT DAIRY FARM,1033.34,DAIRY FARM WALK,New Sale,Strata,Condominium,1.0,23.0,Outside Central Region,23,3,1,5,0,99,2022,98,1,0.010101010101010102,1,0,0,1,1.0,6.123233995736766e-17,2029740.6678238995
THE METROPOLITAN CONDOMINIUM,1894.46,ALEXANDRA VIEW,Resale,Strata,Condominium,1.0,3.0,Rest of Central Region,20,10,6,10,0,99,2006,85,14,0.1414141414141414,1,1,0,4,-0.8660254037844386,0.5000000000000001,2502899.3091999684
RIVERSOUND RESIDENCE,947.23,SENGKANG EAST AVENUE,Resale,Strata,Condominium,1.0,19.0,Outside Central Region,23,9,1,5,0,99,2011,87,12,0.12121212121212122,1,0,0,3,-1.0,-1.8369701987210297e-16,1161750.6445621178
WATERFRONT ISLE,1216.33,BEDOK RESERVOIR ROAD,Resale,Strata,Condominium,1.0,16.0,Outside Central Region,24,4,1,5,0,99,2009,84,15,0.15151515151515152,1,0,0,2,0.8660254037844387,-0.49999999999999983,1828373.7278500886
THE AVENIR,807.3,RIVER VALLEY CLOSE,New Sale,Strata,Condominium,1.0,9.0,Core Central Region,21,10,1,5,1,9999,0,9999,0,0.0,0,1,0,4,-0.8660254037844386,0.5000000000000001,2380032.67673445
IRWELL HILL RESIDENCES,667.37,IRWELL HILL,New Sale,Strata,Apartment,1.0,9.0,Core Central Region,21,4,16,20,0,99,2020,98,1,0.010101010101010102,1,0,0,2,0.8660254037844387,-0.49999999999999983,1819590.1611409849
VERDALE,699.66,DE SOUZA AVENUE,New Sale,Strata,Apartment,1.0,21.0,Rest of Central Region,21,9,1,5,0,99,2018,96,3,0.030303030303030304,1,0,0,3,-1.0,-1.8369701987210297e-16,1274139.53558317
Q BAY RESIDENCES,1033.34,TAMPINES STREET 86,Resale,Strata,Condominium,1.0,18.0,Outside Central Region,21,8,6,10,0,99,2012,90,9,0.09090909090909091,1,0,0,3,-0.8660254037844384,-0.5000000000000004,1185956.68620523
WEST BAY CONDOMINIUM,1280.92,WEST COAST CRESCENT,Resale,Strata,Condominium,1.0,5.0,Outside Central Region,22,1,1,5,0,99,1991,68,31,0.31313131313131315,2,0,0,1,0.49999999999999994,0.8660254037844387,1226184.0681736786
HARBOURLIGHTS,1108.69,TELOK BLANGAH ROAD,Resale,Strata,Apartment,1.0,4.0,Rest of Central Region,20,8,1,5,1,9999,0,9999,0,0.0,0,0,0,3,-0.8660254037844384,-0.5000000000000004,1586490.8270065456
THE TRE VER,495.14,POTONG PASIR AVENUE 1,Sub Sale,Strata,Condominium,1.0,13.0,Rest of Central Region,23,3,16,20,0,99,2018,94,5,0.050505050505050504,1,0,0,1,1.0,6.123233995736766e-17,918247.5423529254
JADESCAPE,1420.85,SHUNFU ROAD,New Sale,Strata,Condominium,1.0,20.0,Rest of Central Region,20,11,11,15,0,99,2018,97,2,0.020202020202020204,1,1,1,4,-0.5000000000000004,0.8660254037844384,2532639.3803387014
KINGSFORD WATERBAY,484.38,UPPER SERANGOON VIEW,Resale,Strata,Apartment,1.0,19.0,Outside Central Region,20,12,6,10,0,99,2014,93,6,0.06060606060606061,1,0,0,4,-2.4492935982947064e-16,1.0,605032.5328522642
THE ESSENCE,538.2,CHONG KUO ROAD,Sub Sale,Strata,Apartment,1.0,26.0,Outside Central Region,23,6,1,5,0,99,2018,94,5,0.050505050505050504,1,0,0,2,1.2246467991473532e-16,-1.0,844473.5524007957
JADESCAPE,527.44,SHUNFU ROAD,Resale,Strata,Condominium,1.0,20.0,Rest of Central Region,24,8,21,25,0,99,2018,93,6,0.06060606060606061,1,0,0,3,-0.8660254037844384,-0.5000000000000004,1127272.3469706941
PARC CLEMATIS,1248.62,JALAN LEMPENG,New Sale,Strata,Apartment,1.0,5.0,Outside Central Region,21,11,6,10,0,99,2019,97,2,0.020202020202020204,1,1,1,4,-0.5000000000000004,0.8660254037844384,2196719.74808721
THE CENTRIS,1237.86,JURONG WEST CENTRAL 3,Resale,Strata,Apartment,1.0,22.0,Outside Central Region,22,7,6,10,0,99,2006,83,16,0.16161616161616163,1,0,0,3,-0.4999999999999998,-0.8660254037844388,1546103.127364079
THE WATERGARDENS AT CANBERRA,678.13,CANBERRA DRIVE,New Sale,Strata,Apartment,1.0,27.0,Outside Central Region,21,8,1,5,0,99,2020,98,1,0.010101010101010102,1,0,0,3,-0.8660254037844384,-0.5000000000000004,1025801.9202816153
EIGHT COURTYARDS,914.94,CANBERRA DRIVE,Resale,Strata,Condominium,1.0,27.0,Outside Central Region,21,11,11,15,0,99,2010,88,11,0.1111111111111111,1,1,1,4,-0.5000000000000004,0.8660254037844384,956246.7461252571
LA FIESTA,753.48,SENGKANG SQUARE,Resale,Strata,Condominium,1.0,19.0,Outside Central Region,20,12,11,15,0,99,2012,91,8,0.08080808080808081,1,0,0,4,-2.4492935982947064e-16,1.0,950455.9698419913
SIMS MEADOWS,968.76,LORONG 33 GEYLANG,Resale,Strata,Apartment,1.0,14.0,Rest of Central Region,24,12,1,5,1,9999,0,9999,0,0.0,0,0,0,4,-2.4492935982947064e-16,1.0,1721159.6662566238
CENTRAL IMPERIAL,785.77,LORONG 14 GEYLANG,Resale,Strata,Apartment,1.0,14.0,Rest of Central Region,21,8,1,5,1,9999,0,9999,0,0.0,0,0,0,3,-0.8660254037844384,-0.5000000000000004,784007.5072998186
HIGH PARK RESIDENCES,667.37,FERNVALE ROAD,Resale,Strata,Apartment,1.0,28.0,Outside Central Region,24,1,11,15,0,99,2014,89,10,0.10101010101010101,1,0,0,1,0.49999999999999994,0.8660254037844387,1016315.1361811616
THE LAKESHORE,861.12,JURONG WEST STREET 41,Resale,Strata,Condominium,1.0,22.0,Outside Central Region,22,8,6,10,0,99,2002,79,20,0.20202020202020202,2,0,0,3,-0.8660254037844384,-0.5000000000000004,1108038.6861928792
HORIZON TOWERS,2378.84,LEONIE HILL ROAD,Resale,Strata,Condominium,1.0,9.0,Core Central Region,24,4,6,10,0,99,1979,54,45,0.45454545454545453,3,0,0,2,0.8660254037844387,-0.49999999999999983,4143264.72828643
SAVANNAH CONDOPARK,1733.0,SIMEI RISE,Resale,Strata,Condominium,1.0,18.0,Outside Central Region,24,10,1,5,0,99,2000,75,24,0.24242424242424243,2,1,0,4,-0.8660254037844386,0.5000000000000001,1868693.2013320988
MIDTOWN MODERN,1065.64,TAN QUEE LAN STREET,New Sale,Strata,Apartment,1.0,7.0,Core Central Region,21,3,26,30,0,99,2019,97,2,0.020202020202020204,1,0,0,1,1.0,6.123233995736766e-17,2936120.3171887114
THE BOTANY AT DAIRY FARM,1291.68,DAIRY FARM WALK,New Sale,Strata,Condominium,1.0,23.0,Outside Central Region,23,3,6,10,0,99,2022,98,1,0.010101010101010102,1,0,0,1,1.0,6.123233995736766e-17,2602414.207296706
D'NEST,936.47,PASIR RIS GROVE,Resale,Strata,Condominium,1.0,18.0,Outside Central Region,20,8,11,15,0,99,2010,89,10,0.10101010101010101,1,0,0,3,-0.8660254037844384,-0.5000000000000004,979966.3524261764
KI RESIDENCES AT BROOKVALE,1194.8,BROOKVALE DRIVE,New Sale,Strata,Condominium,1.0,21.0,Outside Central Region,20,12,6,10,0,999,1885,864,135,0.13513513513513514,1,0,0,4,-2.4492935982947064e-16,1.0,2113066.915666189
HILLINGTON GREEN,1528.49,HILLVIEW AVENUE,Resale,Strata,Condominium,1.0,23.0,Outside Central Region,24,1,6,10,0,999,1883,858,141,0.14114114114114115,1,0,0,1,0.49999999999999994,0.8660254037844387,2409463.9647644334
AMARYLLIS VILLE,958.0,NEWTON ROAD,Resale,Strata,Condominium,1.0,11.0,Core Central Region,21,4,1,5,0,99,1997,75,24,0.24242424242424243,2,0,0,2,0.8660254037844387,-0.49999999999999983,1625041.0128832955
PICCADILLY GRAND,710.42,NORTHUMBERLAND ROAD,New Sale,Strata,Apartment,1.0,8.0,Rest of Central Region,22,5,6,10,0,99,2021,98,1,0.010101010101010102,1,0,0,2,0.49999999999999994,-0.8660254037844387,1510754.3567631408
PARC CLEMATIS,1237.86,JALAN LEMPENG,New Sale,Strata,Apartment,1.0,5.0,Outside Central Region,20,10,6,10,0,99,2019,98,1,0.010101010101010102,1,1,0,4,-0.8660254037844386,0.5000000000000001,2057219.5635092969
SOUTHAVEN II,1044.11,HINDHEDE WALK,Resale,Strata,Condominium,1.0,21.0,Outside Central Region,21,1,1,5,0,999,1877,855,144,0.14414414414414414,1,0,0,1,0.49999999999999994,0.8660254037844387,1308245.1688179248
VACANZA @ EAST,1022.58,LENGKONG TUJOH,Resale,Strata,Condominium,1.0,14.0,Outside Central Region,22,3,6,10,1,9999,0,9999,0,0.0,0,0,0,1,1.0,6.123233995736766e-17,1307726.332751389
38 I SUITES,452.09,IPOH LANE,Resale,Strata,Apartment,1.0,15.0,Rest of Central Region,24,4,6,10,1,9999,0,9999,0,0.0,0,0,0,2,0.8660254037844387,-0.49999999999999983,800449.9569315268
RIVERFRONT RESIDENCES,1485.43,HOUGANG AVENUE 7,New Sale,Strata,Apartment,1.0,19.0,Outside Central Region,21,1,11,15,0,99,2018,96,3,0.030303030303030304,1,0,0,1,0.49999999999999994,0.8660254037844387,2026315.8444670236
MALVERN SPRINGS,979.52,ONAN ROAD,Resale,Strata,Condominium,1.0,15.0,Rest of Central Region,22,10,1,5,1,9999,0,9999,0,0.0,0,1,0,4,-0.8660254037844386,0.5000000000000001,1519347.4213973847
SEASIDE RESIDENCES,828.83,SIGLAP LINK,Sub Sale,Strata,Apartment,1.0,15.0,Outside Central Region,20,12,21,25,0,99,2016,95,4,0.04040404040404041,1,0,0,4,-2.4492935982947064e-16,1.0,1792676.3403684257
PARC CLEMATIS,1044.11,JALAN LEMPENG,New Sale,Strata,Apartment,1.0,5.0,Outside Central Region,20,10,1,5,0,99,2019,98,1,0.010101010101010102,1,1,0,4,-0.8660254037844386,0.5000000000000001,1688224.3891351142
BUKIT REGENCY,947.23,UPPER BUKIT TIMAH VIEW,Resale,Strata,Condominium,1.0,21.0,Rest of Central Region,23,6,1,5,1,9999,0,9999,0,0.0,0,0,0,2,1.2246467991473532e-16,-1.0,1565588.4008574444
ALEXIS,398.27,ALEXANDRA ROAD,Resale,Strata,Apartment,1.0,3.0,Rest of Central Region,23,12,1,5,1,9999,0,9999,0,0.0,0,0,0,4,-2.4492935982947064e-16,1.0,777014.5419465879
THE TAPESTRY,699.66,TAMPINES STREET 86,Sub Sale,Strata,Condominium,1.0,18.0,Outside Central Region,21,6,11,15,0,99,2017,95,4,0.04040404040404041,1,0,0,2,1.2246467991473532e-16,-1.0,1029436.2607751528
HILLHAVEN,678.13,HILLVIEW RISE,New Sale,Strata,Condominium,1.0,23.0,Outside Central Region,24,7,21,25,0,99,2023,98,1,0.010101010101010102,1,0,0,3,-0.4999999999999998,-0.8660254037844388,1487880.202042242
THE FLORENCE RESIDENCES,1011.82,HOUGANG AVENUE 2,New Sale,Strata,Apartment,1.0,19.0,Outside Central Region,20,9,1,5,0,99,2018,97,2,0.020202020202020204,1,0,0,3,-1.0,-1.8369701987210297e-16,1529348.4753584415
HILLSTA,1205.57,PHOENIX ROAD,Resale,Strata,Condominium,1.0,23.0,Outside Central Region,22,5,16,20,0,99,2011,88,11,0.1111111111111111,1,0,0,2,0.49999999999999994,-0.8660254037844387,1443424.7455474772
AMBER PARK,1302.44,AMBER GARDENS,New Sale,Strata,Condominium,1.0,15.0,Rest of Central Region,22,4,11,15,1,9999,0,9999,0,0.0,0,0,0,2,0.8660254037844387,-0.49999999999999983,3331398.1058108434
NOUVEL 18,2475.72,ANDERSON ROAD,Resale,Strata,Condominium,1.0,10.0,Core Central Region,22,5,16,20,1,9999,0,9999,0,0.0,0,0,0,2,0.49999999999999994,-0.8660254037844387,8193708.552885832
8 @ MOUNT SOPHIA,1033.34,MOUNT SOPHIA,Resale,Strata,Condominium,1.0,9.0,Core Central Region,22,4,1,5,0,103,2002,83,20,0.1941747572815534,1,0,0,2,0.8660254037844387,-0.49999999999999983,1675027.6669333247
CHATEAU LE FAME,1119.46,EWE BOON ROAD,Resale,Strata,Apartment,1.0,10.0,Core Central Region,24,8,1,5,1,9999,0,9999,0,0.0,0,0,0,3,-0.8660254037844384,-0.5000000000000004,2365502.1813338404
BLOSSOMS BY THE PARK,914.94,SLIM BARRACKS RISE,New Sale,Strata,Apartment,1.0,5.0,Rest of Central Region,23,10,21,25,0,99,2022,98,1,0.010101010101010102,1,1,0,4,-0.8660254037844386,0.5000000000000001,2285727.1415532543
LA FIESTA,828.83,SENGKANG SQUARE,Resale,Strata,Condominium,1.0,19.0,Outside Central Region,22,3,1,5,0,99,2012,89,10,0.10101010101010101,1,0,0,1,1.0,6.123233995736766e-17,1054718.7890536808
URBANA,1313.21,RIVER VALLEY CLOSE,Resale,Strata,Condominium,1.0,9.0,Core Central Region,21,8,31,35,1,9999,0,9999,0,0.0,0,0,0,3,-0.8660254037844384,-0.5000000000000004,2928818.627916995
NORMANTON PARK,667.37,NORMANTON PARK,New Sale,Strata,Apartment,1.0,5.0,Rest of Central Region,21,1,16,20,0,99,2019,97,2,0.020202020202020204,1,0,0,1,0.49999999999999994,0.8660254037844387,1202645.203565765
NORMANTON PARK,764.24,NORMANTON PARK,New Sale,Strata,Apartment,1.0,5.0,Rest of Central Region,21,1,6,10,0,99,2019,97,2,0.020202020202020204,1,0,0,1,0.49999999999999994,0.8660254037844387,1338033.0481950152
THE INFLORA,1033.34,FLORA DRIVE,Resale,Strata,Condominium,1.0,17.0,Outside Central Region,23,1,1,5,0,99,2012,88,11,0.1111111111111111,1,0,0,1,0.49999999999999994,0.8660254037844387,1181314.9769368614
BOATHOUSE RESIDENCES,1119.46,UPPER SERANGOON VIEW,Resale,Strata,Condominium,1.0,19.0,Outside Central Region,23,7,6,10,0,99,2011,87,12,0.12121212121212122,1,0,0,3,-0.4999999999999998,-0.8660254037844388,1453756.485623159
THE LINEAR,1313.21,UPPER BUKIT TIMAH ROAD,Resale,Strata,Apartment,1.0,23.0,Outside Central Region,21,2,1,5,0,999,1876,854,145,0.14514514514514515,1,0,0,1,0.8660254037844386,0.5000000000000001,1390576.225409317
THE FLORENCE RESIDENCES,1679.18,HOUGANG AVENUE 2,New Sale,Strata,Apartment,1.0,19.0,Outside Central Region,21,8,6,10,0,99,2018,96,3,0.030303030303030304,1,0,0,3,-0.8660254037844384,-0.5000000000000004,2543542.0994269806
GRAND DUNMAN,936.47,DUNMAN ROAD,New Sale,Strata,Apartment,1.0,15.0,Rest of Central Region,23,7,6,10,0,99,2022,98,1,0.010101010101010102,1,0,0,3,-0.4999999999999998,-0.8660254037844388,2308671.8072169893
TREE HOUSE,1560.78,CHESTNUT AVENUE,Resale,Strata,Condominium,1.0,23.0,Outside Central Region,21,9,16,20,0,99,2009,87,12,0.12121212121212122,1,0,0,3,-1.0,-1.8369701987210297e-16,1811665.3911944786
PARC ROSEWOOD,505.91,ROSEWOOD DRIVE,Resale,Strata,Condominium,1.0,25.0,Outside Central Region,22,3,1,5,0,99,2011,88,11,0.1111111111111111,1,0,0,1,1.0,6.123233995736766e-17,615241.8048831655
RITZ @ FARRER,592.02,RACE COURSE ROAD,Resale,Strata,Apartment,1.0,8.0,Rest of Central Region,24,4,1,5,1,9999,0,9999,0,0.0,0,0,0,2,0.8660254037844387,-0.49999999999999983,912046.252134104
PINETREE HILL,968.76,PINE GROVE,New Sale,Strata,Condominium,1.0,21.0,Rest of Central Region,23,9,1,5,0,99,2022,98,1,0.010101010101010102,1,0,0,3,-1.0,-1.8369701987210297e-16,2249833.1080783857
EIGHT RIVERSUITES,1216.33,WHAMPOA EAST,Resale,Strata,Condominium,1.0,12.0,Rest of Central Region,20,9,16,20,0,99,2011,90,9,0.09090909090909091,1,0,0,3,-1.0,-1.8369701987210297e-16,1529999.739019596
PARC OLYMPIA,495.14,FLORA DRIVE,Resale,Strata,Condominium,1.0,17.0,Outside Central Region,20,8,6,10,0,99,2012,91,8,0.08080808080808081,1,0,0,3,-0.8660254037844384,-0.5000000000000004,550125.2794853895
LENTOR MODERN,1108.69,LENTOR CENTRAL,New Sale,Strata,Apartment,1.0,26.0,Outside Central Region,22,9,6,10,0,99,2021,98,1,0.010101010101010102,1,0,0,3,-1.0,-1.8369701987210297e-16,2265361.1420395332
CARISSA PARK CONDOMINIUM,1323.97,FLORA DRIVE,Resale,Strata,Condominium,1.0,17.0,Outside Central Region,24,1,6,10,1,9999,0,9999,0,0.0,0,0,0,1,0.49999999999999994,0.8660254037844387,1599281.57067934
CHUAN PARK,699.66,LORONG CHUAN,New Sale,Strata,Condominium,1.0,19.0,Outside Central Region,24,11,16,20,0,99,2024,99,0,0.0,1,1,1,4,-0.5000000000000004,0.8660254037844384,1859477.2530685372
THE BOTANY AT DAIRY FARM,1076.4,DAIRY FARM WALK,New Sale,Strata,Condominium,1.0,23.0,Outside Central Region,24,5,1,5,0,99,2022,97,2,0.020202020202020204,1,0,0,2,0.49999999999999994,-0.8660254037844387,2229951.5479754545
REGENTVILLE,1151.75,HOUGANG STREET 92,Resale,Strata,Apartment,1.0,19.0,Outside Central Region,22,9,6,10,0,99,1996,73,26,0.26262626262626265,2,0,0,3,-1.0,-1.8369701987210297e-16,1100430.7985446234
RIVERBANK @ FERNVALE,947.23,FERNVALE CLOSE,Resale,Strata,Condominium,1.0,28.0,Outside Central Region,20,9,16,20,0,99,2013,92,7,0.0707070707070707,1,0,0,3,-1.0,-1.8369701987210297e-16,994554.5799704727
TREASURE AT TAMPINES,914.94,TAMPINES LANE,New Sale,Strata,Condominium,1.0,18.0,Outside Central Region,21,5,1,5,0,99,2018,96,3,0.030303030303030304,1,0,0,2,0.49999999999999994,-0.8660254037844387,1282510.6522313114
NEPTUNE COURT,1636.13,MARINE VISTA,Resale,Strata,Apartment,1.0,15.0,Outside Central Region,21,8,16,20,0,99,1975,53,46,0.46464646464646464,3,0,0,3,-0.8660254037844384,-0.5000000000000004,1602307.6667807463
SIMS RESIDENCES,1872.94,LORONG 39 GEYLANG,Resale,Strata,Apartment,1.0,14.0,Rest of Central Region,22,8,6,10,0,99,1997,74,25,0.25252525252525254,2,0,0,3,-0.8660254037844384,-0.5000000000000004,1694670.5931101472
LA FIESTA,731.95,SENGKANG SQUARE,Resale,Strata,Condominium,1.0,19.0,Outside Central Region,21,10,6,10,0,99,2012,90,9,0.09090909090909091,1,1,0,4,-0.8660254037844386,0.5000000000000001,954145.6831783311
URBAN VISTA,1097.93,TANAH MERAH KECHIL LINK,Resale,Strata,Condominium,1.0,16.0,Outside Central Region,22,3,6,10,0,99,2012,89,10,0.10101010101010101,1,0,0,1,1.0,6.123233995736766e-17,1382273.6599853858
RIVERFRONT RESIDENCES,871.88,HOUGANG AVENUE 7,New Sale,Strata,Apartment,1.0,19.0,Outside Central Region,21,3,16,20,0,99,2018,96,3,0.030303030303030304,1,0,0,1,1.0,6.123233995736766e-17,1261284.7762582644
PEAK RESIDENCE,828.83,THOMSON ROAD,New Sale,Strata,Condominium,1.0,11.0,Core Central Region,23,1,1,5,1,9999,0,9999,0,0.0,0,0,0,1,0.49999999999999994,0.8660254037844387,2055762.7738187134
THE INFLORA,742.72,FLORA DRIVE,Resale,Strata,Condominium,1.0,17.0,Outside Central Region,21,8,1,5,0,99,2012,90,9,0.09090909090909091,1,0,0,3,-0.8660254037844384,-0.5000000000000004,756517.2862801234
D'NEST,753.48,PASIR RIS GROVE,Resale,Strata,Condominium,1.0,18.0,Outside Central Region,22,6,1,5,0,99,2010,87,12,0.12121212121212122,1,0,0,2,1.2246467991473532e-16,-1.0,891819.3009473596
COCO PALMS,2066.69,PASIR RIS GROVE,Resale,Strata,Condominium,1.0,18.0,Outside Central Region,20,12,11,15,0,99,2008,87,12,0.12121212121212122,1,0,0,4,-2.4492935982947064e-16,1.0,2096070.0296787303
SOUTH BEACH RESIDENCES,1872.94,BEACH ROAD,Resale,Strata,Apartment,1.0,7.0,Core Central Region,21,12,26,30,0,99,2007,85,14,0.1414141414141414,1,0,0,4,-2.4492935982947064e-16,1.0,6069628.993010574
THE CENTRIO,979.52,IRRAWADDY ROAD,Resale,Strata,Apartment,1.0,12.0,Rest of Central Region,21,6,11,15,1,9999,0,9999,0,0.0,0,0,0,2,1.2246467991473532e-16,-1.0,1433545.6059914762
VIEW AT KISMIS,602.78,LORONG KISMIS,New Sale,Strata,Apartment,1.0,21.0,Rest of Central Region,21,2,1,5,0,99,2019,97,2,0.020202020202020204,1,0,0,1,0.8660254037844386,0.5000000000000001,1029831.7901162856
TREASURE AT TAMPINES,1323.97,TAMPINES LANE,Resale,Strata,Condominium,1.0,18.0,Outside Central Region,24,11,1,5,0,99,2018,93,6,0.06060606060606061,1,1,1,4,-0.5000000000000004,0.8660254037844384,2072311.5233107854
RAFFLESIA CONDOMINIUM,1194.8,BISHAN STREET 21,Resale,Strata,Condominium,1.0,20.0,Rest of Central Region,20,12,6,10,0,99,1997,76,23,0.23232323232323232,2,0,0,4,-2.4492935982947064e-16,1.0,1359527.109937191
THE GARDENS AT BISHAN,882.65,SIN MING WALK,Resale,Strata,Condominium,1.0,20.0,Rest of Central Region,22,2,11,15,0,99,1997,74,25,0.25252525252525254,2,0,0,1,0.8660254037844386,0.5000000000000001,1251631.1009676382
SELETAR SPRINGS CONDOMINIUM,979.52,GERALD DRIVE,Resale,Strata,Condominium,1.0,28.0,Outside Central Region,23,4,1,5,0,99,1997,73,26,0.26262626262626265,2,0,0,2,0.8660254037844387,-0.49999999999999983,940860.2734628665
WHISTLER GRAND,764.24,WEST COAST VALE,Sub Sale,Strata,Apartment,1.0,5.0,Outside Central Region,23,2,16,20,0,99,2018,94,5,0.050505050505050504,1,0,0,1,0.8660254037844386,0.5000000000000001,1349918.3991308569
MONT BOTANIK RESIDENCE,688.9,JALAN REMAJA,New Sale,Strata,Condominium,1.0,23.0,Outside Central Region,21,5,1,5,1,9999,0,9999,0,0.0,0,0,0,2,0.49999999999999994,-0.8660254037844387,1123621.2225764606
JADESCAPE,904.18,SHUNFU ROAD,New Sale,Strata,Condominium,1.0,20.0,Rest of Central Region,21,5,21,25,0,99,2018,96,3,0.030303030303030304,1,0,0,2,0.49999999999999994,-0.8660254037844387,1706262.0897402014
CASTLE GREEN,1410.08,YIO CHU KANG ROAD,Resale,Strata,Condominium,1.0,26.0,Outside Central Region,21,10,11,15,0,99,1993,71,28,0.2828282828282828,2,1,0,4,-0.8660254037844386,0.5000000000000001,1501969.7496857513
BLUE HORIZON,1162.51,WEST COAST CRESCENT,Resale,Strata,Condominium,1.0,5.0,Outside Central Region,21,5,6,10,0,99,2000,78,21,0.21212121212121213,2,0,0,2,0.49999999999999994,-0.8660254037844387,1233561.770587849
NORMANTON PARK,581.26,NORMANTON PARK,New Sale,Strata,Apartment,1.0,5.0,Rest of Central Region,21,9,16,20,0,99,2019,97,2,0.020202020202020204,1,0,0,3,-1.0,-1.8369701987210297e-16,1082194.68244792
ALEX RESIDENCES,473.62,ALEXANDRA VIEW,Resale,Strata,Apartment,1.0,3.0,Rest of Central Region,22,6,26,30,0,99,2013,90,9,0.09090909090909091,1,0,0,2,1.2246467991473532e-16,-1.0,971499.4416219466
JUNIPER HILL,1108.69,EWE BOON ROAD,New Sale,Strata,Apartment,1.0,10.0,Core Central Region,22,6,6,10,1,9999,0,9999,0,0.0,0,0,0,2,1.2246467991473532e-16,-1.0,3206357.8638849305
OLEANDER TOWERS,893.41,LORONG 1 TOA PAYOH,Resale,Strata,Apartment,1.0,12.0,Rest of Central Region,21,11,1,5,0,99,1995,73,26,0.26262626262626265,2,1,1,4,-0.5000000000000004,0.8660254037844384,1168065.0695916486
BLOSSOM VIEW,1011.82,LORONG 26 GEYLANG,Resale,Strata,Apartment,1.0,14.0,Rest of Central Region,20,11,1,5,1,9999,0,9999,0,0.0,0,1,1,4,-0.5000000000000004,0.8660254037844384,925177.6971088999
THE ARCADIA,3821.22,ARCADIA ROAD,Resale,Strata,Condominium,1.0,11.0,Core Central Region,22,11,1,5,0,99,1979,56,43,0.43434343434343436,3,1,1,4,-0.5000000000000004,0.8660254037844384,4304180.856398834
CLAVON,764.24,CLEMENTI AVENUE 1,New Sale,Strata,Apartment,1.0,5.0,Outside Central Region,20,12,36,40,0,99,2019,98,1,0.010101010101010102,1,0,0,4,-2.4492935982947064e-16,1.0,1304876.5624284602
CITY GATE,452.09,BEACH ROAD,Resale,Strata,Apartment,1.0,7.0,Rest of Central Region,22,5,6,10,0,99,2014,91,8,0.08080808080808081,1,0,0,2,0.49999999999999994,-0.8660254037844387,928377.8873280408
COMMONWEALTH TOWERS,484.38,COMMONWEALTH AVENUE,Resale,Strata,Condominium,1.0,3.0,Rest of Central Region,24,8,36,40,0,99,2013,88,11,0.1111111111111111,1,0,0,3,-0.8660254037844384,-0.5000000000000004,1039869.5928571166
PENROSE,1184.04,SIMS DRIVE,New Sale,Strata,Apartment,1.0,14.0,Rest of Central Region,21,8,16,20,0,99,2019,97,2,0.020202020202020204,1,0,0,3,-0.8660254037844384,-0.5000000000000004,1996469.82173899
SPACE @ KOVAN,1356.26,YIO CHU KANG ROAD,Resale,Strata,Apartment,1.0,19.0,Outside Central Region,20,8,1,5,1,9999,0,9999,0,0.0,0,0,0,3,-0.8660254037844384,-0.5000000000000004,1364705.6447292217
COASTAL BREEZE RESIDENCES,2368.08,LOYANG BESAR CLOSE,Resale,Strata,Condominium,1.0,17.0,Outside Central Region,23,12,1,5,0,99,2008,84,15,0.15151515151515152,1,0,0,4,-2.4492935982947064e-16,1.0,2106879.183665617
EIGHT COURTYARDS,1011.82,CANBERRA DRIVE,Resale,Strata,Condominium,1.0,27.0,Outside Central Region,22,9,11,15,0,99,2010,87,12,0.12121212121212122,1,0,0,3,-1.0,-1.8369701987210297e-16,1182753.0166479514
THE LINQ @ BEAUTY WORLD,796.54,UPPER BUKIT TIMAH ROAD,New Sale,Strata,Apartment,1.0,21.0,Rest of Central Region,20,11,16,20,1,9999,0,9999,0,0.0,0,1,1,4,-0.5000000000000004,0.8660254037844384,1701663.64060102
BOATHOUSE RESIDENCES,1076.4,UPPER SERANGOON VIEW,Resale,Strata,Condominium,1.0,19.0,Outside Central Region,22,3,1,5,0,99,2011,88,11,0.1111111111111111,1,0,0,1,1.0,6.123233995736766e-17,1190543.6259405361
THE TRILINQ,699.66,JALAN LEMPENG,Resale,Strata,Condominium,1.0,5.0,Outside Central Region,21,3,26,30,0,99,2012,90,9,0.09090909090909091,1,0,0,1,1.0,6.123233995736766e-17,1129985.710725796
AVENUE SOUTH RESIDENCE,656.6,SILAT AVENUE,New Sale,Strata,Apartment,1.0,3.0,Rest of Central Region,21,1,31,35,0,99,2018,96,3,0.030303030303030304,1,0,0,1,0.49999999999999994,0.8660254037844387,1459876.989565085
EMERALD OF KATONG,624.31,JALAN TEMBUSU,New Sale,Strata,Condominium,1.0,15.0,Rest of Central Region,24,11,1,5,0,99,2023,98,1,0.010101010101010102,1,1,1,4,-0.5000000000000004,0.8660254037844384,1628232.579182802
COUNTRY PARK CONDOMINIUM,1313.21,BEDOK ROAD,Resale,Strata,Condominium,1.0,16.0,Outside Central Region,21,12,1,5,1,9999,0,9999,0,0.0,0,0,0,4,-2.4492935982947064e-16,1.0,1806296.2032262888
THE SERENADE @ HOLLAND,1539.25,HOLLAND ROAD,Resale,Strata,Condominium,1.0,10.0,Core Central Region,21,3,11,15,0,99,2001,79,20,0.20202020202020202,2,0,0,1,1.0,6.123233995736766e-17,2484681.9537875056
THE NAUTICAL,764.24,JALAN SENDUDOK,Resale,Strata,Condominium,1.0,27.0,Outside Central Region,21,5,1,5,0,99,2011,89,10,0.10101010101010101,1,0,0,2,0.49999999999999994,-0.8660254037844387,793160.851643756
PARC CLEMATIS,1980.58,JALAN LEMPENG,New Sale,Strata,Apartment,1.0,5.0,Outside Central Region,21,9,21,25,0,99,2019,97,2,0.020202020202020204,1,0,0,3,-1.0,-1.8369701987210297e-16,3125510.666834676
THE FLORENCE RESIDENCES,484.38,HOUGANG AVENUE 2,New Sale,Strata,Apartment,1.0,19.0,Outside Central Region,21,4,16,20,0,99,2018,96,3,0.030303030303030304,1,0,0,2,0.8660254037844387,-0.49999999999999983,844432.3772182425
SUITES @ PAYA LEBAR,1388.56,UPPER PAYA LEBAR ROAD,Resale,Strata,Apartment,1.0,19.0,Outside Central Region,24,1,1,5,1,9999,0,9999,0,0.0,0,0,0,1,0.49999999999999994,0.8660254037844387,1657531.7932099474
TEMBUSU GRAND,1173.28,JALAN TEMBUSU,New Sale,Strata,Condominium,1.0,15.0,Rest of Central Region,23,4,6,10,0,99,2022,98,1,0.010101010101010102,1,0,0,2,0.8660254037844387,-0.49999999999999983,2778278.0689582746
DOUBLE BAY RESIDENCES,1367.03,SIMEI STREET 4,Resale,Strata,Condominium,1.0,18.0,Outside Central Region,21,3,1,5,0,99,2008,86,13,0.13131313131313133,1,0,0,1,1.0,6.123233995736766e-17,1375682.6685769404
URBAN RESIDENCES,1022.58,LORONG AH SOO,Resale,Strata,Apartment,1.0,19.0,Outside Central Region,21,3,1,5,1,9999,0,9999,0,0.0,0,0,0,1,1.0,6.123233995736766e-17,1175239.0564358158
SENGKANG GRAND RESIDENCES,764.24,COMPASSVALE BOW,New Sale,Strata,Apartment,1.0,19.0,Outside Central Region,21,8,1,5,0,99,2018,96,3,0.030303030303030304,1,0,0,3,-0.8660254037844384,-0.5000000000000004,1280720.7336712207
THE BOTANY AT DAIRY FARM,1033.34,DAIRY FARM WALK,New Sale,Strata,Condominium,1.0,23.0,Outside Central Region,24,1,1,5,0,99,2022,97,2,0.020202020202020204,1,0,0,1,0.49999999999999994,0.8660254037844387,2069192.983191358
THE RESERVE RESIDENCES,1323.97,JALAN ANAK BUKIT,New Sale,Strata,Apartment,1.0,21.0,Rest of Central Region,23,5,11,15,0,99,2021,97,2,0.020202020202020204,1,0,0,2,0.49999999999999994,-0.8660254037844387,3166904.199881502
THE CALYPSO,764.24,UPPER EAST COAST ROAD,Resale,Strata,Apartment,1.0,16.0,Outside Central Region,23,8,1,5,1,9999,0,9999,0,0.0,0,0,0,3,-0.8660254037844384,-0.5000000000000004,1191019.4631857285
NV RESIDENCES,904.18,PASIR RIS GROVE,Resale,Strata,Condominium,1.0,18.0,Outside Central Region,23,7,1,5,0,99,2008,84,15,0.15151515151515152,1,0,0,3,-0.4999999999999998,-0.8660254037844388,1073529.2548911455
THE MINTON,1754.53,HOUGANG STREET 11,Resale,Strata,Condominium,1.0,19.0,Outside Central Region,24,5,11,15,0,99,2007,82,17,0.1717171717171717,1,0,0,2,0.49999999999999994,-0.8660254037844387,2570807.357253609
THE GAZANIA,624.31,HOW SUN DRIVE,New Sale,Strata,Condominium,1.0,19.0,Outside Central Region,22,2,1,5,1,9999,0,9999,0,0.0,0,0,0,1,0.8660254037844386,0.5000000000000001,1387204.6490933052
LAKEVIEW ESTATE,1614.6,UPPER THOMSON ROAD,Resale,Strata,Apartment,1.0,20.0,Rest of Central Region,22,6,16,20,0,99,1977,54,45,0.45454545454545453,3,0,0,2,1.2246467991473532e-16,-1.0,1709814.4267407248
THE CASCADIA,1184.04,BUKIT TIMAH ROAD,Resale,Strata,Condominium,1.0,21.0,Rest of Central Region,20,12,1,5,1,9999,0,9999,0,0.0,0,0,0,4,-2.4492935982947064e-16,1.0,1995577.0302950914
SYMPHONY SUITES,688.9,YISHUN CLOSE,Resale,Strata,Condominium,1.0,27.0,Outside Central Region,21,12,11,15,0,99,2014,92,7,0.0707070707070707,1,0,0,4,-2.4492935982947064e-16,1.0,810295.2666555501
YISHUN EMERALD,1216.33,CANBERRA DRIVE,Resale,Strata,Condominium,1.0,27.0,Outside Central Region,24,2,6,10,0,99,1998,73,26,0.26262626262626265,2,0,0,1,0.8660254037844386,0.5000000000000001,1201410.842838659
THE GLYNDEBOURNE,1474.67,TREVOSE CRESCENT,Resale,Strata,Condominium,1.0,11.0,Core Central Region,21,12,1,5,1,9999,0,9999,0,0.0,0,0,0,4,-2.4492935982947064e-16,1.0,3033953.243235593
WATERVIEW,1323.97,TAMPINES AVENUE 1,Resale,Strata,Condominium,1.0,18.0,Outside Central Region,24,6,11,15,0,99,2010,85,14,0.1414141414141414,1,0,0,2,1.2246467991473532e-16,-1.0,1827174.1514458482
CHANGI RISE CONDOMINIUM,1259.39,SIMEI RISE,Resale,Strata,Condominium,1.0,18.0,Outside Central Region,21,5,6,10,0,99,2000,78,21,0.21212121212121213,2,0,0,2,0.49999999999999994,-0.8660254037844387,1095383.5595263164
HILLHAVEN,947.23,HILLVIEW RISE,New Sale,Strata,Condominium,1.0,23.0,Outside Central Region,24,6,11,15,0,99,2023,98,1,0.010101010101010102,1,0,0,2,1.2246467991473532e-16,-1.0,1989107.0127325247
THE RAINTREE,1334.74,BUKIT DRIVE,Resale,Strata,Condominium,1.0,21.0,Outside Central Region,21,1,6,10,0,99,2003,81,18,0.18181818181818182,1,0,0,1,0.49999999999999994,0.8660254037844387,1534632.1334400917
ARCHIPELAGO,527.44,BEDOK RESERVOIR ROAD,Resale,Strata,Condominium,1.0,16.0,Outside Central Region,21,3,1,5,0,99,2011,89,10,0.10101010101010101,1,0,0,1,1.0,6.123233995736766e-17,683525.907910345
THE CONTINUUM,947.23,THIAM SIEW AVENUE,New Sale,Strata,Apartment,1.0,15.0,Rest of Central Region,23,5,11,15,1,9999,0,9999,0,0.0,0,0,0,2,0.49999999999999994,-0.8660254037844387,2617067.21558586
PULLMAN RESIDENCES NEWTON,1280.92,DUNEARN ROAD,New Sale,Strata,Apartment,1.0,11.0,Core Central Region,22,8,6,10,1,9999,0,9999,0,0.0,0,0,0,3,-0.8660254037844384,-0.5000000000000004,3655195.3914385797
CORALS AT KEPPEL BAY,947.23,KEPPEL BAY DRIVE,Resale,Strata,Condominium,1.0,4.0,Rest of Central Region,23,8,1,5,0,99,2007,83,16,0.16161616161616163,1,0,0,3,-0.8660254037844384,-0.5000000000000004,1882950.721982192
CASA AL MARE,731.95,JALAN LOYANG BESAR,Sub Sale,Strata,Apartment,1.0,17.0,Outside Central Region,22,9,1,5,1,9999,0,9999,0,0.0,0,0,0,3,-1.0,-1.8369701987210297e-16,1176179.1361066976
QUEENS PEAK,430.56,DUNDEE ROAD,Resale,Strata,Condominium,1.0,3.0,Rest of Central Region,22,8,21,25,0,99,2015,92,7,0.0707070707070707,1,0,0,3,-0.8660254037844384,-0.5000000000000004,933942.7530237861
DUO RESIDENCES,936.47,FRASER STREET,Resale,Strata,Apartment,1.0,7.0,Core Central Region,21,10,16,20,0,99,2011,89,10,0.10101010101010101,1,1,0,4,-0.8660254037844386,0.5000000000000001,1859877.9454982376
PICCADILLY GRAND,645.84,NORTHUMBERLAND ROAD,New Sale,Strata,Apartment,1.0,8.0,Rest of Central Region,22,5,16,20,0,99,2021,98,1,0.010101010101010102,1,0,0,2,0.49999999999999994,-0.8660254037844387,1481050.178809393
TEMBUSU GRAND,990.29,JALAN TEMBUSU,New Sale,Strata,Condominium,1.0,15.0,Rest of Central Region,23,4,16,20,0,99,2022,98,1,0.010101010101010102,1,0,0,2,0.8660254037844387,-0.49999999999999983,2481361.427379227
NORWOOD GRAND,624.31,CHAMPIONS WAY,New Sale,Strata,Apartment,1.0,25.0,Outside Central Region,24,10,1,5,0,99,2023,98,1,0.010101010101010102,1,1,0,4,-0.8660254037844386,0.5000000000000001,1297941.255412367
COASTLINE RESIDENCES,1130.22,AMBER ROAD,New Sale,Strata,Apartment,1.0,15.0,Rest of Central Region,21,5,6,10,1,9999,0,9999,0,0.0,0,0,0,2,0.49999999999999994,-0.8660254037844387,2634830.7623579
VERDALE,731.95,DE SOUZA AVENUE,New Sale,Strata,Apartment,1.0,21.0,Rest of Central Region,20,9,1,5,0,99,2018,97,2,0.020202020202020204,1,0,0,3,-1.0,-1.8369701987210297e-16,1261488.2009390125
CARIBBEAN AT KEPPEL BAY,3207.67,KEPPEL BAY DRIVE,Resale,Strata,Condominium,1.0,4.0,Rest of Central Region,21,6,6,10,0,99,1999,77,22,0.2222222222222222,2,0,0,2,1.2246467991473532e-16,-1.0,3600308.6953447126
EVERGREEN PARK,1367.03,HOUGANG AVENUE 7,Resale,Strata,Apartment,1.0,19.0,Outside Central Region,21,11,1,5,0,99,1995,73,26,0.26262626262626265,2,1,1,4,-0.5000000000000004,0.8660254037844384,1113756.1273631658
AVENUE SOUTH RESIDENCE,731.95,SILAT AVENUE,New Sale,Strata,Apartment,1.0,3.0,Rest of Central Region,20,9,26,30,0,99,2018,97,2,0.020202020202020204,1,0,0,3,-1.0,-1.8369701987210297e-16,1529600.2474581108
AMO RESIDENCE,958.0,ANG MO KIO RISE,New Sale,Strata,Apartment,1.0,20.0,Outside Central Region,22,7,11,15,0,99,2021,98,1,0.010101010101010102,1,0,0,3,-0.4999999999999998,-0.8660254037844388,1985642.234401377
ONE BERNAM,828.83,BERNAM STREET,New Sale,Strata,Apartment,1.0,2.0,Core Central Region,22,3,6,10,0,99,2019,96,3,0.030303030303030304,1,0,0,1,1.0,6.123233995736766e-17,2070820.8713075172
PRINCIPAL GARDEN,785.77,PRINCE CHARLES CRESCENT,Resale,Strata,Condominium,1.0,3.0,Rest of Central Region,24,6,6,10,0,99,2014,89,10,0.10101010101010101,1,0,0,2,1.2246467991473532e-16,-1.0,1667893.8196456512
EMERALD OF KATONG,990.29,JALAN TEMBUSU,New Sale,Strata,Condominium,1.0,15.0,Rest of Central Region,24,11,6,10,0,99,2023,98,1,0.010101010101010102,1,1,1,4,-0.5000000000000004,0.8660254037844384,2601420.1537092435
THE QUARTZ,1065.64,COMPASSVALE BOW,Resale,Strata,Condominium,1.0,19.0,Outside Central Region,21,7,11,15,0,99,2005,83,16,0.16161616161616163,1,0,0,3,-0.4999999999999998,-0.8660254037844388,1253601.7027829972
BOULEVARD 88,2798.64,ORCHARD BOULEVARD,Sub Sale,Strata,Apartment,1.0,10.0,Core Central Region,22,12,21,25,1,9999,0,9999,0,0.0,0,0,0,4,-2.4492935982947064e-16,1.0,12749656.116464447
FLO RESIDENCE,1345.5,PUNGGOL FIELD WALK,Resale,Strata,Condominium,1.0,19.0,Outside Central Region,24,7,6,10,0,99,2011,86,13,0.13131313131313133,1,0,0,3,-0.4999999999999998,-0.8660254037844388,1776524.8025488527
MY MANHATTAN,559.73,SIMEI STREET 3,Resale,Strata,Condominium,1.0,18.0,Outside Central Region,21,3,11,15,0,99,2010,88,11,0.1111111111111111,1,0,0,1,1.0,6.123233995736766e-17,792155.7526761277
ALEX RESIDENCES,473.62,ALEXANDRA VIEW,Resale,Strata,Apartment,1.0,3.0,Rest of Central Region,24,8,11,15,0,99,2013,88,11,0.1111111111111111,1,0,0,3,-0.8660254037844384,-0.5000000000000004,992049.368486507
THE GARDEN RESIDENCES,1194.8,SERANGOON NORTH VIEW,New Sale,Strata,Apartment,1.0,19.0,Outside Central Region,20,8,6,10,0,99,2017,96,3,0.030303030303030304,1,0,0,3,-0.8660254037844384,-0.5000000000000004,1844856.858033042
CANNINGHILL PIERS,462.85,CLARKE QUAY,New Sale,Strata,Apartment,1.0,6.0,Rest of Central Region,21,11,26,30,0,99,2021,99,0,0.0,1,1,1,4,-0.5000000000000004,0.8660254037844384,1462021.5265554579
TWIN VEW,818.06,WEST COAST VALE,Resale,Strata,Apartment,1.0,5.0,Outside Central Region,24,4,21,25,0,99,2017,92,7,0.0707070707070707,1,0,0,2,0.8660254037844387,-0.49999999999999983,1470397.1194513508
TREASURE AT TAMPINES,1722.24,TAMPINES LANE,Sub Sale,Strata,Condominium,1.0,18.0,Outside Central Region,23,1,6,10,0,99,2018,94,5,0.050505050505050504,1,0,0,1,0.49999999999999994,0.8660254037844387,2741479.5187304574
ORCHID PARK CONDOMINIUM,979.52,YISHUN STREET 81,Resale,Strata,Condominium,1.0,27.0,Outside Central Region,24,12,1,5,0,99,1991,66,33,0.3333333333333333,2,0,0,4,-2.4492935982947064e-16,1.0,967850.2701849407
THE LINQ @ BEAUTY WORLD,1345.5,UPPER BUKIT TIMAH ROAD,New Sale,Strata,Apartment,1.0,21.0,Rest of Central Region,20,11,11,15,1,9999,0,9999,0,0.0,0,1,1,4,-0.5000000000000004,0.8660254037844384,2704938.341671822
CAVENDISH PARK,958.0,PINE GROVE,Resale,Strata,Condominium,1.0,21.0,Rest of Central Region,22,7,11,15,0,99,1991,68,31,0.31313131313131315,2,0,0,3,-0.4999999999999998,-0.8660254037844388,1501438.5837230966
THE WOODGROVE,893.41,WOODGROVE DRIVE,Resale,Strata,Apartment,1.0,25.0,Outside Central Region,23,4,1,5,0,99,1996,72,27,0.2727272727272727,2,0,0,2,0.8660254037844387,-0.49999999999999983,890058.3584850131
THE ESSENCE,699.66,CHONG KUO ROAD,New Sale,Strata,Apartment,1.0,26.0,Outside Central Region,21,1,1,5,0,99,2018,96,3,0.030303030303030304,1,0,0,1,0.49999999999999994,0.8660254037844387,1000203.9390636596
REGENCY PARK,3649.0,NATHAN ROAD,Resale,Strata,Condominium,1.0,10.0,Core Central Region,21,2,16,20,1,9999,0,9999,0,0.0,0,0,0,1,0.8660254037844386,0.5000000000000001,6576443.679331279
THE CENTRIS,1302.44,JURONG WEST CENTRAL 3,Resale,Strata,Apartment,1.0,22.0,Outside Central Region,24,10,11,15,0,99,2006,81,18,0.18181818181818182,1,1,0,4,-0.8660254037844386,0.5000000000000001,2020108.0595603697
19 NASSIM,828.83,NASSIM HILL,New Sale,Strata,Apartment,1.0,10.0,Core Central Region,24,8,6,10,0,99,2019,94,5,0.050505050505050504,1,0,0,3,-0.8660254037844384,-0.5000000000000004,2740090.631624145
TREASURES@G6,409.03,LORONG 6 GEYLANG,Resale,Strata,Apartment,1.0,14.0,Rest of Central Region,22,2,6,10,1,9999,0,9999,0,0.0,0,0,0,1,0.8660254037844386,0.5000000000000001,575657.227064674
PARC CLEMATIS,721.19,JALAN LEMPENG,New Sale,Strata,Apartment,1.0,5.0,Outside Central Region,20,12,1,5,0,99,2019,98,1,0.010101010101010102,1,0,0,4,-2.4492935982947064e-16,1.0,1152897.064026964
HILLION RESIDENCES,473.62,JELEBU ROAD,Resale,Strata,Apartment,1.0,23.0,Outside Central Region,21,11,6,10,0,99,2013,91,8,0.08080808080808081,1,1,1,4,-0.5000000000000004,0.8660254037844384,711225.9679735274
THE COMMODORE,462.85,CANBERRA DRIVE,New Sale,Strata,Condominium,1.0,27.0,Outside Central Region,22,1,1,5,0,99,2020,97,2,0.020202020202020204,1,0,0,1,0.49999999999999994,0.8660254037844387,724847.8711434273
THE MAYFAIR,1227.1,JURONG EAST STREET 32,Resale,Strata,Condominium,1.0,22.0,Outside Central Region,21,11,1,5,0,99,1996,74,25,0.25252525252525254,2,1,1,4,-0.5000000000000004,0.8660254037844384,1110786.2075960794
CLYDES RESIDENCE,548.96,MERGUI ROAD,Resale,Strata,Apartment,1.0,8.0,Rest of Central Region,21,10,1,5,1,9999,0,9999,0,0.0,0,1,0,4,-0.8660254037844386,0.5000000000000001,786720.958158639
SCOTTS SQUARE,947.23,SCOTTS ROAD,Resale,Strata,Apartment,1.0,9.0,Core Central Region,24,7,31,35,1,9999,0,9999,0,0.0,0,0,0,3,-0.4999999999999998,-0.8660254037844388,3160364.1189407487
LAGOON VIEW,1646.89,MARINE PARADE ROAD,Resale,Strata,Apartment,1.0,15.0,Outside Central Region,23,10,11,15,0,99,1977,53,46,0.46464646464646464,3,1,0,4,-0.8660254037844386,0.5000000000000001,2013256.974449069
PALM GROVE CONDOMINIUM,1625.36,PALM GROVE AVENUE,Resale,Strata,Condominium,1.0,19.0,Outside Central Region,21,7,1,5,0,999,1878,856,143,0.14314314314314314,1,0,0,3,-0.4999999999999998,-0.8660254037844388,1946785.6868234
NAVA GROVE,1722.24,PINE GROVE,New Sale,Strata,Condominium,1.0,21.0,Rest of Central Region,24,11,6,10,0,99,2024,99,0,0.0,1,1,1,4,-0.5000000000000004,0.8660254037844384,4060466.387687329
THE RESERVE RESIDENCES,613.55,JALAN ANAK BUKIT,New Sale,Strata,Apartment,1.0,21.0,Rest of Central Region,23,5,6,10,0,99,2021,97,2,0.020202020202020204,1,0,0,2,0.49999999999999994,-0.8660254037844387,1453597.575714291
LEEDON GREEN,613.55,LEEDON HEIGHTS,New Sale,Strata,Condominium,1.0,10.0,Core Central Region,22,11,11,15,1,9999,0,9999,0,0.0,0,1,1,4,-0.5000000000000004,0.8660254037844384,1755739.9258609791
PASIR RIS 8,1463.9,PASIR RIS DRIVE 8,New Sale,Strata,Apartment,1.0,18.0,Outside Central Region,21,7,6,10,0,99,2021,99,0,0.0,1,0,0,3,-0.4999999999999998,-0.8660254037844388,2289265.2569087655
PARC ROSEWOOD,430.56,ROSEWOOD DRIVE,Resale,Strata,Condominium,1.0,25.0,Outside Central Region,21,3,1,5,0,99,2011,89,10,0.10101010101010101,1,0,0,1,1.0,6.123233995736766e-17,513521.8613134065
TREE HOUSE,1227.1,CHESTNUT AVENUE,Resale,Strata,Condominium,1.0,23.0,Outside Central Region,24,1,1,5,0,99,2009,84,15,0.15151515151515152,1,0,0,1,0.49999999999999994,0.8660254037844387,1675960.7613090796
GRAND DUNMAN,1291.68,DUNMAN ROAD,New Sale,Strata,Apartment,1.0,15.0,Rest of Central Region,24,12,11,15,0,99,2022,97,2,0.020202020202020204,1,0,0,4,-2.4492935982947064e-16,1.0,3373412.7469512727
THE ANCHORAGE,1506.96,ALEXANDRA ROAD,Resale,Strata,Condominium,1.0,3.0,Rest of Central Region,21,11,6,10,1,9999,0,9999,0,0.0,0,1,1,4,-0.5000000000000004,0.8660254037844384,2577533.924950272
THE SEAFRONT ON MEYER,1614.6,MEYER ROAD,Resale,Strata,Condominium,1.0,15.0,Rest of Central Region,20,10,6,10,1,9999,0,9999,0,0.0,0,1,0,4,-0.8660254037844386,0.5000000000000001,2764446.3549823537
NYON,818.06,AMBER ROAD,New Sale,Strata,Apartment,1.0,15.0,Rest of Central Region,21,2,16,20,1,9999,0,9999,0,0.0,0,0,0,1,0.8660254037844386,0.5000000000000001,1944613.2016484535
HILLVIEW GREEN,1280.92,HUME AVENUE,Resale,Strata,Condominium,1.0,21.0,Outside Central Region,24,12,1,5,0,999,1883,858,141,0.14114114114114115,1,0,0,4,-2.4492935982947064e-16,1.0,1899668.0412638714
THE CONTINUUM,1087.16,THIAM SIEW AVENUE,New Sale,Strata,Apartment,1.0,15.0,Rest of Central Region,24,11,6,10,1,9999,0,9999,0,0.0,0,1,1,4,-0.5000000000000004,0.8660254037844384,3083152.983571488
WATER PLACE,1216.33,TANJONG RHU ROAD,Resale,Strata,Condominium,1.0,15.0,Rest of Central Region,21,5,11,15,0,99,1998,76,23,0.23232323232323232,2,0,0,2,0.49999999999999994,-0.8660254037844387,1754869.413403023
JADESCAPE,1259.39,SHUNFU ROAD,New Sale,Strata,Condominium,1.0,20.0,Rest of Central Region,21,2,6,10,0,99,2018,96,3,0.030303030303030304,1,0,0,1,0.8660254037844386,0.5000000000000001,2282745.362679772
PALM GARDENS,1205.57,HONG SAN WALK,Resale,Strata,Condominium,1.0,23.0,Outside Central Region,21,9,16,20,0,99,1996,74,25,0.25252525252525254,2,0,0,3,-1.0,-1.8369701987210297e-16,993664.2315128748
TREASURE AT TAMPINES,1237.86,TAMPINES LANE,Resale,Strata,Condominium,1.0,18.0,Outside Central Region,24,8,1,5,0,99,2018,93,6,0.06060606060606061,1,0,0,3,-0.8660254037844384,-0.5000000000000004,1923836.203757671
GRAND DUNMAN,452.09,DUNMAN ROAD,New Sale,Strata,Apartment,1.0,15.0,Rest of Central Region,23,8,16,20,0,99,2022,98,1,0.010101010101010102,1,0,0,3,-0.8660254037844384,-0.5000000000000004,1251632.729416062
RIVIERE,818.06,JIAK KIM STREET,New Sale,Strata,Apartment,1.0,3.0,Rest of Central Region,22,4,16,20,0,99,2018,95,4,0.04040404040404041,1,0,0,2,0.8660254037844387,-0.49999999999999983,2315024.021582993
TIERRA VUE,1248.62,ST. PATRICK'S ROAD,Resale,Strata,Condominium,1.0,15.0,Outside Central Region,21,3,1,5,1,9999,0,9999,0,0.0,0,0,0,1,1.0,6.123233995736766e-17,2014257.672340182
PARK COLONIAL,505.91,WOODLEIGH LANE,New Sale,Strata,Condominium,1.0,13.0,Rest of Central Region,20,8,1,5,0,99,2017,96,3,0.030303030303030304,1,0,0,3,-0.8660254037844384,-0.5000000000000004,980441.265079973
THE RESERVE RESIDENCES,1474.67,JALAN ANAK BUKIT,New Sale,Strata,Apartment,1.0,21.0,Rest of Central Region,23,11,11,15,0,99,2021,97,2,0.020202020202020204,1,1,1,4,-0.5000000000000004,0.8660254037844384,3616168.4609488132
CASA ROSA,1130.22,LORONG ONG LYE,Resale,Strata,Condominium,1.0,19.0,Outside Central Region,21,6,1,5,0,99,1998,76,23,0.23232323232323232,2,0,0,2,1.2246467991473532e-16,-1.0,1180370.7781209988
KINGSFORD WATERBAY,850.36,UPPER SERANGOON VIEW,Resale,Strata,Apartment,1.0,19.0,Outside Central Region,22,10,6,10,0,99,2014,91,8,0.08080808080808081,1,1,0,4,-0.8660254037844386,0.5000000000000001,1100856.6336536596
WESTCOVE CONDOMINIUM,1162.51,WEST COAST CRESCENT,Resale,Strata,Condominium,1.0,5.0,Outside Central Region,24,3,1,5,0,99,1995,70,29,0.29292929292929293,2,0,0,1,1.0,6.123233995736766e-17,1342571.0267662047
CLAVON,527.44,CLEMENTI AVENUE 1,New Sale,Strata,Apartment,1.0,5.0,Outside Central Region,20,12,36,40,0,99,2019,98,1,0.010101010101010102,1,0,0,4,-2.4492935982947064e-16,1.0,948815.3087820909
CITY GATE,807.3,BEACH ROAD,Resale,Strata,Apartment,1.0,7.0,Rest of Central Region,23,3,6,10,0,99,2014,90,9,0.09090909090909091,1,0,0,1,1.0,6.123233995736766e-17,1455467.7906253634
COMMONWEALTH TOWERS,1054.87,COMMONWEALTH AVENUE,Resale,Strata,Condominium,1.0,3.0,Rest of Central Region,21,2,41,45,0,99,2013,91,8,0.08080808080808081,1,0,0,1,0.8660254037844386,0.5000000000000001,1940311.6630521475
THE COLLECTIVE AT ONE SOPHIA,430.56,SOPHIA ROAD,New Sale,Strata,Apartment,1.0,9.0,Core Central Region,24,11,16,20,0,99,2023,98,1,0.010101010101010102,1,1,1,4,-0.5000000000000004,0.8660254037844384,1223962.0581500076
EMERALD OF KATONG,882.65,JALAN TEMBUSU,New Sale,Strata,Condominium,1.0,15.0,Rest of Central Region,24,11,11,15,0,99,2023,98,1,0.010101010101010102,1,1,1,4,-0.5000000000000004,0.8660254037844384,2293570.165642467
URBAN LOFTS,430.56,RANGOON ROAD,Resale,Strata,Apartment,1.0,8.0,Rest of Central Region,21,6,1,5,1,9999,0,9999,0,0.0,0,0,0,2,1.2246467991473532e-16,-1.0,625236.0421059421
LA FLEUR,441.32,LORONG 26 GEYLANG,Resale,Strata,Apartment,1.0,14.0,Rest of Central Region,24,10,1,5,1,9999,0,9999,0,0.0,0,1,0,4,-0.8660254037844386,0.5000000000000001,691622.5554895418
SCOTTS SQUARE,624.31,SCOTTS ROAD,Resale,Strata,Apartment,1.0,9.0,Core Central Region,22,9,41,45,1,9999,0,9999,0,0.0,0,0,0,3,-1.0,-1.8369701987210297e-16,2374766.777061586
PARC CLEMATIS,893.41,JALAN LEMPENG,New Sale,Strata,Apartment,1.0,5.0,Outside Central Region,21,12,21,25,0,99,2019,97,2,0.020202020202020204,1,0,0,4,-2.4492935982947064e-16,1.0,1582079.1912221482
PARKVIEW APARTMENTS,1119.46,BUKIT BATOK STREET 25,Resale,Strata,Apartment,1.0,23.0,Outside Central Region,22,10,6,10,0,99,1994,71,28,0.2828282828282828,2,1,0,4,-0.8660254037844386,0.5000000000000001,974084.6488686533
GUILIN VIEW,1259.39,BUKIT BATOK STREET 52,Resale,Strata,Condominium,1.0,23.0,Outside Central Region,21,8,26,30,0,99,1996,74,25,0.25252525252525254,2,0,0,3,-0.8660254037844384,-0.5000000000000004,1244622.7535659564
RIVERFRONT RESIDENCES,871.88,HOUGANG AVENUE 7,New Sale,Strata,Apartment,1.0,19.0,Outside Central Region,21,3,11,15,0,99,2018,96,3,0.030303030303030304,1,0,0,1,1.0,6.123233995736766e-17,1276490.8800083718
LAGOON VIEW,1646.89,MARINE PARADE ROAD,Resale,Strata,Apartment,1.0,15.0,Outside Central Region,23,3,21,25,0,99,1977,53,46,0.46464646464646464,3,0,0,1,1.0,6.123233995736766e-17,1952933.6153405535
HEDGES PARK CONDOMINIUM,871.88,FLORA DRIVE,Resale,Strata,Condominium,1.0,17.0,Outside Central Region,21,10,6,10,0,99,2010,88,11,0.1111111111111111,1,1,0,4,-0.8660254037844386,0.5000000000000001,880610.4842264795
THE LINC,1140.98,LINCOLN ROAD,Resale,Strata,Apartment,1.0,11.0,Core Central Region,23,8,1,5,1,9999,0,9999,0,0.0,0,0,0,3,-0.8660254037844384,-0.5000000000000004,2312017.9346377016
CRESCENDO PARK,1711.48,JALAN TUA KONG,Resale,Strata,Condominium,1.0,15.0,Outside Central Region,21,9,1,5,1,9999,0,9999,0,0.0,0,0,0,3,-1.0,-1.8369701987210297e-16,1893869.0041370154
MARTIN MODERN,1399.32,MARTIN PLACE,Sub Sale,Strata,Condominium,1.0,9.0,Core Central Region,21,8,21,25,0,99,2016,94,5,0.050505050505050504,1,0,0,3,-0.8660254037844384,-0.5000000000000004,3852721.3504261854
GUILLEMARD VIEW,1162.51,GUILLEMARD ROAD,Resale,Strata,Apartment,1.0,14.0,Rest of Central Region,21,1,1,5,1,9999,0,9999,0,0.0,0,0,0,1,0.49999999999999994,0.8660254037844387,1186408.1198730816
RIO VISTA,2152.8,UPPER SERANGOON VIEW,Resale,Strata,Condominium,1.0,19.0,Outside Central Region,21,8,16,20,0,99,2001,79,20,0.20202020202020202,2,0,0,3,-0.8660254037844384,-0.5000000000000004,1828863.056561517
TREASURE AT TAMPINES,1334.74,TAMPINES LANE,New Sale,Strata,Condominium,1.0,18.0,Outside Central Region,21,7,6,10,0,99,2018,96,3,0.030303030303030304,1,0,0,3,-0.4999999999999998,-0.8660254037844388,1892743.755270333
QUESTA @ DUNMAN,1571.54,DUNMAN ROAD,Resale,Strata,Apartment,1.0,15.0,Rest of Central Region,24,12,11,15,1,9999,0,9999,0,0.0,0,0,0,4,-2.4492935982947064e-16,1.0,2130753.6282568392
STRATUM,441.32,ELIAS ROAD,Resale,Strata,Condominium,1.0,18.0,Outside Central Region,23,1,1,5,0,99,2012,88,11,0.1111111111111111,1,0,0,1,0.49999999999999994,0.8660254037844387,628642.6847306605
MEYER BLUE,667.37,MEYER ROAD,New Sale,Strata,Apartment,1.0,15.0,Rest of Central Region,24,10,11,15,1,9999,0,9999,0,0.0,0,1,0,4,-0.8660254037844386,0.5000000000000001,2170218.203376472
THE TAPESTRY,473.62,TAMPINES STREET 86,Resale,Strata,Condominium,1.0,18.0,Outside Central Region,23,2,11,15,0,99,2017,93,6,0.06060606060606061,1,0,0,1,0.8660254037844386,0.5000000000000001,775871.6635198958
TREASURE AT TAMPINES,914.94,TAMPINES LANE,New Sale,Strata,Condominium,1.0,18.0,Outside Central Region,21,5,6,10,0,99,2018,96,3,0.030303030303030304,1,0,0,2,0.49999999999999994,-0.8660254037844387,1303167.4250643763
PARC ESTA,742.72,SIMS AVENUE,Sub Sale,Strata,Apartment,1.0,14.0,Rest of Central Region,22,11,1,5,0,99,2018,95,4,0.04040404040404041,1,1,1,4,-0.5000000000000004,0.8660254037844384,1546196.4012728776
THE CONTINUUM,667.37,THIAM SIEW AVENUE,New Sale,Strata,Apartment,1.0,15.0,Rest of Central Region,23,7,11,15,1,9999,0,9999,0,0.0,0,0,0,3,-0.4999999999999998,-0.8660254037844388,1854068.5085098569
ROYALGREEN,990.29,ANAMALAI AVENUE,New Sale,Strata,Condominium,1.0,10.0,Core Central Region,22,7,1,5,1,9999,0,9999,0,0.0,0,0,0,3,-0.4999999999999998,-0.8660254037844388,2901497.185736532
ORCHID PARK CONDOMINIUM,979.52,YISHUN STREET 81,Resale,Strata,Condominium,1.0,27.0,Outside Central Region,20,11,6,10,0,99,1991,70,29,0.29292929292929293,2,1,1,4,-0.5000000000000004,0.8660254037844384,735496.7779964483
BARTLEY VUE,1356.26,JALAN BUNGA RAMPAI,New Sale,Strata,Apartment,1.0,19.0,Rest of Central Region,22,7,11,15,0,99,2020,97,2,0.020202020202020204,1,0,0,3,-0.4999999999999998,-0.8660254037844388,2537349.6447973684
CARIBBEAN AT KEPPEL BAY,1216.33,KEPPEL BAY DRIVE,Resale,Strata,Condominium,1.0,4.0,Rest of Central Region,21,1,6,10,0,99,1999,77,22,0.2222222222222222,2,0,0,1,0.49999999999999994,0.8660254037844387,1898287.1992246353
RIVIERE,818.06,JIAK KIM STREET,New Sale,Strata,Apartment,1.0,3.0,Rest of Central Region,22,4,26,30,0,99,2018,95,4,0.04040404040404041,1,0,0,2,0.8660254037844387,-0.49999999999999983,2390200.785318195
ROSEWOOD,1173.28,ROSEWOOD DRIVE,Resale,Strata,Condominium,1.0,25.0,Outside Central Region,21,3,11,15,0,99,2000,78,21,0.21212121212121213,2,0,0,1,1.0,6.123233995736766e-17,861615.6862442342
PARC VERA,785.77,HOUGANG STREET 32,Resale,Strata,Condominium,1.0,19.0,Outside Central Region,21,4,11,15,0,99,2010,88,11,0.1111111111111111,1,0,0,2,0.8660254037844387,-0.49999999999999983,889741.2102767272
HYLL ON HOLLAND,1054.87,HOLLAND ROAD,New Sale,Strata,Condominium,1.0,10.0,Core Central Region,21,10,6,10,1,9999,0,9999,0,0.0,0,1,0,4,-0.8660254037844386,0.5000000000000001,2802577.0144424764
VERDALE,753.48,DE SOUZA AVENUE,New Sale,Strata,Apartment,1.0,21.0,Rest of Central Region,21,3,1,5,0,99,2018,96,3,0.030303030303030304,1,0,0,1,1.0,6.123233995736766e-17,1315431.9228509332
FORETT@BUKIT TIMAH,688.9,TOH TUCK ROAD,New Sale,Strata,Apartment,1.0,21.0,Rest of Central Region,21,11,1,5,1,9999,0,9999,0,0.0,0,1,1,4,-0.5000000000000004,0.8660254037844384,1496603.28435689
PARC BOTANNIA,968.76,FERNVALE STREET,Resale,Strata,Condominium,1.0,28.0,Outside Central Region,24,11,1,5,0,99,2016,91,8,0.08080808080808081,1,1,1,4,-0.5000000000000004,0.8660254037844384,1438066.6336833206
ASPEN HEIGHTS,1582.31,RIVER VALLEY ROAD,Resale,Strata,Condominium,1.0,9.0,Core Central Region,24,8,11,15,0,999,1841,816,183,0.1831831831831832,1,0,0,3,-0.8660254037844384,-0.5000000000000004,3557660.9870518916
COSTA DEL SOL,1474.67,BAYSHORE ROAD,Resale,Strata,Condominium,1.0,16.0,Outside Central Region,21,10,1,5,0,99,1997,75,24,0.24242424242424243,2,1,0,4,-0.8660254037844386,0.5000000000000001,2120441.60005835
SEASONS VIEW,968.76,PEMIMPIN DRIVE,Resale,Strata,Condominium,1.0,20.0,Rest of Central Region,21,8,1,5,0,99,1996,74,25,0.25252525252525254,2,0,0,3,-0.8660254037844384,-0.5000000000000004,1146083.2750512147
VACANZA @ EAST,731.95,LENGKONG TUJOH,Resale,Strata,Condominium,1.0,14.0,Outside Central Region,23,11,6,10,1,9999,0,9999,0,0.0,0,1,1,4,-0.5000000000000004,0.8660254037844384,1107139.0074878542
THE SAIL @ MARINA BAY,1313.21,MARINA BOULEVARD,Resale,Strata,Apartment,1.0,1.0,Core Central Region,21,9,41,45,0,99,2002,80,19,0.1919191919191919,1,0,0,3,-1.0,-1.8369701987210297e-16,2249199.4595647585
JADESCAPE,527.44,SHUNFU ROAD,New Sale,Strata,Condominium,1.0,20.0,Rest of Central Region,21,10,16,20,0,99,2018,96,3,0.030303030303030304,1,1,0,4,-0.8660254037844386,0.5000000000000001,1033525.2384000355
THE CENTRIS,1151.75,JURONG WEST CENTRAL 3,Resale,Strata,Apartment,1.0,22.0,Outside Central Region,20,12,11,15,0,99,2006,85,14,0.1414141414141414,1,0,0,4,-2.4492935982947064e-16,1.0,1332378.6913234212
TROPIKA EAST,764.24,FOO KIM LIN ROAD,Resale,Strata,Condominium,1.0,14.0,Outside Central Region,22,9,1,5,1,9999,0,9999,0,0.0,0,0,0,3,-1.0,-1.8369701987210297e-16,1058755.5429392294
THE NAUTICAL,1119.46,JALAN SENDUDOK,Resale,Strata,Condominium,1.0,27.0,Outside Central Region,22,7,1,5,0,99,2011,88,11,0.1111111111111111,1,0,0,3,-0.4999999999999998,-0.8660254037844388,1225850.2770772052
REFLECTIONS AT KEPPEL BAY,1270.15,KEPPEL BAY VIEW,Resale,Strata,Condominium,1.0,4.0,Rest of Central Region,22,6,6,10,0,99,2006,83,16,0.16161616161616163,1,0,0,2,1.2246467991473532e-16,-1.0,2159160.957734092
ASPEN LOFT,1313.21,JOO CHIAT TERRACE,Resale,Strata,Apartment,1.0,15.0,Rest of Central Region,21,2,1,5,1,9999,0,9999,0,0.0,0,0,0,1,0.8660254037844386,0.5000000000000001,1472043.5207346396
HIGH OAK CONDOMINIUM,1151.75,TOH TUCK ROAD,Resale,Strata,Condominium,1.0,21.0,Rest of Central Region,20,9,1,5,0,99,1996,75,24,0.24242424242424243,2,0,0,3,-1.0,-1.8369701987210297e-16,1290401.031065946
CASTLE GREEN,947.23,YIO CHU KANG ROAD,Resale,Strata,Condominium,1.0,26.0,Outside Central Region,23,12,1,5,0,99,1993,69,30,0.30303030303030304,2,0,0,4,-2.4492935982947064e-16,1.0,1092762.1930428303
PULLMAN RESIDENCES NEWTON,1280.92,DUNEARN ROAD,New Sale,Strata,Apartment,1.0,11.0,Core Central Region,21,4,1,5,1,9999,0,9999,0,0.0,0,0,0,2,0.8660254037844387,-0.49999999999999983,3400583.5018306496
D'LEEDON,635.08,LEEDON HEIGHTS,Resale,Strata,Condominium,1.0,10.0,Core Central Region,22,2,21,25,0,99,2010,87,12,0.12121212121212122,1,0,0,1,0.8660254037844386,0.5000000000000001,1153005.2686689924
SPOTTISWOODE 18,387.5,SPOTTISWOODE PARK ROAD,Resale,Strata,Apartment,1.0,2.0,Rest of Central Region,21,9,16,20,1,9999,0,9999,0,0.0,0,0,0,3,-1.0,-1.8369701987210297e-16,890021.686405468
SEASTRAND,1216.33,PASIR RIS LINK,Resale,Strata,Condominium,1.0,18.0,Outside Central Region,22,7,1,5,0,99,2011,88,11,0.1111111111111111,1,0,0,3,-0.4999999999999998,-0.8660254037844388,1328667.0130388853
PENROSE,1054.87,SIMS DRIVE,Sub Sale,Strata,Apartment,1.0,14.0,Rest of Central Region,24,11,16,20,0,99,2019,94,5,0.050505050505050504,1,1,1,4,-0.5000000000000004,0.8660254037844384,2177147.7946344763
DAHLIA PARK CONDOMINIUM,1280.92,FLORA DRIVE,Resale,Strata,Condominium,1.0,17.0,Outside Central Region,24,6,1,5,1,9999,0,9999,0,0.0,0,0,0,2,1.2246467991473532e-16,-1.0,1493263.7113640276
URBAN TREASURES,635.08,JALAN EUNOS,New Sale,Strata,Condominium,1.0,14.0,Outside Central Region,21,8,11,15,1,9999,0,9999,0,0.0,0,0,0,3,-0.8660254037844384,-0.5000000000000004,1261366.01817732
VILLAGE TOWER,2615.65,MOUNT SINAI RISE,Resale,Strata,Condominium,1.0,10.0,Core Central Region,22,3,11,15,1,9999,0,9999,0,0.0,0,0,0,1,1.0,6.123233995736766e-17,4035844.5034792507
STIRLING RESIDENCES,441.32,STIRLING ROAD,New Sale,Strata,Apartment,1.0,3.0,Rest of Central Region,21,1,26,30,0,99,2017,95,4,0.04040404040404041,1,0,0,1,0.49999999999999994,0.8660254037844387,995521.2329790996
THE TROPICA,990.29,TAMPINES AVENUE 1,Resale,Strata,Condominium,1.0,18.0,Outside Central Region,21,4,1,5,0,99,1996,74,25,0.25252525252525254,2,0,0,2,0.8660254037844387,-0.49999999999999983,901430.8152348102
FYVE DERBYSHIRE,936.47,DERBYSHIRE ROAD,New Sale,Strata,Apartment,1.0,11.0,Core Central Region,20,11,6,10,1,9999,0,9999,0,0.0,0,1,1,4,-0.5000000000000004,0.8660254037844384,2181043.5185778276
THE NAUTICAL,828.83,JALAN SENDUDOK,Resale,Strata,Condominium,1.0,27.0,Outside Central Region,22,10,1,5,0,99,2011,88,11,0.1111111111111111,1,1,0,4,-0.8660254037844386,0.5000000000000001,965820.3381883953
PALM OASIS,742.72,LORONG H TELOK KURAU,Resale,Strata,Apartment,1.0,15.0,Outside Central Region,21,7,1,5,1,9999,0,9999,0,0.0,0,0,0,3,-0.4999999999999998,-0.8660254037844388,1004486.8169785079
PARC VISTA,1248.62,CORPORATION ROAD,Resale,Strata,Condominium,1.0,22.0,Outside Central Region,24,1,1,5,0,99,1995,70,29,0.29292929292929293,2,0,0,1,0.49999999999999994,0.8660254037844387,1368939.3484706343
THOMSON GRAND,1668.42,SIN MING WALK,Resale,Strata,Condominium,1.0,20.0,Rest of Central Region,21,11,11,15,0,99,2010,88,11,0.1111111111111111,1,1,1,4,-0.5000000000000004,0.8660254037844384,2423579.8327644407
THE EBONY,333.68,LORONG MARICAN,Resale,Strata,Apartment,1.0,14.0,Outside Central Region,21,2,1,5,1,9999,0,9999,0,0.0,0,0,0,1,0.8660254037844386,0.5000000000000001,533466.294282172
RIS GRANDEUR,1108.69,ELIAS ROAD,Resale,Strata,Condominium,1.0,18.0,Outside Central Region,22,4,11,15,1,9999,0,9999,0,0.0,0,0,0,2,0.8660254037844387,-0.49999999999999983,1343152.9248116054
J'DEN,721.19,JURONG EAST CENTRAL 1,New Sale,Strata,Apartment,1.0,22.0,Outside Central Region,23,11,6,10,0,99,2023,99,0,0.0,1,1,1,4,-0.5000000000000004,0.8660254037844384,1744805.3610659894
HIGH PARK RESIDENCES,1367.03,FERNVALE ROAD,Resale,Strata,Apartment,1.0,28.0,Outside Central Region,23,4,16,20,0,99,2014,90,9,0.09090909090909091,1,0,0,2,0.8660254037844387,-0.49999999999999983,2097293.8695953223
MEYER BLUE,667.37,MEYER ROAD,New Sale,Strata,Apartment,1.0,15.0,Rest of Central Region,24,10,21,25,1,9999,0,9999,0,0.0,0,1,0,4,-0.8660254037844386,0.5000000000000001,2291618.758992379
VILLA MARINA,1130.22,JALAN SEMPADAN,Resale,Strata,Condominium,1.0,15.0,Outside Central Region,24,1,1,5,0,99,1995,70,29,0.29292929292929293,2,0,0,1,0.49999999999999994,0.8660254037844387,1635163.5398049585
THE WATERGARDENS AT CANBERRA,1302.44,CANBERRA DRIVE,New Sale,Strata,Apartment,1.0,27.0,Outside Central Region,21,8,1,5,0,99,2020,98,1,0.010101010101010102,1,0,0,3,-0.8660254037844384,-0.5000000000000004,1842992.1907265636
ECO,775.01,BEDOK SOUTH AVENUE 3,Resale,Strata,Condominium,1.0,16.0,Outside Central Region,21,3,1,5,0,99,2012,90,9,0.09090909090909091,1,0,0,1,1.0,6.123233995736766e-17,923236.2566958072
LENTOR MODERN,678.13,LENTOR CENTRAL,New Sale,Strata,Apartment,1.0,26.0,Outside Central Region,22,9,11,15,0,99,2021,98,1,0.010101010101010102,1,0,0,3,-1.0,-1.8369701987210297e-16,1454061.6752773372
THE GARDEN RESIDENCES,785.77,SERANGOON NORTH VIEW,New Sale,Strata,Apartment,1.0,19.0,Outside Central Region,20,8,11,15,0,99,2017,96,3,0.030303030303030304,1,0,0,3,-0.8660254037844384,-0.5000000000000004,1247098.986027687
BAYSHORE PARK,936.47,BAYSHORE ROAD,Resale,Strata,Condominium,1.0,16.0,Outside Central Region,22,2,1,5,0,99,1982,59,40,0.40404040404040403,3,0,0,1,0.8660254037844386,0.5000000000000001,1007512.5980219183
TRIBECA,570.49,KIM SENG ROAD,Resale,Strata,Condominium,1.0,9.0,Core Central Region,24,11,26,30,1,9999,0,9999,0,0.0,0,1,1,4,-0.5000000000000004,0.8660254037844384,1353444.9526314454
SUNGLADE,1173.28,SERANGOON AVENUE 2,Resale,Strata,Condominium,1.0,19.0,Outside Central Region,21,3,6,10,0,99,2000,78,21,0.21212121212121213,2,0,0,1,1.0,6.123233995736766e-17,1363530.873181521
SEASTRAND,570.49,PASIR RIS LINK,Resale,Strata,Condominium,1.0,18.0,Outside Central Region,20,10,1,5,0,99,2011,90,9,0.09090909090909091,1,1,0,4,-0.8660254037844386,0.5000000000000001,595791.4938801538
THE PALETTE,871.88,PASIR RIS GROVE,Resale,Strata,Condominium,1.0,18.0,Outside Central Region,21,11,1,5,0,99,2010,88,11,0.1111111111111111,1,1,1,4,-0.5000000000000004,0.8660254037844384,951354.4150368855
ASCENTIA SKY,958.0,ALEXANDRA VIEW,Resale,Strata,Condominium,1.0,3.0,Rest of Central Region,22,6,26,30,0,99,2008,85,14,0.1414141414141414,1,0,0,2,1.2246467991473532e-16,-1.0,1640128.595820435
RIVERFRONT RESIDENCES,462.85,HOUGANG AVENUE 7,Sub Sale,Strata,Apartment,1.0,19.0,Outside Central Region,22,3,11,15,0,99,2018,95,4,0.04040404040404041,1,0,0,1,1.0,6.123233995736766e-17,709990.4434288858
THE BAYSHORE,947.23,BAYSHORE ROAD,Resale,Strata,Condominium,1.0,16.0,Outside Central Region,24,8,16,20,0,99,1993,68,31,0.31313131313131315,2,0,0,3,-0.8660254037844384,-0.5000000000000004,1262333.8435428913
ASPEN HEIGHTS,1334.74,RIVER VALLEY ROAD,Resale,Strata,Condominium,1.0,9.0,Core Central Region,23,5,1,5,0,999,1841,817,182,0.18218218218218218,1,0,0,2,0.49999999999999994,-0.8660254037844387,2733189.0069465293
CENTRAL VIEW,1259.39,HOUGANG STREET 11,Resale,Strata,Condominium,1.0,19.0,Outside Central Region,23,2,1,5,0,99,1998,74,25,0.25252525252525254,2,0,0,1,0.8660254037844386,0.5000000000000001,1531387.9349831312
SOMMERVILLE PARK,1302.44,FARRER DRIVE,Resale,Strata,Condominium,1.0,10.0,Core Central Region,21,7,11,15,1,9999,0,9999,0,0.0,0,0,0,3,-0.4999999999999998,-0.8660254037844388,2557445.6953827986
NIN RESIDENCE,527.44,PHENG GECK AVENUE,Resale,Strata,Apartment,1.0,13.0,Rest of Central Region,21,12,16,20,0,99,2010,88,11,0.1111111111111111,1,0,0,4,-2.4492935982947064e-16,1.0,801791.2150261418
KOVAN MELODY,904.18,KOVAN ROAD,Resale,Strata,Condominium,1.0,19.0,Outside Central Region,23,3,11,15,0,99,2004,80,19,0.1919191919191919,1,0,0,1,1.0,6.123233995736766e-17,1433010.0219835483
CITY GATE,688.9,BEACH ROAD,Resale,Strata,Apartment,1.0,7.0,Rest of Central Region,24,10,21,25,0,99,2014,89,10,0.10101010101010101,1,1,0,4,-0.8660254037844386,0.5000000000000001,1509424.1231407428
ARTRA,785.77,ALEXANDRA VIEW,Sub Sale,Strata,Apartment,1.0,3.0,Rest of Central Region,21,2,6,10,0,99,2016,94,5,0.050505050505050504,1,0,0,1,0.8660254037844386,0.5000000000000001,1490149.945364226
THE ARCADY AT BOON KENG,968.76,SAINT BARNABAS LANE,New Sale,Strata,Apartment,1.0,12.0,Rest of Central Region,24,3,16,20,1,9999,0,9999,0,0.0,0,0,0,1,1.0,6.123233995736766e-17,2342021.788449475
TREASURE AT TAMPINES,678.13,TAMPINES LANE,Sub Sale,Strata,Condominium,1.0,18.0,Outside Central Region,23,10,11,15,0,99,2018,94,5,0.050505050505050504,1,1,0,4,-0.8660254037844386,0.5000000000000001,1162842.3936005065
EMERALD OF KATONG,1474.67,JALAN TEMBUSU,New Sale,Strata,Condominium,1.0,15.0,Rest of Central Region,24,11,1,5,0,99,2023,98,1,0.010101010101010102,1,1,1,4,-0.5000000000000004,0.8660254037844384,3500429.3375946195
ONE AMBER,1700.71,AMBER GARDENS,Resale,Strata,Condominium,1.0,15.0,Rest of Central Region,22,4,11,15,1,9999,0,9999,0,0.0,0,0,0,2,0.8660254037844387,-0.49999999999999983,3188348.859121405
THE ALPS RESIDENCES,462.85,TAMPINES STREET 86,Sub Sale,Strata,Condominium,1.0,18.0,Outside Central Region,21,7,1,5,0,99,2015,93,6,0.06060606060606061,1,0,0,3,-0.4999999999999998,-0.8660254037844388,625569.080784245
448@EAST COAST,441.32,EAST COAST ROAD,Resale,Strata,Apartment,1.0,15.0,Outside Central Region,21,11,1,5,1,9999,0,9999,0,0.0,0,1,1,4,-0.5000000000000004,0.8660254037844384,702189.026504541
PASIR RIS 8,775.01,PASIR RIS DRIVE 8,New Sale,Strata,Apartment,1.0,18.0,Outside Central Region,21,7,6,10,0,99,2021,99,0,0.0,1,0,0,3,-0.4999999999999998,-0.8660254037844388,1268811.2124332567
STRATFORD COURT,1345.5,BEDOK RIA CRESCENT,Resale,Strata,Condominium,1.0,16.0,Outside Central Region,23,4,1,5,0,99,1995,71,28,0.2828282828282828,2,0,0,2,0.8660254037844387,-0.49999999999999983,1442028.0912599652
CANNINGHILL PIERS,484.38,CLARKE QUAY,New Sale,Strata,Apartment,1.0,6.0,Rest of Central Region,21,11,41,45,0,99,2021,99,0,0.0,1,1,1,4,-0.5000000000000004,0.8660254037844384,1560735.4346518512
CUBE 8,893.41,THOMSON ROAD,Resale,Strata,Condominium,1.0,11.0,Core Central Region,24,9,6,10,1,9999,0,9999,0,0.0,0,0,0,3,-1.0,-1.8369701987210297e-16,1693629.8842823836
WATERFRONT ISLE,581.26,BEDOK RESERVOIR ROAD,Resale,Strata,Condominium,1.0,16.0,Outside Central Region,21,1,1,5,0,99,2009,87,12,0.12121212121212122,1,0,0,1,0.49999999999999994,0.8660254037844387,741443.881358579
EMERALD OF KATONG,484.38,JALAN TEMBUSU,New Sale,Strata,Condominium,1.0,15.0,Rest of Central Region,24,11,11,15,0,99,2023,98,1,0.010101010101010102,1,1,1,4,-0.5000000000000004,0.8660254037844384,1362700.786538352
BARTLEY RIDGE,462.85,MOUNT VERNON ROAD,Resale,Strata,Condominium,1.0,13.0,Rest of Central Region,24,10,16,20,0,99,2012,87,12,0.12121212121212122,1,1,0,4,-0.8660254037844386,0.5000000000000001,866283.8121226563
8 SAINT THOMAS,1140.98,ST. THOMAS WALK,Resale,Strata,Condominium,1.0,9.0,Core Central Region,21,5,6,10,1,9999,0,9999,0,0.0,0,0,0,2,0.49999999999999994,-0.8660254037844387,2932601.651975148
RIVIERE,1506.96,JIAK KIM STREET,New Sale,Strata,Apartment,1.0,3.0,Rest of Central Region,23,3,26,30,0,99,2018,94,5,0.050505050505050504,1,0,0,1,1.0,6.123233995736766e-17,4653596.274487214
ONE AMBER,1453.14,AMBER GARDENS,Resale,Strata,Condominium,1.0,15.0,Rest of Central Region,21,2,16,20,1,9999,0,9999,0,0.0,0,0,0,1,0.8660254037844386,0.5000000000000001,2542153.402868328
FLORAVILLE,688.9,CACTUS ROAD,Resale,Strata,Apartment,1.0,28.0,Outside Central Region,24,4,1,5,1,9999,0,9999,0,0.0,0,0,0,2,0.8660254037844387,-0.49999999999999983,1064357.0507048417
JUNIPER HILL,699.66,EWE BOON ROAD,New Sale,Strata,Apartment,1.0,10.0,Core Central Region,22,2,6,10,1,9999,0,9999,0,0.0,0,0,0,1,0.8660254037844386,0.5000000000000001,1997508.6263480969
FULCRUM,678.13,FORT ROAD,Resale,Strata,Condominium,1.0,15.0,Rest of Central Region,24,1,1,5,1,9999,0,9999,0,0.0,0,0,0,1,0.49999999999999994,0.8660254037844387,1272778.6065084722
KINGSFORD WATERBAY,473.62,UPPER SERANGOON VIEW,Resale,Strata,Apartment,1.0,19.0,Outside Central Region,21,1,6,10,0,99,2014,92,7,0.0707070707070707,1,0,0,1,0.49999999999999994,0.8660254037844387,604301.5205349658
RIVER ISLES,1227.1,EDGEDALE PLAINS,Resale,Strata,Condominium,1.0,19.0,Outside Central Region,21,2,11,15,0,99,2012,90,9,0.09090909090909091,1,0,0,1,0.8660254037844386,0.5000000000000001,1184979.0349251195
BARTLEY VUE,1356.26,JALAN BUNGA RAMPAI,New Sale,Strata,Apartment,1.0,19.0,Rest of Central Region,23,10,6,10,0,99,2020,96,3,0.030303030303030304,1,1,0,4,-0.8660254037844386,0.5000000000000001,2571325.946225576
CASHEW HEIGHTS CONDOMINIUM,1657.66,CASHEW ROAD,Resale,Strata,Condominium,1.0,23.0,Outside Central Region,23,2,1,5,0,999,1882,858,141,0.14114114114114115,1,0,0,1,0.8660254037844386,0.5000000000000001,2334811.935306002
KEMBANGAN SUITES,559.73,JALAN MASJID,Resale,Strata,Apartment,1.0,14.0,Outside Central Region,22,3,1,5,1,9999,0,9999,0,0.0,0,0,0,1,1.0,6.123233995736766e-17,831993.3432716716
LEEDON GREEN,710.42,LEEDON HEIGHTS,New Sale,Strata,Condominium,1.0,10.0,Core Central Region,22,4,6,10,1,9999,0,9999,0,0.0,0,0,0,2,0.8660254037844387,-0.49999999999999983,1945743.2913887857
ESTILO,581.26,WILKIE ROAD,Resale,Strata,Apartment,1.0,9.0,Core Central Region,24,11,1,5,1,9999,0,9999,0,0.0,0,1,1,4,-0.5000000000000004,0.8660254037844384,1100744.0023305968
MI CASA,1291.68,CHOA CHU KANG AVENUE 3,Resale,Strata,Condominium,1.0,23.0,Outside Central Region,20,8,1,5,0,99,2008,87,12,0.12121212121212122,1,0,0,3,-0.8660254037844384,-0.5000000000000004,1106407.4998797306
PARC CLEMATIS,1044.11,JALAN LEMPENG,Sub Sale,Strata,Apartment,1.0,5.0,Outside Central Region,22,11,11,15,0,99,2019,96,3,0.030303030303030304,1,1,1,4,-0.5000000000000004,0.8660254037844384,2015481.3008748277
THOMSON GROVE,1485.43,YIO CHU KANG ROAD,Resale,Strata,Condominium,1.0,26.0,Outside Central Region,24,2,6,10,1,9999,0,9999,0,0.0,0,0,0,1,0.8660254037844386,0.5000000000000001,2323958.982536381
Q BAY RESIDENCES,1119.46,TAMPINES STREET 86,Resale,Strata,Condominium,1.0,18.0,Outside Central Region,22,4,1,5,0,99,2012,89,10,0.10101010101010101,1,0,0,2,0.8660254037844387,-0.49999999999999983,1345873.6434715767
HILLS TWOONE,570.49,HILLVIEW TERRACE,Resale,Strata,Apartment,1.0,23.0,Outside Central Region,24,10,1,5,1,9999,0,9999,0,0.0,0,1,0,4,-0.8660254037844386,0.5000000000000001,890396.9743242804
CARISSA PARK CONDOMINIUM,1323.97,FLORA DRIVE,Resale,Strata,Condominium,1.0,17.0,Outside Central Region,21,1,1,5,1,9999,0,9999,0,0.0,0,0,0,1,0.49999999999999994,0.8660254037844387,1186315.1918228066
SYMPHONY SUITES,796.54,YISHUN CLOSE,Resale,Strata,Condominium,1.0,27.0,Outside Central Region,22,5,1,5,0,99,2014,91,8,0.08080808080808081,1,0,0,2,0.49999999999999994,-0.8660254037844387,885674.253406951
SELANTING GREEN,1302.44,JALAN SELANTING,Resale,Strata,Apartment,1.0,21.0,Rest of Central Region,24,6,1,5,1,9999,0,9999,0,0.0,0,0,0,2,1.2246467991473532e-16,-1.0,1978944.2871520554
SILVERSEA,1485.43,MARINE PARADE ROAD,Resale,Strata,Condominium,1.0,15.0,Rest of Central Region,24,1,6,10,0,99,2007,82,17,0.1717171717171717,1,0,0,1,0.49999999999999994,0.8660254037844387,3269023.7818584368
FERRARIA PARK CONDOMINIUM,1022.58,FLORA DRIVE,Resale,Strata,Condominium,1.0,17.0,Outside Central Region,24,7,1,5,1,9999,0,9999,0,0.0,0,0,0,3,-0.4999999999999998,-0.8660254037844388,1246361.222052461
DAIRY FARM RESIDENCES,710.42,DAIRY FARM LANE,New Sale,Strata,Apartment,1.0,23.0,Outside Central Region,21,11,11,15,0,99,2018,96,3,0.030303030303030304,1,1,1,4,-0.5000000000000004,0.8660254037844384,1242686.6036215199
MARINA BAY RESIDENCES,1065.64,MARINA BOULEVARD,Resale,Strata,Condominium,1.0,1.0,Core Central Region,24,8,31,35,0,99,2005,80,19,0.1919191919191919,1,0,0,3,-0.8660254037844384,-0.5000000000000004,2362828.750090326
SIGNATURE PARK,1054.87,TOH TUCK ROAD,Resale,Strata,Condominium,1.0,21.0,Rest of Central Region,21,5,6,10,1,9999,0,9999,0,0.0,0,0,0,2,0.49999999999999994,-0.8660254037844387,1433965.739713228
TEMBUSU GRAND,1399.32,JALAN TEMBUSU,New Sale,Strata,Condominium,1.0,15.0,Rest of Central Region,24,11,16,20,0,99,2022,97,2,0.020202020202020204,1,1,1,4,-0.5000000000000004,0.8660254037844384,3493032.5404186747
THE AVENIR,2055.92,RIVER VALLEY CLOSE,New Sale,Strata,Condominium,1.0,9.0,Core Central Region,21,8,6,10,1,9999,0,9999,0,0.0,0,0,0,3,-0.8660254037844384,-0.5000000000000004,6282495.325458164
ONE MEYER,613.55,MEYER PLACE,New Sale,Strata,Apartment,1.0,15.0,Rest of Central Region,21,8,1,5,1,9999,0,9999,0,0.0,0,0,0,3,-0.8660254037844384,-0.5000000000000004,1469009.7593186155
KOVAN REGENCY,979.52,KOVAN RISE,Resale,Strata,Condominium,1.0,19.0,Outside Central Region,22,5,11,15,0,99,2012,89,10,0.10101010101010101,1,0,0,2,0.49999999999999994,-0.8660254037844387,1451074.8629555544
PALM ISLES,990.29,FLORA DRIVE,Resale,Strata,Condominium,1.0,17.0,Outside Central Region,24,10,1,5,0,99,2011,86,13,0.13131313131313133,1,1,0,4,-0.8660254037844386,0.5000000000000001,1211539.6758003996
KINGSFORD . HILLVIEW PEAK,516.67,HILLVIEW RISE,Resale,Strata,Condominium,1.0,23.0,Outside Central Region,21,3,1,5,0,99,2012,90,9,0.09090909090909091,1,0,0,1,1.0,6.123233995736766e-17,657610.8804975644
EMERALD OF KATONG,688.9,JALAN TEMBUSU,New Sale,Strata,Condominium,1.0,15.0,Rest of Central Region,24,11,6,10,0,99,2023,98,1,0.010101010101010102,1,1,1,4,-0.5000000000000004,0.8660254037844384,1803345.4411094238
THE CRISTALLO,624.31,LORONG K TELOK KURAU,Resale,Strata,Apartment,1.0,15.0,Outside Central Region,22,4,1,5,1,9999,0,9999,0,0.0,0,0,0,2,0.8660254037844387,-0.49999999999999983,861359.5364478859
THE GARDEN RESIDENCES,452.09,SERANGOON NORTH VIEW,Sub Sale,Strata,Apartment,1.0,19.0,Outside Central Region,21,12,6,10,0,99,2017,95,4,0.04040404040404041,1,0,0,4,-2.4492935982947064e-16,1.0,763560.5622644892
WATERTOWN,602.78,PUNGGOL CENTRAL,Resale,Strata,Apartment,1.0,19.0,Outside Central Region,22,8,6,10,0,99,2011,88,11,0.1111111111111111,1,0,0,3,-0.8660254037844384,-0.5000000000000004,912564.0873082365
OASIS GARDEN,947.23,JALAN BUNGA RAMPAI,Resale,Strata,Condominium,1.0,19.0,Rest of Central Region,23,11,11,15,1,9999,0,9999,0,0.0,0,1,1,4,-0.5000000000000004,0.8660254037844384,1691051.5472295263
THE RESERVE RESIDENCES,1044.11,JALAN ANAK BUKIT,New Sale,Strata,Apartment,1.0,21.0,Rest of Central Region,23,5,11,15,0,99,2021,97,2,0.020202020202020204,1,0,0,2,0.49999999999999994,-0.8660254037844387,2526981.615130887
EUPHONY GARDENS,1453.14,JALAN MATA AYER,Resale,Strata,Condominium,1.0,27.0,Outside Central Region,21,1,1,5,0,99,1998,76,23,0.23232323232323232,2,0,0,1,0.49999999999999994,0.8660254037844387,1064371.5335007107
NORMANTON PARK,527.44,NORMANTON PARK,New Sale,Strata,Apartment,1.0,5.0,Rest of Central Region,21,7,16,20,0,99,2019,97,2,0.020202020202020204,1,0,0,3,-0.4999999999999998,-0.8660254037844388,987370.5778048467
NOUVEL 18,2475.72,ANDERSON ROAD,Resale,Strata,Condominium,1.0,10.0,Core Central Region,22,11,1,5,1,9999,0,9999,0,0.0,0,1,1,4,-0.5000000000000004,0.8660254037844384,7820337.371176009
THE MYST,699.66,UPPER BUKIT TIMAH ROAD,New Sale,Strata,Condominium,1.0,23.0,Outside Central Region,24,5,21,25,0,99,2023,98,1,0.010101010101010102,1,0,0,2,0.49999999999999994,-0.8660254037844387,1608263.3560324218
IRWELL HILL RESIDENCES,495.14,IRWELL HILL,New Sale,Strata,Apartment,1.0,9.0,Core Central Region,21,4,16,20,0,99,2020,98,1,0.010101010101010102,1,0,0,2,0.8660254037844387,-0.49999999999999983,1331354.3979621767
HILLVIEW REGENCY,1119.46,BUKIT BATOK EAST AVENUE 2,Resale,Strata,Condominium,1.0,23.0,Outside Central Region,23,6,11,15,0,99,2000,76,23,0.23232323232323232,2,0,0,2,1.2246467991473532e-16,-1.0,1280515.3069999001
GRANDEUR PARK RESIDENCES,893.41,BEDOK SOUTH AVENUE 3,Resale,Strata,Condominium,1.0,16.0,Outside Central Region,21,12,11,15,0,99,2016,94,5,0.050505050505050504,1,0,0,4,-2.4492935982947064e-16,1.0,1304421.1852124906
FABER CREST,1259.39,FABER HEIGHTS,Resale,Strata,Condominium,1.0,5.0,Outside Central Region,24,12,1,5,0,99,1996,71,28,0.2828282828282828,2,0,0,4,-2.4492935982947064e-16,1.0,1586453.9202811362
AFFINITY AT SERANGOON,1582.31,SERANGOON NORTH AVENUE 1,New Sale,Strata,Apartment,1.0,19.0,Outside Central Region,21,12,11,15,0,99,2018,96,3,0.030303030303030304,1,0,0,4,-2.4492935982947064e-16,1.0,2581550.988190804
THE FLORENCE RESIDENCES,871.88,HOUGANG AVENUE 2,New Sale,Strata,Apartment,1.0,19.0,Outside Central Region,21,7,16,20,0,99,2018,96,3,0.030303030303030304,1,0,0,3,-0.4999999999999998,-0.8660254037844388,1371104.8854042524
TEMBUSU GRAND,990.29,JALAN TEMBUSU,New Sale,Strata,Condominium,1.0,15.0,Rest of Central Region,24,2,1,5,0,99,2022,97,2,0.020202020202020204,1,0,0,1,0.8660254037844386,0.5000000000000001,2464329.7013598
KI RESIDENCES AT BROOKVALE,753.48,BROOKVALE DRIVE,New Sale,Strata,Condominium,1.0,21.0,Outside Central Region,21,4,6,10,0,999,1885,863,136,0.13613613613613615,1,0,0,2,0.8660254037844387,-0.49999999999999983,1385711.494876527
21 RICHARDS,1044.11,RICHARDS AVENUE,Resale,Strata,Apartment,1.0,19.0,Outside Central Region,20,12,1,5,1,9999,0,9999,0,0.0,0,0,0,4,-2.4492935982947064e-16,1.0,1128516.020922584
KI RESIDENCES AT BROOKVALE,979.52,BROOKVALE DRIVE,New Sale,Strata,Condominium,1.0,21.0,Outside Central Region,22,2,6,10,0,999,1885,862,137,0.13713713713713713,1,0,0,1,0.8660254037844386,0.5000000000000001,1923542.4120129305
RIPPLE BAY,484.38,PASIR RIS LINK,Resale,Strata,Condominium,1.0,18.0,Outside Central Region,22,12,1,5,0,99,2011,88,11,0.1111111111111111,1,0,0,4,-2.4492935982947064e-16,1.0,656147.6914071284
J'DEN,850.36,JURONG EAST CENTRAL 1,New Sale,Strata,Apartment,1.0,22.0,Outside Central Region,23,11,6,10,0,99,2023,99,0,0.0,1,1,1,4,-0.5000000000000004,0.8660254037844384,2020503.078188565
NINETEEN SHELFORD ROAD,947.23,SHELFORD ROAD,Resale,Strata,Condominium,1.0,11.0,Core Central Region,22,3,1,5,1,9999,0,9999,0,0.0,0,0,0,1,1.0,6.123233995736766e-17,1708732.7350916052
MARTIN MODERN,1087.16,MARTIN PLACE,New Sale,Strata,Condominium,1.0,9.0,Core Central Region,21,8,26,30,0,99,2016,94,5,0.050505050505050504,1,0,0,3,-0.8660254037844384,-0.5000000000000004,3169442.19438831
EMERALD OF KATONG,645.84,JALAN TEMBUSU,New Sale,Strata,Condominium,1.0,15.0,Rest of Central Region,24,11,16,20,0,99,2023,98,1,0.010101010101010102,1,1,1,4,-0.5000000000000004,0.8660254037844384,1794847.5839254293
CLOVER BY THE PARK,1216.33,BISHAN STREET 25,Resale,Strata,Condominium,1.0,20.0,Rest of Central Region,22,7,1,5,0,99,2007,84,15,0.15151515151515152,1,0,0,3,-0.4999999999999998,-0.8660254037844388,1923297.175957031
THE COSMOPOLITAN,1399.32,KIM SENG ROAD,Resale,Strata,Condominium,1.0,9.0,Core Central Region,22,4,11,15,1,9999,0,9999,0,0.0,0,0,0,2,0.8660254037844387,-0.49999999999999983,3331065.7720259796
VUE 8 RESIDENCE,1345.5,PASIR RIS HEIGHTS,Resale,Strata,Condominium,1.0,18.0,Outside Central Region,24,4,11,15,0,99,2012,87,12,0.12121212121212122,1,0,0,2,0.8660254037844387,-0.49999999999999983,1932339.3764285177
THE BOTANY AT DAIRY FARM,1539.25,DAIRY FARM WALK,New Sale,Strata,Condominium,1.0,23.0,Outside Central Region,24,8,6,10,0,99,2022,97,2,0.020202020202020204,1,0,0,3,-0.8660254037844384,-0.5000000000000004,3044078.5226351363
RIVERSAILS,1108.69,UPPER SERANGOON CRESCENT,Resale,Strata,Condominium,1.0,19.0,Outside Central Region,20,12,11,15,0,99,2011,90,9,0.09090909090909091,1,0,0,4,-2.4492935982947064e-16,1.0,1174210.084317713
RIVERGATE,1550.02,ROBERTSON QUAY,Resale,Strata,Apartment,1.0,9.0,Core Central Region,22,5,16,20,1,9999,0,9999,0,0.0,0,0,0,2,0.49999999999999994,-0.8660254037844387,4029986.2133347527
THE MAKENA,1582.31,MEYER ROAD,Resale,Strata,Condominium,1.0,15.0,Rest of Central Region,24,12,1,5,1,9999,0,9999,0,0.0,0,0,0,4,-2.4492935982947064e-16,1.0,3029844.3947120006
SORA,936.47,YUAN CHING ROAD,New Sale,Strata,Apartment,1.0,22.0,Outside Central Region,24,12,6,10,0,99,2023,98,1,0.010101010101010102,1,0,0,4,-2.4492935982947064e-16,1.0,1909730.9366666083
THE FLORENCE RESIDENCES,635.08,HOUGANG AVENUE 2,New Sale,Strata,Apartment,1.0,19.0,Outside Central Region,22,3,16,20,0,99,2018,95,4,0.04040404040404041,1,0,0,1,1.0,6.123233995736766e-17,1181694.270176185
KI RESIDENCES AT BROOKVALE,936.47,BROOKVALE DRIVE,Sub Sale,Strata,Condominium,1.0,21.0,Outside Central Region,24,12,6,10,0,999,1885,860,139,0.13913913913913914,1,0,0,4,-2.4492935982947064e-16,1.0,2097976.4252839396
VILLA MARINA,1560.78,JALAN SEMPADAN,Resale,Strata,Condominium,1.0,15.0,Outside Central Region,21,7,1,5,0,99,1995,73,26,0.26262626262626265,2,0,0,3,-0.4999999999999998,-0.8660254037844388,1661981.9771685577
MARINA ONE RESIDENCES,742.72,MARINA WAY,Resale,Strata,Apartment,1.0,1.0,Core Central Region,21,12,26,30,0,99,2011,89,10,0.10101010101010101,1,0,0,4,-2.4492935982947064e-16,1.0,1775116.74130368
THE RESERVE RESIDENCES,613.55,JALAN ANAK BUKIT,New Sale,Strata,Apartment,1.0,21.0,Rest of Central Region,23,5,6,10,0,99,2021,97,2,0.020202020202020204,1,0,0,2,0.49999999999999994,-0.8660254037844387,1453597.575714291
TREASURE AT TAMPINES,678.13,TAMPINES LANE,New Sale,Strata,Condominium,1.0,18.0,Outside Central Region,20,9,6,10,0,99,2018,97,2,0.020202020202020204,1,0,0,3,-1.0,-1.8369701987210297e-16,970654.1028874882
KI RESIDENCES AT BROOKVALE,1377.79,BROOKVALE DRIVE,New Sale,Strata,Condominium,1.0,21.0,Outside Central Region,21,3,11,15,0,999,1885,863,136,0.13613613613613615,1,0,0,1,1.0,6.123233995736766e-17,2408630.4389825785
THE QUARTZ,1194.8,COMPASSVALE BOW,Resale,Strata,Condominium,1.0,19.0,Outside Central Region,21,4,16,20,0,99,2005,83,16,0.16161616161616163,1,0,0,2,0.8660254037844387,-0.49999999999999983,1335654.8992856878
REZI 24,516.67,LORONG 24 GEYLANG,New Sale,Strata,Apartment,1.0,14.0,Rest of Central Region,21,1,1,5,1,9999,0,9999,0,0.0,0,0,0,1,0.49999999999999994,0.8660254037844387,893298.955033691
GAMBIR RIDGE,925.7,GAMBIR WALK,Resale,Strata,Apartment,1.0,19.0,Outside Central Region,23,11,1,5,1,9999,0,9999,0,0.0,0,1,1,4,-0.5000000000000004,0.8660254037844384,1381343.9568363924
SKYSUITES17,365.98,JALAN RAJAH,Resale,Strata,Apartment,1.0,12.0,Rest of Central Region,23,2,21,25,1,9999,0,9999,0,0.0,0,0,0,1,0.8660254037844386,0.5000000000000001,694353.0236815612
COASTLINE RESIDENCES,710.42,AMBER ROAD,New Sale,Strata,Apartment,1.0,15.0,Rest of Central Region,21,7,1,5,1,9999,0,9999,0,0.0,0,0,0,3,-0.4999999999999998,-0.8660254037844388,1594750.6617923875
FOREST HILLS CONDOMINIUM,1194.8,TRANSIT ROAD,Resale,Strata,Condominium,1.0,26.0,Outside Central Region,21,2,1,5,0,99,2000,78,21,0.21212121212121213,2,0,0,1,0.8660254037844386,0.5000000000000001,1022879.0997430242
HIGHLINE RESIDENCES,1151.75,KIM TIAN ROAD,Resale,Strata,Condominium,1.0,3.0,Rest of Central Region,24,8,21,25,0,99,2013,88,11,0.1111111111111111,1,0,0,3,-0.8660254037844384,-0.5000000000000004,2662407.2588756685
THE GLADES,581.26,BEDOK RISE,Resale,Strata,Condominium,1.0,16.0,Outside Central Region,24,11,11,15,0,99,2013,88,11,0.1111111111111111,1,1,1,4,-0.5000000000000004,0.8660254037844384,1001348.1560004036
HILLINGTON GREEN,1356.26,HILLVIEW AVENUE,Resale,Strata,Condominium,1.0,23.0,Outside Central Region,20,8,6,10,0,999,1883,862,137,0.13713713713713713,1,0,0,3,-0.8660254037844384,-0.5000000000000004,1613658.1590232183
ECHELON,452.09,ALEXANDRA VIEW,Resale,Strata,Condominium,1.0,3.0,Rest of Central Region,22,3,41,45,0,99,2012,89,10,0.10101010101010101,1,0,0,1,1.0,6.123233995736766e-17,1021651.3058849383
WATERSCAPE AT CAVENAGH,592.02,CAVENAGH ROAD,Resale,Strata,Apartment,1.0,9.0,Core Central Region,24,4,1,5,1,9999,0,9999,0,0.0,0,0,0,2,0.8660254037844387,-0.49999999999999983,1249867.5241789785
SEAHILL,861.12,WEST COAST CRESCENT,Resale,Strata,Condominium,1.0,5.0,Outside Central Region,20,8,11,15,0,99,2011,90,9,0.09090909090909091,1,0,0,3,-0.8660254037844384,-0.5000000000000004,1082957.5114345935
8 SAINT THOMAS,1743.77,ST. THOMAS WALK,Resale,Strata,Condominium,1.0,9.0,Core Central Region,20,8,26,30,1,9999,0,9999,0,0.0,0,0,0,3,-0.8660254037844384,-0.5000000000000004,4928825.333927596
SIMS URBAN OASIS,624.31,SIMS DRIVE,Resale,Strata,Condominium,1.0,14.0,Rest of Central Region,21,12,6,10,0,99,2014,92,7,0.0707070707070707,1,0,0,4,-2.4492935982947064e-16,1.0,988217.8013118558
ICON,699.66,GOPENG STREET,Resale,Strata,Apartment,1.0,2.0,Core Central Region,20,12,26,30,0,99,2002,81,18,0.18181818181818182,1,0,0,4,-2.4492935982947064e-16,1.0,1261469.4649792644
RIVIERE,1711.48,JIAK KIM STREET,New Sale,Strata,Apartment,1.0,3.0,Rest of Central Region,23,2,31,35,0,99,2018,94,5,0.050505050505050504,1,0,0,1,0.8660254037844386,0.5000000000000001,5270954.748702823
THE RESERVE RESIDENCES,1323.97,JALAN ANAK BUKIT,New Sale,Strata,Apartment,1.0,21.0,Rest of Central Region,23,10,11,15,0,99,2021,97,2,0.020202020202020204,1,1,0,4,-0.8660254037844386,0.5000000000000001,3235647.6925315247
BARTLEY VUE,731.95,JALAN BUNGA RAMPAI,New Sale,Strata,Apartment,1.0,19.0,Rest of Central Region,21,9,1,5,0,99,2020,98,1,0.010101010101010102,1,0,0,3,-1.0,-1.8369701987210297e-16,1360724.5921244302
CHUAN PARK,742.72,LORONG CHUAN,New Sale,Strata,Condominium,1.0,19.0,Outside Central Region,24,11,11,15,0,99,2024,99,0,0.0,1,1,1,4,-0.5000000000000004,0.8660254037844384,1950238.862448159
GLENDALE PARK,1367.03,HILLVIEW AVENUE,Resale,Strata,Condominium,1.0,23.0,Outside Central Region,21,3,6,10,1,9999,0,9999,0,0.0,0,0,0,1,1.0,6.123233995736766e-17,1643223.6059122737
KOVAN REGENCY,624.31,KOVAN RISE,Resale,Strata,Condominium,1.0,19.0,Outside Central Region,24,6,6,10,0,99,2012,87,12,0.12121212121212122,1,0,0,2,1.2246467991473532e-16,-1.0,1110121.4635506957
KANDIS RESIDENCE,731.95,KANDIS LINK,New Sale,Strata,Condominium,1.0,27.0,Outside Central Region,21,1,1,5,0,99,2016,94,5,0.050505050505050504,1,0,0,1,0.49999999999999994,0.8660254037844387,924314.477780418
THE RESERVE RESIDENCES,667.37,JALAN ANAK BUKIT,New Sale,Strata,Apartment,1.0,21.0,Rest of Central Region,23,5,21,25,0,99,2021,97,2,0.020202020202020204,1,0,0,2,0.49999999999999994,-0.8660254037844387,1762297.1419584546
SPOTTISWOODE SUITES,538.2,SPOTTISWOODE PARK ROAD,Resale,Strata,Apartment,1.0,2.0,Rest of Central Region,24,7,16,20,1,9999,0,9999,0,0.0,0,0,0,3,-0.4999999999999998,-0.8660254037844388,1238874.1016396298
THE TAPESTRY,602.78,TAMPINES STREET 86,New Sale,Strata,Condominium,1.0,18.0,Outside Central Region,20,8,11,15,0,99,2017,96,3,0.030303030303030304,1,0,0,3,-0.8660254037844384,-0.5000000000000004,855671.7770027319
GILSTEAD TWO,775.01,GILSTEAD ROAD,Resale,Strata,Apartment,1.0,11.0,Core Central Region,23,3,11,15,1,9999,0,9999,0,0.0,0,0,0,1,1.0,6.123233995736766e-17,1624456.5355745663
SKY@ELEVEN,2712.53,THOMSON LANE,Resale,Strata,Condominium,1.0,11.0,Core Central Region,21,12,36,40,1,9999,0,9999,0,0.0,0,0,0,4,-2.4492935982947064e-16,1.0,5341062.952927703
THE INTERLACE,1044.11,DEPOT ROAD,Resale,Strata,Condominium,1.0,4.0,Rest of Central Region,23,5,11,15,0,99,2009,85,14,0.1414141414141414,1,0,0,2,0.49999999999999994,-0.8660254037844387,1675638.3225389
STRATFORD COURT,990.29,BEDOK RIA CRESCENT,Resale,Strata,Condominium,1.0,16.0,Outside Central Region,21,8,1,5,0,99,1995,73,26,0.26262626262626265,2,0,0,3,-0.8660254037844384,-0.5000000000000004,964968.1183240347
COMPASS HEIGHTS,1108.69,SENGKANG SQUARE,Resale,Strata,Apartment,1.0,19.0,Outside Central Region,24,5,11,15,0,99,2000,75,24,0.24242424242424243,2,0,0,2,0.49999999999999994,-0.8660254037844387,1476932.2949369152
SCENECA RESIDENCE,764.24,TANAH MERAH KECHIL LINK,New Sale,Strata,Apartment,1.0,16.0,Outside Central Region,23,1,1,5,0,99,2021,97,2,0.020202020202020204,1,0,0,1,0.49999999999999994,0.8660254037844387,1531529.893131968
PARC CLEMATIS,990.29,JALAN LEMPENG,New Sale,Strata,Apartment,1.0,5.0,Outside Central Region,21,4,16,20,0,99,2019,97,2,0.020202020202020204,1,0,0,2,0.8660254037844387,-0.49999999999999983,1658325.5293747312
SKY EDEN@BEDOK,688.9,BEDOK CENTRAL,New Sale,Strata,Apartment,1.0,16.0,Outside Central Region,22,9,1,5,0,99,2022,99,0,0.0,1,0,0,3,-1.0,-1.8369701987210297e-16,1421221.6280347293
TWIN VEW,1184.04,WEST COAST VALE,New Sale,Strata,Apartment,1.0,5.0,Outside Central Region,21,1,31,35,0,99,2017,95,4,0.04040404040404041,1,0,0,1,0.49999999999999994,0.8660254037844387,1895387.0121212918
PRIMEDGE,527.44,LORONG 34 GEYLANG,Resale,Strata,Apartment,1.0,14.0,Rest of Central Region,22,10,1,5,1,9999,0,9999,0,0.0,0,1,0,4,-0.8660254037844386,0.5000000000000001,782144.5002562765
JEWEL @ BUANGKOK,796.54,COMPASSVALE BOW,Resale,Strata,Condominium,1.0,19.0,Outside Central Region,23,3,16,20,0,99,2012,88,11,0.1111111111111111,1,0,0,1,1.0,6.123233995736766e-17,1217926.14582873
ROYALGREEN,1076.4,ANAMALAI AVENUE,New Sale,Strata,Condominium,1.0,10.0,Core Central Region,20,11,1,5,1,9999,0,9999,0,0.0,0,1,1,4,-0.5000000000000004,0.8660254037844384,2856519.769388464
SKY EDEN@BEDOK,1087.16,BEDOK CENTRAL,New Sale,Strata,Apartment,1.0,16.0,Outside Central Region,22,9,11,15,0,99,2022,99,0,0.0,1,0,0,3,-1.0,-1.8369701987210297e-16,2306796.9926821277
WATERFRONT ISLE,667.37,BEDOK RESERVOIR ROAD,Resale,Strata,Condominium,1.0,16.0,Outside Central Region,22,1,1,5,0,99,2009,86,13,0.13131313131313133,1,0,0,1,0.49999999999999994,0.8660254037844387,892262.8677461145
JADESCAPE,527.44,SHUNFU ROAD,New Sale,Strata,Condominium,1.0,20.0,Rest of Central Region,21,1,16,20,0,99,2018,96,3,0.030303030303030304,1,0,0,1,0.49999999999999994,0.8660254037844387,976587.4213474874
LA DOLCE VITA,1453.14,UPPER PAYA LEBAR ROAD,Resale,Strata,Apartment,1.0,19.0,Outside Central Region,20,10,1,5,1,9999,0,9999,0,0.0,0,1,0,4,-0.8660254037844386,0.5000000000000001,1386713.526346446
THE ARCADY AT BOON KENG,667.37,SAINT BARNABAS LANE,New Sale,Strata,Apartment,1.0,12.0,Rest of Central Region,24,1,6,10,1,9999,0,9999,0,0.0,0,0,0,1,0.49999999999999994,0.8660254037844387,1726124.145743696
SENGKANG GRAND RESIDENCES,473.62,COMPASSVALE BOW,New Sale,Strata,Apartment,1.0,19.0,Outside Central Region,20,9,11,15,0,99,2018,97,2,0.020202020202020204,1,0,0,3,-1.0,-1.8369701987210297e-16,873351.8901997212
SKY HABITAT,893.41,BISHAN STREET 15,Resale,Strata,Condominium,1.0,20.0,Rest of Central Region,23,9,16,20,0,99,2011,87,12,0.12121212121212122,1,0,0,3,-1.0,-1.8369701987210297e-16,1586645.870219222
A TREASURE TROVE,775.01,PUNGGOL WALK,Resale,Strata,Condominium,1.0,19.0,Outside Central Region,20,12,6,10,0,99,2011,90,9,0.09090909090909091,1,0,0,4,-2.4492935982947064e-16,1.0,946166.6925657584
THREE BUCKLEY,2335.79,BUCKLEY ROAD,Resale,Strata,Apartment,1.0,11.0,Core Central Region,21,2,1,5,1,9999,0,9999,0,0.0,0,0,0,1,0.8660254037844386,0.5000000000000001,3437200.1195176872
CLIVEDEN AT GRANGE,2841.7,GRANGE ROAD,Resale,Strata,Condominium,1.0,10.0,Core Central Region,22,4,16,20,1,9999,0,9999,0,0.0,0,0,0,2,0.8660254037844387,-0.49999999999999983,7942448.657362288
RIVERFRONT RESIDENCES,721.19,HOUGANG AVENUE 7,Sub Sale,Strata,Apartment,1.0,19.0,Outside Central Region,23,8,11,15,0,99,2018,94,5,0.050505050505050504,1,0,0,3,-0.8660254037844384,-0.5000000000000004,1185767.4620854093
MARINA BAY SUITES,1625.36,CENTRAL BOULEVARD,Resale,Strata,Condominium,1.0,1.0,Core Central Region,23,1,31,35,0,99,2007,83,16,0.16161616161616163,1,0,0,1,0.49999999999999994,0.8660254037844387,3016733.4599961825
THE OCEANFRONT @ SENTOSA COVE,1367.03,OCEAN DRIVE,Resale,Strata,Condominium,1.0,4.0,Core Central Region,21,7,6,10,0,99,2005,83,16,0.16161616161616163,1,0,0,3,-0.4999999999999998,-0.8660254037844388,2225944.386040142
THE MYST,516.67,UPPER BUKIT TIMAH ROAD,New Sale,Strata,Condominium,1.0,23.0,Outside Central Region,24,1,16,20,0,99,2023,98,1,0.010101010101010102,1,0,0,1,0.49999999999999994,0.8660254037844387,1201259.157298577
THE SANTORINI,914.94,TAMPINES STREET 86,Resale,Strata,Condominium,1.0,18.0,Outside Central Region,24,4,1,5,0,99,2013,88,11,0.1111111111111111,1,0,0,2,0.8660254037844387,-0.49999999999999983,1234876.7510867612
MI CASA,990.29,CHOA CHU KANG AVENUE 3,Resale,Strata,Condominium,1.0,23.0,Outside Central Region,21,5,11,15,0,99,2008,86,13,0.13131313131313133,1,0,0,2,0.49999999999999994,-0.8660254037844387,1115406.9907053926
THE CLEARWATER,1377.79,BEDOK RESERVOIR VIEW,Resale,Strata,Condominium,1.0,16.0,Outside Central Region,23,1,6,10,0,99,1997,73,26,0.26262626262626265,2,0,0,1,0.49999999999999994,0.8660254037844387,1612681.6587831145
LEEDON RESIDENCE,2131.27,LEEDON HEIGHTS,Resale,Strata,Condominium,1.0,10.0,Core Central Region,21,10,1,5,1,9999,0,9999,0,0.0,0,1,0,4,-0.8660254037844386,0.5000000000000001,5096624.607413678
PENROSE,958.0,SIMS DRIVE,Sub Sale,Strata,Apartment,1.0,14.0,Rest of Central Region,24,12,11,15,0,99,2019,94,5,0.050505050505050504,1,0,0,4,-2.4492935982947064e-16,1.0,1965132.7863036173
SHERWOOD CONDOMINIUM,925.7,JALAN JURONG KECHIL,Resale,Strata,Condominium,1.0,21.0,Rest of Central Region,24,4,1,5,1,9999,0,9999,0,0.0,0,0,0,2,0.8660254037844387,-0.49999999999999983,1345040.6524177876
THE MAYFAIR,893.41,JURONG EAST STREET 32,Resale,Strata,Condominium,1.0,22.0,Outside Central Region,22,10,6,10,0,99,1996,73,26,0.26262626262626265,2,1,0,4,-0.8660254037844386,0.5000000000000001,975758.52401258
THE TREELINE,1119.46,LORONG G TELOK KURAU,Resale,Strata,Apartment,1.0,15.0,Outside Central Region,21,4,1,5,1,9999,0,9999,0,0.0,0,0,0,2,0.8660254037844387,-0.49999999999999983,1168645.9310137983
CARISSA PARK CONDOMINIUM,1302.44,FLORA DRIVE,Resale,Strata,Condominium,1.0,17.0,Outside Central Region,23,10,1,5,1,9999,0,9999,0,0.0,0,1,0,4,-0.8660254037844386,0.5000000000000001,1503504.3363132044
ONE DRAYCOTT,796.54,DRAYCOTT PARK,New Sale,Strata,Apartment,1.0,10.0,Core Central Region,22,6,6,10,1,9999,0,9999,0,0.0,0,0,0,2,1.2246467991473532e-16,-1.0,2405297.467204886
RIVERBAY,516.67,MAR THOMA ROAD,Resale,Strata,Apartment,1.0,12.0,Rest of Central Region,24,2,11,15,0,999,1882,857,142,0.14214214214214213,1,0,0,1,0.8660254037844386,0.5000000000000001,779339.8082574419
THE FLORENCE RESIDENCES,635.08,HOUGANG AVENUE 2,New Sale,Strata,Apartment,1.0,19.0,Outside Central Region,20,8,11,15,0,99,2018,97,2,0.020202020202020204,1,0,0,3,-0.8660254037844384,-0.5000000000000004,1059172.6205581292
BRADDELL VIEW,1614.6,BRADDELL HILL,Resale,Strata,Apartment,1.0,20.0,Rest of Central Region,20,9,1,5,0,102,1978,60,42,0.4117647058823529,2,0,0,3,-1.0,-1.8369701987210297e-16,1357799.9295407755
15 HOLLAND HILL,2303.5,HOLLAND HILL,New Sale,Strata,Apartment,1.0,10.0,Core Central Region,21,4,1,5,1,9999,0,9999,0,0.0,0,0,0,2,0.8660254037844387,-0.49999999999999983,7030503.120413198
CANNINGHILL PIERS,882.65,CLARKE QUAY,New Sale,Strata,Apartment,1.0,6.0,Rest of Central Region,21,11,11,15,0,99,2021,99,0,0.0,1,1,1,4,-0.5000000000000004,0.8660254037844384,2520202.8671841025
NORMANTON PARK,1087.16,NORMANTON PARK,New Sale,Strata,Apartment,1.0,5.0,Rest of Central Region,22,5,6,10,0,99,2019,96,3,0.030303030303030304,1,0,0,2,0.49999999999999994,-0.8660254037844387,1997345.9640387176
NV RESIDENCES,764.24,PASIR RIS GROVE,Resale,Strata,Condominium,1.0,18.0,Outside Central Region,24,9,11,15,0,99,2008,83,16,0.16161616161616163,1,0,0,3,-1.0,-1.8369701987210297e-16,1061046.5206672265
THE SCALA,990.29,SERANGOON AVENUE 3,Resale,Strata,Apartment,1.0,19.0,Outside Central Region,22,8,1,5,0,99,2010,87,12,0.12121212121212122,1,0,0,3,-0.8660254037844384,-0.5000000000000004,1476958.8955837158
TREASURES@G6,452.09,LORONG 6 GEYLANG,Resale,Strata,Apartment,1.0,14.0,Rest of Central Region,24,4,6,10,1,9999,0,9999,0,0.0,0,0,0,2,0.8660254037844387,-0.49999999999999983,693300.33446338
STIRLING RESIDENCES,688.9,STIRLING ROAD,New Sale,Strata,Apartment,1.0,3.0,Rest of Central Region,20,12,36,40,0,99,2017,96,3,0.030303030303030304,1,0,0,4,-2.4492935982947064e-16,1.0,1415004.6734917965
THE IMPERIAL,1463.9,JALAN RUMBIA,Resale,Strata,Condominium,1.0,9.0,Core Central Region,21,5,11,15,1,9999,0,9999,0,0.0,0,0,0,2,0.49999999999999994,-0.8660254037844387,3455682.6999942074
HIGHLINE RESIDENCES,914.94,KIM TIAN ROAD,Resale,Strata,Condominium,1.0,3.0,Rest of Central Region,21,2,6,10,0,99,2013,91,8,0.08080808080808081,1,0,0,1,0.8660254037844386,0.5000000000000001,1640879.7739897515
STIRLING RESIDENCES,635.08,STIRLING ROAD,New Sale,Strata,Apartment,1.0,3.0,Rest of Central Region,20,8,26,30,0,99,2017,96,3,0.030303030303030304,1,0,0,3,-0.8660254037844384,-0.5000000000000004,1278697.9561394146
AMBER PARK,753.48,AMBER GARDENS,New Sale,Strata,Condominium,1.0,15.0,Rest of Central Region,21,3,16,20,1,9999,0,9999,0,0.0,0,0,0,1,1.0,6.123233995736766e-17,1887611.2066149602
GOODWOOD RESIDENCE,1119.46,BUKIT TIMAH ROAD,Resale,Strata,Condominium,1.0,10.0,Core Central Region,20,11,6,10,1,9999,0,9999,0,0.0,0,1,1,4,-0.5000000000000004,0.8660254037844384,2526304.903366322
THE LINE @ TANJONG RHU,419.8,TANJONG RHU ROAD,Resale,Strata,Condominium,1.0,15.0,Rest of Central Region,24,1,6,10,1,9999,0,9999,0,0.0,0,0,0,1,0.49999999999999994,0.8660254037844387,1070183.654804308
COSTA DEL SOL,1313.21,BAYSHORE ROAD,Resale,Strata,Condominium,1.0,16.0,Outside Central Region,22,7,26,30,0,99,1997,74,25,0.25252525252525254,2,0,0,3,-0.4999999999999998,-0.8660254037844388,2119040.0312518
ONE PEARL BANK,1399.32,PEARL BANK,New Sale,Strata,Apartment,1.0,3.0,Rest of Central Region,22,8,26,30,0,99,2019,96,3,0.030303030303030304,1,0,0,3,-0.8660254037844384,-0.5000000000000004,3478369.150492761
THE REEF AT KING'S DOCK,678.13,HARBOURFRONT AVENUE,New Sale,Strata,Condominium,1.0,4.0,Rest of Central Region,21,1,6,10,0,99,2021,99,0,0.0,1,0,0,1,0.49999999999999994,0.8660254037844387,1543027.1060530113
KINGSFORD WATERBAY,688.9,UPPER SERANGOON VIEW,Resale,Strata,Apartment,1.0,19.0,Outside Central Region,21,6,1,5,0,99,2014,92,7,0.0707070707070707,1,0,0,2,1.2246467991473532e-16,-1.0,815843.1285554469
COTE D'AZUR,1151.75,MARINE PARADE ROAD,Resale,Strata,Condominium,1.0,15.0,Rest of Central Region,21,3,6,10,0,99,2001,79,20,0.20202020202020202,2,0,0,1,1.0,6.123233995736766e-17,1625767.8968621788
SKY HABITAT,893.41,BISHAN STREET 15,Resale,Strata,Condominium,1.0,20.0,Rest of Central Region,23,3,11,15,0,99,2011,87,12,0.12121212121212122,1,0,0,1,1.0,6.123233995736766e-17,1533063.9453242326
STIRLING RESIDENCES,1054.87,STIRLING ROAD,Sub Sale,Strata,Apartment,1.0,3.0,Rest of Central Region,22,4,6,10,0,99,2017,94,5,0.050505050505050504,1,0,0,2,0.8660254037844387,-0.49999999999999983,2062111.5057915254
SIN MING CENTRE,15424.81,SIN MING ROAD,Resale,Land,Apartment,1.0,20.0,Rest of Central Region,24,4,1,5,1,9999,0,9999,0,0.0,0,0,0,2,0.8660254037844387,-0.49999999999999983,6280094.006696568
HILLOCK GREEN,1237.86,LENTOR CENTRAL,New Sale,Strata,Apartment,1.0,26.0,Outside Central Region,24,11,11,15,0,99,2022,97,2,0.020202020202020204,1,1,1,4,-0.5000000000000004,0.8660254037844384,2762925.7087753187
COASTLINE RESIDENCES,710.42,AMBER ROAD,New Sale,Strata,Apartment,1.0,15.0,Rest of Central Region,20,10,6,10,1,9999,0,9999,0,0.0,0,1,0,4,-0.8660254037844386,0.5000000000000001,1661074.5648198826
HIGH PARK RESIDENCES,979.52,FERNVALE ROAD,Resale,Strata,Apartment,1.0,28.0,Outside Central Region,21,1,1,5,0,99,2014,92,7,0.0707070707070707,1,0,0,1,0.49999999999999994,0.8660254037844387,1013820.7579503363
AFFINITY AT SERANGOON,1151.75,SERANGOON NORTH AVENUE 1,New Sale,Strata,Apartment,1.0,19.0,Outside Central Region,22,3,11,15,0,99,2018,95,4,0.04040404040404041,1,0,0,1,1.0,6.123233995736766e-17,1877601.647509017
PARC ROSEWOOD,602.78,ROSEWOOD DRIVE,Resale,Strata,Condominium,1.0,25.0,Outside Central Region,21,2,1,5,0,99,2011,89,10,0.10101010101010101,1,0,0,1,0.8660254037844386,0.5000000000000001,642420.4215734035
REGENTVILLE,1162.51,HOUGANG STREET 92,Resale,Strata,Apartment,1.0,19.0,Outside Central Region,24,4,1,5,0,99,1996,71,28,0.2828282828282828,2,0,0,2,0.8660254037844387,-0.49999999999999983,1181485.22557247
RESIDENCE 66,914.94,TELOK KURAU ROAD,Resale,Strata,Apartment,1.0,15.0,Outside Central Region,21,9,1,5,1,9999,0,9999,0,0.0,0,0,0,3,-1.0,-1.8369701987210297e-16,1242726.7889297071
THE TRIZON,1894.46,RIDGEWOOD CLOSE,Resale,Strata,Condominium,1.0,10.0,Core Central Region,24,12,1,5,1,9999,0,9999,0,0.0,0,0,0,4,-2.4492935982947064e-16,1.0,3776299.427573728
NORMANTON PARK,753.48,NORMANTON PARK,New Sale,Strata,Apartment,1.0,5.0,Rest of Central Region,21,7,21,25,0,99,2019,97,2,0.020202020202020204,1,0,0,3,-0.4999999999999998,-0.8660254037844388,1367457.6285694062
PARK COLONIAL,979.52,WOODLEIGH LANE,Sub Sale,Strata,Condominium,1.0,13.0,Rest of Central Region,22,9,1,5,0,99,2017,94,5,0.050505050505050504,1,0,0,3,-1.0,-1.8369701987210297e-16,1946897.9874421414
CONCOURSE SKYLINE,1087.16,BEACH ROAD,Resale,Strata,Apartment,1.0,7.0,Core Central Region,23,4,26,30,0,99,2008,84,15,0.15151515151515152,1,0,0,2,0.8660254037844387,-0.49999999999999983,2255840.4236455127
ENG AUN MANSION,1001.05,THOMSON ROAD,Resale,Strata,Apartment,1.0,11.0,Core Central Region,24,10,1,5,1,9999,0,9999,0,0.0,0,1,0,4,-0.8660254037844386,0.5000000000000001,1742412.5850350084
THE LAKEFRONT RESIDENCES,1001.05,LAKESIDE DRIVE,Resale,Strata,Condominium,1.0,22.0,Outside Central Region,23,11,11,15,0,99,2010,86,13,0.13131313131313133,1,1,1,4,-0.5000000000000004,0.8660254037844384,1613145.7270463805
SEA ESTA,1227.1,PASIR RIS LINK,Resale,Strata,Condominium,1.0,18.0,Outside Central Region,22,8,6,10,0,99,2012,89,10,0.10101010101010101,1,0,0,3,-0.8660254037844384,-0.5000000000000004,1436180.08234157
THE WATERSIDE,2142.04,TANJONG RHU ROAD,Resale,Strata,Condominium,1.0,15.0,Rest of Central Region,24,6,1,5,1,9999,0,9999,0,0.0,0,0,0,2,1.2246467991473532e-16,-1.0,4015711.8886632277
THE ESTUARY,1302.44,YISHUN AVENUE 1,Resale,Strata,Condominium,1.0,27.0,Outside Central Region,22,4,1,5,0,99,2008,85,14,0.1414141414141414,1,0,0,2,0.8660254037844387,-0.49999999999999983,1310398.2630379172
HILLION RESIDENCES,710.42,JELEBU ROAD,Resale,Strata,Apartment,1.0,23.0,Outside Central Region,22,7,16,20,0,99,2013,90,9,0.09090909090909091,1,0,0,3,-0.4999999999999998,-0.8660254037844388,1158809.8528116879
THE FOLIAGE,505.91,PASIR PANJANG ROAD,Resale,Strata,Condominium,1.0,5.0,Rest of Central Region,20,12,1,5,1,9999,0,9999,0,0.0,0,0,0,4,-2.4492935982947064e-16,1.0,814709.366706338
STIRLING RESIDENCES,1054.87,STIRLING ROAD,Sub Sale,Strata,Apartment,1.0,3.0,Rest of Central Region,22,9,6,10,0,99,2017,94,5,0.050505050505050504,1,0,0,3,-1.0,-1.8369701987210297e-16,2171691.111506335
CANNINGHILL PIERS,538.2,CLARKE QUAY,New Sale,Strata,Apartment,1.0,6.0,Rest of Central Region,21,11,16,20,0,99,2021,99,0,0.0,1,1,1,4,-0.5000000000000004,0.8660254037844384,1554284.1040104728
D'LOTUS,1065.64,LORONG AMPAS,Resale,Strata,Apartment,1.0,12.0,Rest of Central Region,24,7,16,20,1,9999,0,9999,0,0.0,0,0,0,3,-0.4999999999999998,-0.8660254037844388,1835168.4250696811
WATER PLACE,1216.33,TANJONG RHU ROAD,Resale,Strata,Condominium,1.0,15.0,Rest of Central Region,21,4,11,15,0,99,1998,76,23,0.23232323232323232,2,0,0,2,0.8660254037844387,-0.49999999999999983,1751458.7468092164
PARC OASIS,1076.4,JURONG EAST AVENUE 1,Resale,Strata,Condominium,1.0,22.0,Outside Central Region,24,8,1,5,0,99,1991,66,33,0.3333333333333333,2,0,0,3,-0.8660254037844384,-0.5000000000000004,1266178.6739759778
LENTOR MODERN,1108.69,LENTOR CENTRAL,New Sale,Strata,Apartment,1.0,26.0,Outside Central Region,22,9,6,10,0,99,2021,98,1,0.010101010101010102,1,0,0,3,-1.0,-1.8369701987210297e-16,2265361.1420395332
PARK COLONIAL,462.85,WOODLEIGH LANE,Resale,Strata,Condominium,1.0,13.0,Rest of Central Region,24,6,6,10,0,99,2017,92,7,0.0707070707070707,1,0,0,2,1.2246467991473532e-16,-1.0,1025569.8824219743
BRADDELL VIEW,1560.78,BRADDELL HILL,Resale,Strata,Apartment,1.0,20.0,Rest of Central Region,23,3,1,5,0,102,1978,57,45,0.4411764705882353,3,0,0,1,1.0,6.123233995736766e-17,1542039.3448803402
THE PALETTE,882.65,PASIR RIS GROVE,Resale,Strata,Condominium,1.0,18.0,Outside Central Region,24,12,1,5,0,99,2010,85,14,0.1414141414141414,1,0,0,4,-2.4492935982947064e-16,1.0,1213315.958645934
LEEDON GREEN,581.26,LEEDON HEIGHTS,New Sale,Strata,Condominium,1.0,10.0,Core Central Region,22,4,6,10,1,9999,0,9999,0,0.0,0,0,0,2,0.8660254037844387,-0.49999999999999983,1578990.3104075536
SENGKANG GRAND RESIDENCES,936.47,COMPASSVALE BOW,New Sale,Strata,Apartment,1.0,19.0,Outside Central Region,21,11,1,5,0,99,2018,96,3,0.030303030303030304,1,1,1,4,-0.5000000000000004,0.8660254037844384,1616488.2774225017
THE CREEK @ BUKIT,925.7,TOH TUCK ROAD,Resale,Strata,Condominium,1.0,21.0,Rest of Central Region,22,4,1,5,1,9999,0,9999,0,0.0,0,0,0,2,0.8660254037844387,-0.49999999999999983,1440800.9059577705
MIDWOOD,785.77,HILLVIEW RISE,Sub Sale,Strata,Condominium,1.0,23.0,Outside Central Region,24,1,11,15,0,99,2018,93,6,0.06060606060606061,1,0,0,1,0.49999999999999994,0.8660254037844387,1430128.1277313132
THE TENNERY,613.55,WOODLANDS ROAD,Resale,Strata,Apartment,1.0,23.0,Outside Central Region,22,1,11,15,0,99,2010,87,12,0.12121212121212122,1,0,0,1,0.49999999999999994,0.8660254037844387,750575.5570388982
NORMANTON PARK,667.37,NORMANTON PARK,New Sale,Strata,Apartment,1.0,5.0,Rest of Central Region,21,6,1,5,0,99,2019,97,2,0.020202020202020204,1,0,0,2,1.2246467991473532e-16,-1.0,1190561.9825407453
WALLICH RESIDENCE,1097.93,WALLICH STREET,Resale,Strata,Apartment,1.0,2.0,Core Central Region,21,4,46,50,0,99,2011,89,10,0.10101010101010101,1,0,0,2,0.8660254037844387,-0.49999999999999983,3483223.716680767
AMO RESIDENCE,613.55,ANG MO KIO RISE,New Sale,Strata,Apartment,1.0,20.0,Outside Central Region,22,7,16,20,0,99,2021,98,1,0.010101010101010102,1,0,0,3,-0.4999999999999998,-0.8660254037844388,1409724.7660154938
NORTHVALE,1270.15,CHOA CHU KANG LOOP,Resale,Strata,Apartment,1.0,23.0,Outside Central Region,23,11,1,5,0,99,1995,71,28,0.2828282828282828,2,1,1,4,-0.5000000000000004,0.8660254037844384,1210978.696201055
THE GARDEN RESIDENCES,828.83,SERANGOON NORTH VIEW,New Sale,Strata,Apartment,1.0,19.0,Outside Central Region,20,12,11,15,0,99,2017,96,3,0.030303030303030304,1,0,0,4,-2.4492935982947064e-16,1.0,1335818.6289094684
8 SAINT THOMAS,1302.44,ST. THOMAS WALK,Resale,Strata,Condominium,1.0,9.0,Core Central Region,21,2,6,10,1,9999,0,9999,0,0.0,0,0,0,1,0.8660254037844386,0.5000000000000001,3440976.5151557242
SENNETT RESIDENCE,505.91,PHENG GECK AVENUE,Resale,Strata,Condominium,1.0,13.0,Rest of Central Region,21,12,1,5,0,99,2011,89,10,0.10101010101010101,1,0,0,4,-2.4492935982947064e-16,1.0,800446.0502759335
HILLOCK GREEN,1033.34,LENTOR CENTRAL,New Sale,Strata,Apartment,1.0,26.0,Outside Central Region,24,1,6,10,0,99,2000,75,24,0.24242424242424243,2,0,0,1,0.49999999999999994,0.8660254037844387,2183472.4989108574
AFFINITY AT SERANGOON,904.18,SERANGOON NORTH AVENUE 1,New Sale,Strata,Apartment,1.0,19.0,Outside Central Region,21,5,1,5,0,99,2018,96,3,0.030303030303030304,1,0,0,2,0.49999999999999994,-0.8660254037844387,1442763.2826771783
LAKE GRANDE,409.03,JURONG LAKE LINK,Resale,Strata,Condominium,1.0,22.0,Outside Central Region,24,8,1,5,0,99,2015,90,9,0.09090909090909091,1,0,0,3,-0.8660254037844384,-0.5000000000000004,749096.2422088437
OPTIMA @ TANAH MERAH,1173.28,TANAH MERAH KECHIL AVENUE,Resale,Strata,Condominium,1.0,16.0,Outside Central Region,23,10,6,10,0,99,2008,84,15,0.15151515151515152,1,1,0,4,-0.8660254037844386,0.5000000000000001,1676595.1870295396
HILLVIEW REGENCY,1108.69,BUKIT BATOK EAST AVENUE 2,Resale,Strata,Condominium,1.0,23.0,Outside Central Region,22,2,11,15,0,99,2000,77,22,0.2222222222222222,2,0,0,1,0.8660254037844386,0.5000000000000001,1090007.378267507
TREASURE GARDENS,2120.51,TEOW HOCK AVENUE,Resale,Strata,Apartment,1.0,19.0,Outside Central Region,22,4,1,5,1,9999,0,9999,0,0.0,0,0,0,2,0.8660254037844387,-0.49999999999999983,2145058.3205800364
KOVAN APARTMENTS,1485.43,KOVAN ROAD,Resale,Strata,Apartment,1.0,19.0,Outside Central Region,23,8,1,5,1,9999,0,9999,0,0.0,0,0,0,3,-0.8660254037844384,-0.5000000000000004,1840518.2067944952
THE BENCOOLEN,979.52,BENCOOLEN STREET,Resale,Strata,Apartment,1.0,7.0,Rest of Central Region,23,7,16,20,0,99,1995,71,28,0.2828282828282828,2,0,0,3,-0.4999999999999998,-0.8660254037844388,1632227.2524266914
CHUAN PARK,699.66,LORONG CHUAN,New Sale,Strata,Condominium,1.0,19.0,Outside Central Region,24,11,1,5,0,99,2024,99,0,0.0,1,1,1,4,-0.5000000000000004,0.8660254037844384,1752367.192266218
SANCTUARY GREEN,1399.32,TANJONG RHU ROAD,Resale,Strata,Condominium,1.0,15.0,Rest of Central Region,21,12,1,5,0,99,1997,75,24,0.24242424242424243,2,0,0,4,-2.4492935982947064e-16,1.0,1798129.4029214866
SEAHILL,710.42,WEST COAST CRESCENT,Resale,Strata,Condominium,1.0,5.0,Outside Central Region,21,3,16,20,0,99,2011,89,10,0.10101010101010101,1,0,0,1,1.0,6.123233995736766e-17,874730.6815676338
ORCHID PARK CONDOMINIUM,1140.98,YISHUN STREET 81,Resale,Strata,Condominium,1.0,27.0,Outside Central Region,22,8,6,10,0,99,1991,68,31,0.31313131313131315,2,0,0,3,-0.8660254037844384,-0.5000000000000004,1054955.1637314125
THE WOODLEIGH RESIDENCES,1119.46,BIDADARI PARK DRIVE,New Sale,Strata,Apartment,1.0,13.0,Rest of Central Region,20,12,11,15,0,99,2017,96,3,0.030303030303030304,1,0,0,4,-2.4492935982947064e-16,1.0,2248214.501123233
NOUVELLE PARK,1151.75,POH HUAT ROAD WEST,Resale,Strata,Condominium,1.0,19.0,Outside Central Region,24,1,6,10,1,9999,0,9999,0,0.0,0,0,0,1,0.49999999999999994,0.8660254037844387,1807758.8553958046
SIMS URBAN OASIS,990.29,SIMS DRIVE,Resale,Strata,Condominium,1.0,14.0,Rest of Central Region,22,2,11,15,0,99,2014,91,8,0.08080808080808081,1,0,0,1,0.8660254037844386,0.5000000000000001,1618117.463103018
ECHELON,4068.79,ALEXANDRA VIEW,Resale,Strata,Condominium,1.0,3.0,Rest of Central Region,20,11,41,45,0,99,2012,91,8,0.08080808080808081,1,1,1,4,-0.5000000000000004,0.8660254037844384,7075572.537626743
WATTEN HOUSE,1539.25,SHELFORD ROAD,New Sale,Strata,Condominium,1.0,11.0,Core Central Region,23,11,1,5,1,9999,0,9999,0,0.0,0,1,1,4,-0.5000000000000004,0.8660254037844384,4939088.662699966
PINETREE HILL,1463.9,PINE GROVE,New Sale,Strata,Condominium,1.0,21.0,Rest of Central Region,24,1,11,15,0,99,2022,97,2,0.020202020202020204,1,0,0,1,0.49999999999999994,0.8660254037844387,3644275.7376887025
NOVENA COURT,775.01,JALAN NOVENA BARAT,Resale,Strata,Apartment,1.0,11.0,Core Central Region,21,6,1,5,1,9999,0,9999,0,0.0,0,0,0,2,1.2246467991473532e-16,-1.0,1153999.2811443547
DAKOTA RESIDENCES,1022.58,DAKOTA CRESCENT,Resale,Strata,Condominium,1.0,14.0,Rest of Central Region,24,11,11,15,0,99,2007,82,17,0.1717171717171717,1,1,1,4,-0.5000000000000004,0.8660254037844384,1898534.1486455456
LIV @ MB,495.14,ARTHUR ROAD,New Sale,Strata,Condominium,1.0,15.0,Rest of Central Region,22,5,11,15,0,99,2021,98,1,0.010101010101010102,1,0,0,2,0.49999999999999994,-0.8660254037844387,1268688.312235382
CLAVON,764.24,CLEMENTI AVENUE 1,New Sale,Strata,Apartment,1.0,5.0,Outside Central Region,20,12,16,20,0,99,2019,98,1,0.010101010101010102,1,0,0,4,-2.4492935982947064e-16,1.0,1250813.81492754
HIGHLINE RESIDENCES,667.37,KIM TIAN ROAD,Resale,Strata,Condominium,1.0,3.0,Rest of Central Region,22,3,6,10,0,99,2013,90,9,0.09090909090909091,1,0,0,1,1.0,6.123233995736766e-17,1362220.4561600771
NORMANTON PARK,1087.16,NORMANTON PARK,New Sale,Strata,Apartment,1.0,5.0,Rest of Central Region,22,6,1,5,0,99,2019,96,3,0.030303030303030304,1,0,0,2,1.2246467991473532e-16,-1.0,2013414.2452110278
RIVER PLACE,807.3,HAVELOCK ROAD,Resale,Strata,Condominium,1.0,3.0,Rest of Central Region,22,3,1,5,0,99,1995,72,27,0.2727272727272727,2,0,0,1,1.0,6.123233995736766e-17,1282000.3099900892
ORCHARD TOWERS,1969.81,CLAYMORE DRIVE,Resale,Strata,Apartment,1.0,9.0,Core Central Region,21,4,16,20,1,9999,0,9999,0,0.0,0,0,0,2,0.8660254037844387,-0.49999999999999983,3013147.2983871754
DAIRY FARM RESIDENCES,764.24,DAIRY FARM LANE,New Sale,Strata,Apartment,1.0,23.0,Outside Central Region,22,7,11,15,0,99,2018,95,4,0.04040404040404041,1,0,0,3,-0.4999999999999998,-0.8660254037844388,1360371.751333362
SUNRISE GARDENS,1291.68,SUNRISE AVENUE,Resale,Strata,Condominium,1.0,28.0,Outside Central Region,23,5,1,5,0,99,1995,71,28,0.2828282828282828,2,0,0,2,0.49999999999999994,-0.8660254037844387,1288054.8200200142
HONOLULU TOWER,5823.32,BUKIT TIMAH ROAD,Resale,Strata,Apartment,1.0,10.0,Core Central Region,21,6,6,10,1,9999,0,9999,0,0.0,0,0,0,2,1.2246467991473532e-16,-1.0,4866019.383310071
ONE HOLLAND VILLAGE RESIDENCES,1097.93,HOLLAND VILLAGE WAY,New Sale,Strata,Apartment,1.0,10.0,Core Central Region,23,4,26,30,0,99,2018,94,5,0.050505050505050504,1,0,0,2,0.8660254037844387,-0.49999999999999983,3238269.256605074
AFFINITY AT SERANGOON,1151.75,SERANGOON NORTH AVENUE 1,New Sale,Strata,Apartment,1.0,19.0,Outside Central Region,22,5,11,15,0,99,2018,95,4,0.04040404040404041,1,0,0,2,0.49999999999999994,-0.8660254037844387,1881596.434737568
TROPICAL SPRING,1334.74,SIMEI STREET 4,Resale,Strata,Condominium,1.0,18.0,Outside Central Region,22,7,6,10,0,99,1997,74,25,0.25252525252525254,2,0,0,3,-0.4999999999999998,-0.8660254037844388,1463820.9405128497
MIDWOOD,548.96,HILLVIEW RISE,New Sale,Strata,Condominium,1.0,23.0,Outside Central Region,20,12,11,15,0,99,2018,97,2,0.020202020202020204,1,0,0,4,-2.4492935982947064e-16,1.0,927872.947831126
DAIRY FARM RESIDENCES,710.42,DAIRY FARM LANE,New Sale,Strata,Apartment,1.0,23.0,Outside Central Region,21,5,6,10,0,99,2018,96,3,0.030303030303030304,1,0,0,2,0.49999999999999994,-0.8660254037844387,1175093.5695464974
D'LEEDON,1711.48,LEEDON HEIGHTS,Resale,Strata,Condominium,1.0,10.0,Core Central Region,23,10,16,20,0,99,2010,86,13,0.13131313131313133,1,1,0,4,-0.8660254037844386,0.5000000000000001,3289653.245901313
NORWOOD GRAND,624.31,CHAMPIONS WAY,New Sale,Strata,Apartment,1.0,25.0,Outside Central Region,24,10,1,5,0,99,2023,98,1,0.010101010101010102,1,1,0,4,-0.8660254037844386,0.5000000000000001,1297941.255412367
TRE RESIDENCES,699.66,GEYLANG EAST AVENUE 1,Resale,Strata,Condominium,1.0,14.0,Rest of Central Region,23,12,1,5,0,99,2014,90,9,0.09090909090909091,1,0,0,4,-2.4492935982947064e-16,1.0,1223305.3077704178
HALLMARK RESIDENCES,968.76,EWE BOON ROAD,Resale,Strata,Condominium,1.0,10.0,Core Central Region,22,12,6,10,1,9999,0,9999,0,0.0,0,0,0,4,-2.4492935982947064e-16,1.0,2091614.7990874664
TROPICS @ HAIGSVILLE,839.59,HAIGSVILLE DRIVE,Resale,Strata,Apartment,1.0,15.0,Rest of Central Region,21,4,1,5,1,9999,0,9999,0,0.0,0,0,0,2,0.8660254037844387,-0.49999999999999983,1110651.376668191
PARC CENTROS,990.29,PUNGGOL CENTRAL,Resale,Strata,Condominium,1.0,19.0,Outside Central Region,24,3,1,5,0,99,2012,87,12,0.12121212121212122,1,0,0,1,1.0,6.123233995736766e-17,1403707.6448207246
NORMANTON PARK,527.44,NORMANTON PARK,New Sale,Strata,Apartment,1.0,5.0,Rest of Central Region,22,3,16,20,0,99,2019,96,3,0.030303030303030304,1,0,0,1,1.0,6.123233995736766e-17,1026198.498989729
NORWOOD GRAND,1173.28,CHAMPIONS WAY,New Sale,Strata,Apartment,1.0,25.0,Outside Central Region,24,10,1,5,0,99,2023,98,1,0.010101010101010102,1,1,0,4,-0.8660254037844386,0.5000000000000001,2295828.7593175345
HILLOCK GREEN,947.23,LENTOR CENTRAL,New Sale,Strata,Apartment,1.0,26.0,Outside Central Region,24,8,1,5,0,99,2022,97,2,0.020202020202020204,1,0,0,3,-0.8660254037844384,-0.5000000000000004,2014168.020372749
CASTLE GREEN,947.23,YIO CHU KANG ROAD,Resale,Strata,Condominium,1.0,26.0,Outside Central Region,21,11,1,5,0,99,1993,71,28,0.2828282828282828,2,1,1,4,-0.5000000000000004,0.8660254037844384,929716.7941745128
AVENUE SOUTH RESIDENCE,731.95,SILAT AVENUE,Sub Sale,Strata,Apartment,1.0,3.0,Rest of Central Region,23,11,26,30,0,99,2018,94,5,0.050505050505050504,1,1,1,4,-0.5000000000000004,0.8660254037844384,1732215.8514734183
WATER PLACE,1216.33,TANJONG RHU ROAD,Resale,Strata,Condominium,1.0,15.0,Rest of Central Region,24,7,1,5,0,99,1998,73,26,0.26262626262626265,2,0,0,3,-0.4999999999999998,-0.8660254037844388,2078995.2360753024
RIVERVALE CREST,1194.8,RIVERVALE CRESCENT,Resale,Strata,Apartment,1.0,19.0,Outside Central Region,20,10,1,5,0,99,1997,76,23,0.23232323232323232,2,1,0,4,-0.8660254037844386,0.5000000000000001,855878.1574815393
BARTLEY RESIDENCES,1162.51,LORONG HOW SUN,Resale,Strata,Apartment,1.0,19.0,Outside Central Region,24,10,6,10,0,99,2011,86,13,0.13131313131313133,1,1,0,4,-0.8660254037844386,0.5000000000000001,2009929.1776648504
SIXTEEN35 RESIDENCES,753.48,LORONG 35 GEYLANG,Resale,Strata,Apartment,1.0,14.0,Rest of Central Region,23,8,1,5,0,99,2018,94,5,0.050505050505050504,1,0,0,3,-0.8660254037844384,-0.5000000000000004,1107833.7604535914
MIMOSA PARK,2163.56,MIMOSA CRESCENT,Resale,Strata,Condominium,1.0,28.0,Outside Central Region,24,9,1,5,1,9999,0,9999,0,0.0,0,0,0,3,-1.0,-1.8369701987210297e-16,2721850.4566078857
THE MEDLEY,1410.08,LORONG G TELOK KURAU,Resale,Strata,Apartment,1.0,15.0,Outside Central Region,24,12,1,5,1,9999,0,9999,0,0.0,0,0,0,4,-2.4492935982947064e-16,1.0,1967248.639361108
PINETREE HILL,796.54,PINE GROVE,New Sale,Strata,Condominium,1.0,21.0,Rest of Central Region,23,7,11,15,0,99,2022,98,1,0.010101010101010102,1,0,0,3,-0.4999999999999998,-0.8660254037844388,1937213.0274859515
TANGLIN VIEW,1140.98,PRINCE CHARLES CRESCENT,Resale,Strata,Condominium,1.0,3.0,Rest of Central Region,21,12,11,15,0,99,1997,75,24,0.24242424242424243,2,0,0,4,-2.4492935982947064e-16,1.0,1731322.8092715645
PARC PALAIS,1227.1,HUME AVENUE,Resale,Strata,Condominium,1.0,21.0,Outside Central Region,21,4,6,10,1,9999,0,9999,0,0.0,0,0,0,2,0.8660254037844387,-0.49999999999999983,1654834.0389085207
AMBER PARK,1302.44,AMBER GARDENS,New Sale,Strata,Condominium,1.0,15.0,Rest of Central Region,21,12,16,20,1,9999,0,9999,0,0.0,0,0,0,4,-2.4492935982947064e-16,1.0,3373427.917187666
LE QUEST,710.42,BUKIT BATOK STREET 41,Resale,Strata,Apartment,1.0,23.0,Outside Central Region,24,8,6,10,0,99,2016,91,8,0.08080808080808081,1,0,0,3,-0.8660254037844384,-0.5000000000000004,1168375.283538979
MARYMOUNT VIEW,1259.39,PEMIMPIN DRIVE,Resale,Strata,Condominium,1.0,20.0,Rest of Central Region,21,10,11,15,1,9999,0,9999,0,0.0,0,1,0,4,-0.8660254037844386,0.5000000000000001,1671223.4422425337
THE ANTARES,882.65,MATTAR ROAD,New Sale,Strata,Apartment,1.0,14.0,Rest of Central Region,21,11,1,5,0,99,2018,96,3,0.030303030303030304,1,1,1,4,-0.5000000000000004,0.8660254037844384,1573761.5634015396
AFFINITY AT SERANGOON,731.95,SERANGOON NORTH AVENUE 1,Sub Sale,Strata,Apartment,1.0,19.0,Outside Central Region,23,8,6,10,0,99,2018,94,5,0.050505050505050504,1,0,0,3,-0.8660254037844384,-0.5000000000000004,1343558.5869216106
CHUAN PARK,742.72,LORONG CHUAN,New Sale,Strata,Condominium,1.0,19.0,Outside Central Region,24,11,21,25,0,99,2024,99,0,0.0,1,1,1,4,-0.5000000000000004,0.8660254037844384,1996511.9874322196
SEASONS VIEW,1140.98,PEMIMPIN DRIVE,Resale,Strata,Condominium,1.0,20.0,Rest of Central Region,24,5,16,20,0,99,1996,71,28,0.2828282828282828,2,0,0,2,0.49999999999999994,-0.8660254037844387,1821148.7462521445
THE SAIL @ MARINA BAY,882.65,MARINA BOULEVARD,Resale,Strata,Apartment,1.0,1.0,Core Central Region,23,3,6,10,0,99,2002,78,21,0.21212121212121213,2,0,0,1,1.0,6.123233995736766e-17,1685571.1889542341
THE CLEMENT CANOPY,990.29,CLEMENTI AVENUE 1,Resale,Strata,Apartment,1.0,5.0,Outside Central Region,23,5,36,40,0,99,2016,92,7,0.0707070707070707,1,0,0,2,0.49999999999999994,-0.8660254037844387,1750950.7316794202
PINEHURST CONDOMINIUM,1593.07,LORONG L TELOK KURAU,Resale,Strata,Condominium,1.0,15.0,Outside Central Region,22,3,1,5,1,9999,0,9999,0,0.0,0,0,0,1,1.0,6.123233995736766e-17,1986236.0165992319
THE VISION,1259.39,WEST COAST CRESCENT,Resale,Strata,Condominium,1.0,5.0,Outside Central Region,22,12,31,35,0,99,2008,85,14,0.1414141414141414,1,0,0,4,-2.4492935982947064e-16,1.0,2083907.904304694
ONE-NORTH EDEN,516.67,SLIM BARRACKS RISE,New Sale,Strata,Apartment,1.0,5.0,Rest of Central Region,21,4,6,10,0,99,2019,97,2,0.020202020202020204,1,0,0,2,0.8660254037844387,-0.49999999999999983,1069637.1524720623
AVENUE SOUTH RESIDENCE,688.9,SILAT AVENUE,New Sale,Strata,Apartment,1.0,3.0,Rest of Central Region,21,6,46,50,0,99,2018,96,3,0.030303030303030304,1,0,0,2,1.2246467991473532e-16,-1.0,1588268.506297123
ONE BERNAM,441.32,BERNAM STREET,New Sale,Strata,Apartment,1.0,2.0,Core Central Region,21,5,6,10,0,99,2019,97,2,0.020202020202020204,1,0,0,2,0.49999999999999994,-0.8660254037844387,1124333.71621135
GLENDALE PARK,1506.96,HILLVIEW AVENUE,Resale,Strata,Condominium,1.0,23.0,Outside Central Region,22,2,1,5,1,9999,0,9999,0,0.0,0,0,0,1,0.8660254037844386,0.5000000000000001,1993829.067098591
18 WOODSVILLE,914.94,WOODSVILLE CLOSE,Resale,Strata,Apartment,1.0,13.0,Rest of Central Region,23,7,1,5,1,9999,0,9999,0,0.0,0,0,0,3,-0.4999999999999998,-0.8660254037844388,1340932.4891066656
THE CALROSE,1140.98,YIO CHU KANG ROAD,Resale,Strata,Condominium,1.0,26.0,Outside Central Region,23,11,1,5,1,9999,0,9999,0,0.0,0,1,1,4,-0.5000000000000004,0.8660254037844384,1886753.7841040746
AVENUE SOUTH RESIDENCE,656.6,SILAT AVENUE,New Sale,Strata,Apartment,1.0,3.0,Rest of Central Region,21,5,41,45,0,99,2018,96,3,0.030303030303030304,1,0,0,2,0.49999999999999994,-0.8660254037844387,1497856.741242013
SKY EDEN@BEDOK,893.41,BEDOK CENTRAL,New Sale,Strata,Apartment,1.0,16.0,Outside Central Region,22,9,6,10,0,99,2022,99,0,0.0,1,0,0,3,-1.0,-1.8369701987210297e-16,1797131.8171395955
THE LAKESHORE,1108.69,JURONG WEST STREET 41,Resale,Strata,Condominium,1.0,22.0,Outside Central Region,20,9,1,5,0,99,2002,81,18,0.18181818181818182,1,0,0,3,-1.0,-1.8369701987210297e-16,1074858.6745054098
THE GARDEN RESIDENCES,1119.46,SERANGOON NORTH VIEW,New Sale,Strata,Apartment,1.0,19.0,Outside Central Region,20,8,6,10,0,99,2017,96,3,0.030303030303030304,1,0,0,3,-0.8660254037844384,-0.5000000000000004,1761934.8055307064
THE RISE @ OXLEY - RESIDENCES,667.37,OXLEY RISE,Resale,Strata,Apartment,1.0,9.0,Core Central Region,24,10,6,10,1,9999,0,9999,0,0.0,0,1,0,4,-0.8660254037844386,0.5000000000000001,1494690.780959105
SIMS URBAN OASIS,409.03,SIMS DRIVE,Resale,Strata,Condominium,1.0,14.0,Rest of Central Region,24,4,6,10,0,99,2014,89,10,0.10101010101010101,1,0,0,2,0.8660254037844387,-0.49999999999999983,778250.263986055
VACANZA @ EAST,484.38,LENGKONG TUJOH,Resale,Strata,Condominium,1.0,14.0,Outside Central Region,21,2,1,5,1,9999,0,9999,0,0.0,0,0,0,1,0.8660254037844386,0.5000000000000001,613522.7086939145
SIMS URBAN OASIS,1033.34,SIMS DRIVE,Resale,Strata,Condominium,1.0,14.0,Rest of Central Region,20,10,1,5,0,99,2014,93,6,0.06060606060606061,1,1,0,4,-0.8660254037844386,0.5000000000000001,1468471.7358771386
VILLA MARINA,1130.22,JALAN SEMPADAN,Resale,Strata,Condominium,1.0,15.0,Outside Central Region,20,10,1,5,0,99,1995,74,25,0.25252525252525254,2,1,0,4,-0.8660254037844386,0.5000000000000001,1247759.9576618876
THE JOVELL,1033.34,FLORA DRIVE,New Sale,Strata,Condominium,1.0,17.0,Outside Central Region,21,1,1,5,0,99,2018,96,3,0.030303030303030304,1,0,0,1,0.49999999999999994,0.8660254037844387,1281734.7082769908
THE RESERVE RESIDENCES,1625.36,JALAN ANAK BUKIT,New Sale,Strata,Apartment,1.0,21.0,Rest of Central Region,23,9,16,20,0,99,2021,97,2,0.020202020202020204,1,0,0,3,-1.0,-1.8369701987210297e-16,3980388.5671239975
CLAVON,958.0,CLEMENTI AVENUE 1,New Sale,Strata,Apartment,1.0,5.0,Outside Central Region,20,12,6,10,0,99,2019,98,1,0.010101010101010102,1,0,0,4,-2.4492935982947064e-16,1.0,1543020.7474750045
8 @ MOUNT SOPHIA,861.12,MOUNT SOPHIA,Resale,Strata,Condominium,1.0,9.0,Core Central Region,22,11,1,5,0,103,2002,83,20,0.1941747572815534,1,1,1,4,-0.5000000000000004,0.8660254037844384,1356496.1521689286
URBAN TREASURES,516.67,JALAN EUNOS,New Sale,Strata,Condominium,1.0,14.0,Outside Central Region,21,5,11,15,1,9999,0,9999,0,0.0,0,0,0,2,0.49999999999999994,-0.8660254037844387,1007774.2251970938
THE GARDEN RESIDENCES,1194.8,SERANGOON NORTH VIEW,New Sale,Strata,Apartment,1.0,19.0,Outside Central Region,20,9,1,5,0,99,2017,96,3,0.030303030303030304,1,0,0,3,-1.0,-1.8369701987210297e-16,1832584.6124830204
HILLBROOKS,1097.93,HILLVIEW AVENUE,Resale,Strata,Condominium,1.0,23.0,Outside Central Region,21,6,6,10,1,9999,0,9999,0,0.0,0,0,0,2,1.2246467991473532e-16,-1.0,1303380.5399861124
QUEENS PEAK,484.38,DUNDEE ROAD,Resale,Strata,Condominium,1.0,3.0,Rest of Central Region,22,7,16,20,0,99,2015,92,7,0.0707070707070707,1,0,0,3,-0.4999999999999998,-0.8660254037844388,938410.2473416806
EQUATORIAL APARTMENTS,2497.25,MEYER ROAD,Resale,Strata,Apartment,1.0,15.0,Rest of Central Region,23,2,11,15,1,9999,0,9999,0,0.0,0,0,0,1,0.8660254037844386,0.5000000000000001,4544911.258900328
WHISTLER GRAND,990.29,WEST COAST VALE,Sub Sale,Strata,Apartment,1.0,5.0,Outside Central Region,22,8,11,15,0,99,2018,95,4,0.04040404040404041,1,0,0,3,-0.8660254037844384,-0.5000000000000004,1694561.9200251712
PEAKVIEW ESTATE,1453.14,JALAN PARI KIKIS,Resale,Strata,Apartment,1.0,16.0,Outside Central Region,23,5,1,5,1,9999,0,9999,0,0.0,0,0,0,2,0.49999999999999994,-0.8660254037844387,2034042.26366256
FLAMINGO VALLEY,2142.04,SIGLAP ROAD,Resale,Strata,Condominium,1.0,15.0,Outside Central Region,22,9,1,5,1,9999,0,9999,0,0.0,0,0,0,3,-1.0,-1.8369701987210297e-16,2861430.646873768
NORMANTON PARK,785.77,NORMANTON PARK,New Sale,Strata,Apartment,1.0,5.0,Rest of Central Region,21,7,21,25,0,99,2019,97,2,0.020202020202020204,1,0,0,3,-0.4999999999999998,-0.8660254037844388,1395044.1771862023
NORMANTON PARK,764.24,NORMANTON PARK,New Sale,Strata,Apartment,1.0,5.0,Rest of Central Region,21,1,16,20,0,99,2019,97,2,0.020202020202020204,1,0,0,1,0.49999999999999994,0.8660254037844387,1348913.3385773527
CITY GATE,452.09,BEACH ROAD,Resale,Strata,Apartment,1.0,7.0,Rest of Central Region,22,8,11,15,0,99,2014,91,8,0.08080808080808081,1,0,0,3,-0.8660254037844384,-0.5000000000000004,934213.6226535214
PENROSE,1054.87,SIMS DRIVE,New Sale,Strata,Apartment,1.0,14.0,Rest of Central Region,20,9,11,15,0,99,2019,98,1,0.010101010101010102,1,0,0,3,-1.0,-1.8369701987210297e-16,1623042.1969312977
BAYWIND RESIDENCES,1313.21,LORONG N TELOK KURAU,New Sale,Strata,Apartment,1.0,15.0,Outside Central Region,22,6,1,5,1,9999,0,9999,0,0.0,0,0,0,2,1.2246467991473532e-16,-1.0,2442885.746769322
NORTHVALE,721.19,CHOA CHU KANG LOOP,Resale,Strata,Apartment,1.0,23.0,Outside Central Region,20,10,1,5,0,99,1995,74,25,0.25252525252525254,2,1,0,4,-0.8660254037844386,0.5000000000000001,688454.2520312036
WATERFRONT ISLE,904.18,BEDOK RESERVOIR ROAD,Resale,Strata,Condominium,1.0,16.0,Outside Central Region,22,12,1,5,0,99,2009,86,13,0.13131313131313133,1,0,0,4,-2.4492935982947064e-16,1.0,1206362.7758032626
TREASURE AT TAMPINES,592.02,TAMPINES LANE,Sub Sale,Strata,Condominium,1.0,18.0,Outside Central Region,24,2,6,10,0,99,2018,93,6,0.06060606060606061,1,0,0,1,0.8660254037844386,0.5000000000000001,968152.7868230469
THE MYST,914.94,UPPER BUKIT TIMAH ROAD,New Sale,Strata,Condominium,1.0,23.0,Outside Central Region,23,7,6,10,0,99,2023,99,0,0.0,1,0,0,3,-0.4999999999999998,-0.8660254037844388,1876724.687000785
JLB RESIDENCES,753.48,JALAN LOYANG BESAR,Resale,Strata,Apartment,1.0,17.0,Outside Central Region,22,3,1,5,0,946,1937,861,85,0.08985200845665962,1,0,0,1,1.0,6.123233995736766e-17,894201.4286912696
NV RESIDENCES,904.18,PASIR RIS GROVE,Resale,Strata,Condominium,1.0,18.0,Outside Central Region,21,3,1,5,0,99,2008,86,13,0.13131313131313133,1,0,0,1,1.0,6.123233995736766e-17,846090.8729470263
THE LEGEND,1442.38,BUKIT TIMAH ROAD,Resale,Strata,Condominium,1.0,10.0,Core Central Region,24,10,16,20,1,9999,0,9999,0,0.0,0,1,0,4,-0.8660254037844386,0.5000000000000001,3071998.5202580336
THE JADE,1011.82,BUKIT BATOK CENTRAL LINK,Resale,Strata,Condominium,1.0,23.0,Outside Central Region,20,12,16,20,0,99,2001,80,19,0.1919191919191919,1,0,0,4,-2.4492935982947064e-16,1.0,1127467.843016056
THE VENUE RESIDENCES,495.14,TAI THONG CRESCENT,Resale,Strata,Apartment,1.0,13.0,Rest of Central Region,22,3,6,10,0,99,2012,89,10,0.10101010101010101,1,0,0,1,1.0,6.123233995736766e-17,845887.7172289198
JADESCAPE,764.24,SHUNFU ROAD,New Sale,Strata,Condominium,1.0,20.0,Rest of Central Region,20,9,16,20,0,99,2018,97,2,0.020202020202020204,1,0,0,3,-1.0,-1.8369701987210297e-16,1380220.0722053756
RIVIERE,1248.62,JIAK KIM STREET,New Sale,Strata,Apartment,1.0,3.0,Rest of Central Region,22,7,26,30,0,99,2018,95,4,0.04040404040404041,1,0,0,3,-0.4999999999999998,-0.8660254037844388,3730340.3859066754
THE SCALA,1044.11,SERANGOON AVENUE 3,Resale,Strata,Apartment,1.0,19.0,Outside Central Region,24,11,6,10,0,99,2010,85,14,0.1414141414141414,1,1,1,4,-0.5000000000000004,0.8660254037844384,1880099.2491403793
KOPAR AT NEWTON,1528.49,MAKEWAY AVENUE,New Sale,Strata,Apartment,1.0,9.0,Core Central Region,21,12,6,10,0,99,2019,97,2,0.020202020202020204,1,0,0,4,-2.4492935982947064e-16,1.0,3686946.4401039993
EAST GROVE,1044.11,EAST COAST ROAD,Resale,Strata,Apartment,1.0,15.0,Outside Central Region,20,12,1,5,1,9999,0,9999,0,0.0,0,0,0,4,-2.4492935982947064e-16,1.0,1269581.3284518346
RANGOON 88,441.32,RANGOON ROAD,Resale,Strata,Apartment,1.0,8.0,Rest of Central Region,23,8,1,5,1,9999,0,9999,0,0.0,0,0,0,3,-0.8660254037844384,-0.5000000000000004,731919.8019603451
VIBES @ EAST COAST,376.74,TELOK KURAU ROAD,Resale,Strata,Apartment,1.0,15.0,Outside Central Region,21,7,1,5,1,9999,0,9999,0,0.0,0,0,0,3,-0.4999999999999998,-0.8660254037844388,589709.512669636
JADESCAPE,904.18,SHUNFU ROAD,Resale,Strata,Condominium,1.0,20.0,Rest of Central Region,24,11,1,5,0,99,2018,93,6,0.06060606060606061,1,1,1,4,-0.5000000000000004,0.8660254037844384,1680537.1311120808
PENROSE,1054.87,SIMS DRIVE,New Sale,Strata,Apartment,1.0,14.0,Rest of Central Region,20,9,16,20,0,99,2019,98,1,0.010101010101010102,1,0,0,3,-1.0,-1.8369701987210297e-16,1641118.082679803
THOMSON IMPRESSIONS,1054.87,LORONG PUNTONG,Resale,Strata,Apartment,1.0,20.0,Rest of Central Region,24,9,16,20,0,99,2015,90,9,0.09090909090909091,1,0,0,3,-1.0,-1.8369701987210297e-16,2238383.3609264344
TWIN VEW,742.72,WEST COAST VALE,Resale,Strata,Apartment,1.0,5.0,Outside Central Region,23,8,21,25,0,99,2017,93,6,0.06060606060606061,1,0,0,3,-0.8660254037844384,-0.5000000000000004,1342850.7061683112
BOATHOUSE RESIDENCES,1463.9,UPPER SERANGOON VIEW,Resale,Strata,Condominium,1.0,19.0,Outside Central Region,23,7,16,20,0,99,2011,87,12,0.12121212121212122,1,0,0,3,-0.4999999999999998,-0.8660254037844388,1873961.7772079967
TEMBUSU GRAND,742.72,JALAN TEMBUSU,New Sale,Strata,Condominium,1.0,15.0,Rest of Central Region,24,6,16,20,0,99,2022,97,2,0.020202020202020204,1,0,0,2,1.2246467991473532e-16,-1.0,1991949.4388074728
THE HILLFORD,398.27,JALAN JURONG KECHIL,Resale,Strata,Apartment,1.0,21.0,Rest of Central Region,20,9,1,5,0,60,2013,53,7,0.11666666666666667,3,0,0,3,-1.0,-1.8369701987210297e-16,478653.84332798765
THE PARC CONDOMINIUM,1420.85,WEST COAST WALK,Resale,Strata,Condominium,1.0,5.0,Outside Central Region,21,2,16,20,1,9999,0,9999,0,0.0,0,0,0,1,0.8660254037844386,0.5000000000000001,1942630.458790385
MI CASA,1280.92,CHOA CHU KANG AVENUE 3,Resale,Strata,Condominium,1.0,23.0,Outside Central Region,21,6,1,5,0,99,2008,86,13,0.13131313131313133,1,0,0,2,1.2246467991473532e-16,-1.0,1182143.3478963953
IRWELL HILL RESIDENCES,1270.15,IRWELL HILL,New Sale,Strata,Apartment,1.0,9.0,Core Central Region,21,10,26,30,0,99,2020,98,1,0.010101010101010102,1,1,0,4,-0.8660254037844386,0.5000000000000001,3482204.574295764
SKY@ELEVEN,2271.2,THOMSON LANE,Resale,Strata,Condominium,1.0,11.0,Core Central Region,24,5,26,30,1,9999,0,9999,0,0.0,0,0,0,2,0.49999999999999994,-0.8660254037844387,5128734.798083678
ROYALGREEN,688.9,ANAMALAI AVENUE,New Sale,Strata,Condominium,1.0,10.0,Core Central Region,21,5,1,5,1,9999,0,9999,0,0.0,0,0,0,2,0.49999999999999994,-0.8660254037844387,1729820.5924383898
AFFINITY AT SERANGOON,904.18,SERANGOON NORTH AVENUE 1,Sub Sale,Strata,Apartment,1.0,19.0,Outside Central Region,23,9,1,5,0,99,2018,94,5,0.050505050505050504,1,0,0,3,-1.0,-1.8369701987210297e-16,1630697.0973034564
PARC ELEGANCE,409.03,TELOK KURAU ROAD,Resale,Strata,Apartment,1.0,15.0,Outside Central Region,22,7,1,5,1,9999,0,9999,0,0.0,0,0,0,3,-0.4999999999999998,-0.8660254037844388,650655.2160769762
REFLECTIONS AT KEPPEL BAY,1280.92,KEPPEL BAY VIEW,Resale,Strata,Condominium,1.0,4.0,Rest of Central Region,24,3,6,10,0,99,2006,81,18,0.18181818181818182,1,0,0,1,1.0,6.123233995736766e-17,2292667.8190177865
D'NEST,775.01,PASIR RIS GROVE,Resale,Strata,Condominium,1.0,18.0,Outside Central Region,24,5,1,5,0,99,2010,85,14,0.1414141414141414,1,0,0,2,0.49999999999999994,-0.8660254037844387,1054004.926978006
NORMANTON PARK,914.94,NORMANTON PARK,New Sale,Strata,Apartment,1.0,5.0,Rest of Central Region,21,9,6,10,0,99,2019,97,2,0.020202020202020204,1,0,0,3,-1.0,-1.8369701987210297e-16,1637513.3670134475
THE COMMODORE,742.72,CANBERRA DRIVE,New Sale,Strata,Condominium,1.0,27.0,Outside Central Region,21,11,1,5,0,99,2020,98,1,0.010101010101010102,1,1,1,4,-0.5000000000000004,0.8660254037844384,1130114.695947441
LENTOR HILLS RESIDENCES,753.48,LENTOR HILLS ROAD,New Sale,Strata,Apartment,1.0,26.0,Outside Central Region,23,7,1,5,0,99,2022,98,1,0.010101010101010102,1,0,0,3,-0.4999999999999998,-0.8660254037844388,1551390.4078376559
NATURA@HILLVIEW,1216.33,HILLVIEW TERRACE,Resale,Strata,Apartment,1.0,23.0,Outside Central Region,23,10,6,10,1,9999,0,9999,0,0.0,0,1,0,4,-0.8660254037844386,0.5000000000000001,1443538.7633004289
NORMANTON PARK,667.37,NORMANTON PARK,New Sale,Strata,Apartment,1.0,5.0,Rest of Central Region,21,1,11,15,0,99,2019,97,2,0.020202020202020204,1,0,0,1,0.49999999999999994,0.8660254037844387,1199071.9243099717
ONE JERVOIS,1291.68,JERVOIS CLOSE,Resale,Strata,Condominium,1.0,10.0,Core Central Region,21,12,1,5,1,9999,0,9999,0,0.0,0,0,0,4,-2.4492935982947064e-16,1.0,2531808.6302708806
NORMANTON PARK,667.37,NORMANTON PARK,New Sale,Strata,Apartment,1.0,5.0,Rest of Central Region,21,2,11,15,0,99,2019,97,2,0.020202020202020204,1,0,0,1,0.8660254037844386,0.5000000000000001,1207299.629746577
ONE-NORTH EDEN,785.77,SLIM BARRACKS RISE,New Sale,Strata,Apartment,1.0,5.0,Rest of Central Region,21,4,6,10,0,99,2019,97,2,0.020202020202020204,1,0,0,2,0.8660254037844387,-0.49999999999999983,1582577.9328406227
SEASIDE RESIDENCES,764.24,SIGLAP LINK,Sub Sale,Strata,Apartment,1.0,15.0,Outside Central Region,21,7,11,15,0,99,2016,94,5,0.050505050505050504,1,0,0,3,-0.4999999999999998,-0.8660254037844388,1490118.4878566759
CUSCADEN RESIDENCES,1485.43,CUSCADEN ROAD,Resale,Strata,Condominium,1.0,10.0,Core Central Region,24,7,6,10,1,9999,0,9999,0,0.0,0,0,0,3,-0.4999999999999998,-0.8660254037844388,3860322.3319855863
CUBE 8,904.18,THOMSON ROAD,Resale,Strata,Condominium,1.0,11.0,Core Central Region,24,9,6,10,1,9999,0,9999,0,0.0,0,0,0,3,-1.0,-1.8369701987210297e-16,1782034.7401107207
PASIR RIS 8,1302.44,PASIR RIS DRIVE 8,New Sale,Strata,Apartment,1.0,18.0,Outside Central Region,21,7,6,10,0,99,2021,99,0,0.0,1,0,0,3,-0.4999999999999998,-0.8660254037844388,2028169.0109966702
STADIA,559.73,YIO CHU KANG ROAD,Resale,Strata,Apartment,1.0,19.0,Outside Central Region,22,11,1,5,1,9999,0,9999,0,0.0,0,1,1,4,-0.5000000000000004,0.8660254037844384,819449.709098918
TREASURE AT TAMPINES,1334.74,TAMPINES LANE,New Sale,Strata,Condominium,1.0,18.0,Outside Central Region,21,7,11,15,0,99,2018,96,3,0.030303030303030304,1,0,0,3,-0.4999999999999998,-0.8660254037844388,1900014.859524221
BARTLEY VUE,947.23,JALAN BUNGA RAMPAI,New Sale,Strata,Apartment,1.0,19.0,Rest of Central Region,22,11,11,15,0,99,2020,97,2,0.020202020202020204,1,1,1,4,-0.5000000000000004,0.8660254037844384,1887125.1222367869
A TREASURE TROVE,4219.49,PUNGGOL WALK,Resale,Strata,Condominium,1.0,19.0,Outside Central Region,21,4,16,20,0,99,2011,89,10,0.10101010101010101,1,0,0,2,0.8660254037844387,-0.49999999999999983,2767477.3243505536
PALM LODGE,1593.07,LORONG 37 GEYLANG,Resale,Strata,Apartment,1.0,14.0,Rest of Central Region,21,8,1,5,1,9999,0,9999,0,0.0,0,0,0,3,-0.8660254037844384,-0.5000000000000004,1776946.0818220554
THE LINCOLN MODERN,1377.79,LINCOLN ROAD,Resale,Strata,Apartment,1.0,11.0,Core Central Region,20,8,1,5,1,9999,0,9999,0,0.0,0,0,0,3,-0.8660254037844384,-0.5000000000000004,1990050.7170200255
MIDTOWN MODERN,1808.35,TAN QUEE LAN STREET,New Sale,Strata,Apartment,1.0,7.0,Core Central Region,23,1,6,10,0,99,2019,95,4,0.04040404040404041,1,0,0,1,0.49999999999999994,0.8660254037844387,4942230.225064745
KENSINGTON SQUARE,613.55,JALAN LOKAM,Resale,Strata,Apartment,1.0,19.0,Outside Central Region,22,6,1,5,1,9999,0,9999,0,0.0,0,0,0,2,1.2246467991473532e-16,-1.0,880190.249913859
FLAMINGO VALLEY,861.12,SIGLAP ROAD,Resale,Strata,Condominium,1.0,15.0,Outside Central Region,22,12,1,5,1,9999,0,9999,0,0.0,0,0,0,4,-2.4492935982947064e-16,1.0,1435914.0737836498
THE ATELIER,1184.04,MAKEWAY AVENUE,New Sale,Strata,Apartment,1.0,9.0,Core Central Region,23,3,21,25,1,9999,0,9999,0,0.0,0,0,0,1,1.0,6.123233995736766e-17,3257920.4953392227
THE AXIS,818.06,MANDALAY ROAD,Resale,Strata,Apartment,1.0,11.0,Core Central Region,21,7,6,10,1,9999,0,9999,0,0.0,0,0,0,3,-0.4999999999999998,-0.8660254037844388,1273114.3279192888
CHUAN PARK,742.72,LORONG CHUAN,New Sale,Strata,Condominium,1.0,19.0,Outside Central Region,24,11,6,10,0,99,2024,99,0,0.0,1,1,1,4,-0.5000000000000004,0.8660254037844384,1913671.1629320842
THE TRE VER,613.55,POTONG PASIR AVENUE 1,Sub Sale,Strata,Condominium,1.0,13.0,Rest of Central Region,24,6,11,15,0,99,2018,93,6,0.06060606060606061,1,0,0,2,1.2246467991473532e-16,-1.0,1192931.2361459294
WING FONG COURT,990.29,LORONG 14 GEYLANG,Resale,Strata,Apartment,1.0,14.0,Rest of Central Region,24,4,1,5,1,9999,0,9999,0,0.0,0,0,0,2,0.8660254037844387,-0.49999999999999983,1038369.4532266922
BAYWATER,1270.15,BEDOK RESERVOIR ROAD,Resale,Strata,Condominium,1.0,16.0,Outside Central Region,24,1,11,15,0,99,2001,76,23,0.23232323232323232,2,0,0,1,0.49999999999999994,0.8660254037844387,1811932.4083985945
PARC VERA,785.77,HOUGANG STREET 32,Resale,Strata,Condominium,1.0,19.0,Outside Central Region,21,3,6,10,0,99,2010,88,11,0.1111111111111111,1,0,0,1,1.0,6.123233995736766e-17,868381.46802627
FOREST HILLS CONDOMINIUM,1044.11,TRANSIT ROAD,Resale,Strata,Condominium,1.0,26.0,Outside Central Region,21,4,1,5,0,99,2000,78,21,0.21212121212121213,2,0,0,2,0.8660254037844387,-0.49999999999999983,858517.9296724752
ASPEN LOFT,1011.82,JOO CHIAT TERRACE,Resale,Strata,Apartment,1.0,15.0,Rest of Central Region,23,7,1,5,1,9999,0,9999,0,0.0,0,0,0,3,-0.4999999999999998,-0.8660254037844388,1574679.5510151645
PARK NATURA,2863.22,BUKIT BATOK EAST AVENUE 6,Resale,Strata,Condominium,1.0,23.0,Rest of Central Region,24,4,1,5,1,9999,0,9999,0,0.0,0,0,0,2,0.8660254037844387,-0.49999999999999983,3602886.158930466
JEWEL @ BUANGKOK,731.95,COMPASSVALE BOW,Resale,Strata,Condominium,1.0,19.0,Outside Central Region,23,7,16,20,0,99,2012,88,11,0.1111111111111111,1,0,0,3,-0.4999999999999998,-0.8660254037844388,1202497.8883831906
LAGUNA PARK,1614.6,MARINE PARADE ROAD,Resale,Strata,Apartment,1.0,15.0,Outside Central Region,23,4,1,5,0,99,1977,53,46,0.46464646464646464,3,0,0,2,0.8660254037844387,-0.49999999999999983,1929192.26156641
PENROSE,699.66,SIMS DRIVE,Sub Sale,Strata,Apartment,1.0,14.0,Rest of Central Region,24,9,6,10,0,99,2019,94,5,0.050505050505050504,1,0,0,3,-1.0,-1.8369701987210297e-16,1485127.204404092
CLAVON,764.24,CLEMENTI AVENUE 1,New Sale,Strata,Apartment,1.0,5.0,Outside Central Region,20,12,21,25,0,99,2019,98,1,0.010101010101010102,1,0,0,4,-2.4492935982947064e-16,1.0,1262119.3433054637
BARTLEY RIDGE,462.85,MOUNT VERNON ROAD,Resale,Strata,Condominium,1.0,13.0,Rest of Central Region,22,9,6,10,0,99,2012,89,10,0.10101010101010101,1,0,0,3,-1.0,-1.8369701987210297e-16,751384.8920928387
EQUATORIAL APARTMENTS,2497.25,MEYER ROAD,Resale,Strata,Apartment,1.0,15.0,Rest of Central Region,23,8,1,5,1,9999,0,9999,0,0.0,0,0,0,3,-0.8660254037844384,-0.5000000000000004,4406457.273044896
HAIG RESIDENCES,1248.62,HAIG ROAD,Resale,Strata,Apartment,1.0,15.0,Rest of Central Region,24,4,1,5,1,9999,0,9999,0,0.0,0,0,0,2,0.8660254037844387,-0.49999999999999983,1729272.1565906834
THE LANDMARK,678.13,CHIN SWEE ROAD,New Sale,Strata,Condominium,1.0,3.0,Rest of Central Region,20,11,6,10,0,99,2020,99,0,0.0,1,1,1,4,-0.5000000000000004,0.8660254037844384,1475442.889355645
ROYALGREEN,990.29,ANAMALAI AVENUE,New Sale,Strata,Condominium,1.0,10.0,Core Central Region,21,2,1,5,1,9999,0,9999,0,0.0,0,0,0,1,0.8660254037844386,0.5000000000000001,2716028.016045454
BLUE HORIZON,1162.51,WEST COAST CRESCENT,Resale,Strata,Condominium,1.0,5.0,Outside Central Region,23,1,6,10,0,99,2000,76,23,0.23232323232323232,2,0,0,1,0.49999999999999994,0.8660254037844387,1431054.4383726798
THE OCEANFRONT @ SENTOSA COVE,2012.87,OCEAN DRIVE,Resale,Strata,Condominium,1.0,4.0,Core Central Region,24,12,1,5,0,99,2005,80,19,0.1919191919191919,1,0,0,4,-2.4492935982947064e-16,1.0,3548609.250923456
D'NEST,1485.43,PASIR RIS GROVE,Resale,Strata,Condominium,1.0,18.0,Outside Central Region,22,5,1,5,0,99,2010,87,12,0.12121212121212122,1,0,0,2,0.49999999999999994,-0.8660254037844387,1674720.9596557023
PENROSE,710.42,SIMS DRIVE,Sub Sale,Strata,Apartment,1.0,14.0,Rest of Central Region,24,12,6,10,0,99,2019,94,5,0.050505050505050504,1,0,0,4,-2.4492935982947064e-16,1.0,1492404.01281526
THE CREEK @ BUKIT,1603.84,TOH TUCK ROAD,Resale,Strata,Condominium,1.0,21.0,Rest of Central Region,21,8,1,5,1,9999,0,9999,0,0.0,0,0,0,3,-0.8660254037844384,-0.5000000000000004,2010453.4045907
PRINCIPAL GARDEN,484.38,PRINCE CHARLES CRESCENT,Resale,Strata,Condominium,1.0,3.0,Rest of Central Region,22,2,6,10,0,99,2014,91,8,0.08080808080808081,1,0,0,1,0.8660254037844386,0.5000000000000001,928629.0368604786
CASCADALE,1302.44,UPPER CHANGI ROAD EAST,Resale,Strata,Condominium,1.0,16.0,Outside Central Region,21,4,1,5,1,9999,0,9999,0,0.0,0,0,0,2,0.8660254037844387,-0.49999999999999983,1343970.9242108858
CLOVER BY THE PARK,1248.62,BISHAN STREET 25,Resale,Strata,Condominium,1.0,20.0,Rest of Central Region,23,4,16,20,0,99,2007,83,16,0.16161616161616163,1,0,0,2,0.8660254037844387,-0.49999999999999983,2174582.0181632633
REFLECTIONS AT KEPPEL BAY,1151.75,KEPPEL BAY VIEW,Resale,Strata,Condominium,1.0,4.0,Rest of Central Region,22,4,6,10,0,99,2006,83,16,0.16161616161616163,1,0,0,2,0.8660254037844387,-0.49999999999999983,1873749.9516891018
PEOPLE'S PARK COMPLEX,409.03,PARK ROAD,Resale,Strata,Apartment,1.0,1.0,Rest of Central Region,20,10,6,10,0,99,1968,47,52,0.5252525252525253,3,1,0,4,-0.8660254037844386,0.5000000000000001,512927.6251295616
LIV @ MB,818.06,ARTHUR ROAD,New Sale,Strata,Condominium,1.0,15.0,Rest of Central Region,22,5,6,10,0,99,2021,98,1,0.010101010101010102,1,0,0,2,0.49999999999999994,-0.8660254037844387,2000020.2530109012
THOMSON VIEW CONDOMINIUM,1313.21,BRIGHT HILL DRIVE,Resale,Strata,Condominium,1.0,20.0,Rest of Central Region,23,8,6,10,0,99,1975,51,48,0.48484848484848486,3,0,0,3,-0.8660254037844384,-0.5000000000000004,1963161.8942852856
LENTOR MANSION,656.6,LENTOR GARDENS,New Sale,Strata,Apartment,1.0,26.0,Outside Central Region,24,3,1,5,0,99,2023,98,1,0.010101010101010102,1,0,0,1,1.0,6.123233995736766e-17,1470256.4189371476
Q BAY RESIDENCES,796.54,TAMPINES STREET 86,Resale,Strata,Condominium,1.0,18.0,Outside Central Region,22,7,6,10,0,99,2012,89,10,0.10101010101010101,1,0,0,3,-0.4999999999999998,-0.8660254037844388,974369.9750053739
NORMANTON PARK,731.95,NORMANTON PARK,New Sale,Strata,Apartment,1.0,5.0,Rest of Central Region,21,1,11,15,0,99,2019,97,2,0.020202020202020204,1,0,0,1,0.49999999999999994,0.8660254037844387,1311437.9155312742
VARSITY PARK CONDOMINIUM,1636.13,WEST COAST ROAD,Resale,Strata,Condominium,1.0,5.0,Outside Central Region,23,2,1,5,0,99,2004,80,19,0.1919191919191919,1,0,0,1,0.8660254037844386,0.5000000000000001,2236033.6382573596
TREASURE AT TAMPINES,914.94,TAMPINES LANE,New Sale,Strata,Condominium,1.0,18.0,Outside Central Region,20,9,1,5,0,99,2018,97,2,0.020202020202020204,1,0,0,3,-1.0,-1.8369701987210297e-16,1233204.3199377994
WATERTOWN,570.49,PUNGGOL CENTRAL,Resale,Strata,Apartment,1.0,19.0,Outside Central Region,22,11,1,5,0,99,2011,88,11,0.1111111111111111,1,1,1,4,-0.5000000000000004,0.8660254037844384,861027.5067556505
CHUAN PARK,731.95,LORONG CHUAN,New Sale,Strata,Condominium,1.0,19.0,Outside Central Region,24,11,6,10,0,99,2024,99,0,0.0,1,1,1,4,-0.5000000000000004,0.8660254037844384,1885963.0389720683
MANDARIN GARDENS,1528.49,SIGLAP ROAD,Resale,Strata,Condominium,1.0,15.0,Outside Central Region,20,8,11,15,0,99,1982,61,38,0.3838383838383838,2,0,0,3,-0.8660254037844384,-0.5000000000000004,1668023.4957999047
ONE FORT,1205.57,FORT ROAD,Resale,Strata,Condominium,1.0,15.0,Rest of Central Region,24,1,11,15,1,9999,0,9999,0,0.0,0,0,0,1,0.49999999999999994,0.8660254037844387,2266809.6660361122
THE HILL @ONE-NORTH,1097.93,SLIM BARRACKS RISE,New Sale,Strata,Apartment,1.0,5.0,Rest of Central Region,24,4,1,5,0,99,2022,97,2,0.020202020202020204,1,0,0,2,0.8660254037844387,-0.49999999999999983,2665840.749387097
D'NEST,753.48,PASIR RIS GROVE,Resale,Strata,Condominium,1.0,18.0,Outside Central Region,24,8,6,10,0,99,2010,85,14,0.1414141414141414,1,0,0,3,-0.8660254037844384,-0.5000000000000004,1102296.007741196
NORMANTON PARK,731.95,NORMANTON PARK,New Sale,Strata,Apartment,1.0,5.0,Rest of Central Region,21,7,1,5,0,99,2019,97,2,0.020202020202020204,1,0,0,3,-0.4999999999999998,-0.8660254037844388,1304283.8530256075
AVENUE SOUTH RESIDENCE,1108.69,SILAT AVENUE,New Sale,Strata,Apartment,1.0,3.0,Rest of Central Region,21,7,36,40,0,99,2018,96,3,0.030303030303030304,1,0,0,3,-0.4999999999999998,-0.8660254037844388,2433199.924201504
SORA,645.84,YUAN CHING ROAD,New Sale,Strata,Apartment,1.0,22.0,Outside Central Region,24,7,1,5,0,99,2023,98,1,0.010101010101010102,1,0,0,3,-0.4999999999999998,-0.8660254037844388,1305290.1817238932
THE CONTINUUM,721.19,THIAM SIEW AVENUE,New Sale,Strata,Apartment,1.0,15.0,Rest of Central Region,23,5,6,10,1,9999,0,9999,0,0.0,0,0,0,2,0.49999999999999994,-0.8660254037844387,1978276.4555727716
THE PARC CONDOMINIUM,1420.85,WEST COAST WALK,Resale,Strata,Condominium,1.0,5.0,Outside Central Region,21,4,6,10,1,9999,0,9999,0,0.0,0,0,0,2,0.8660254037844387,-0.49999999999999983,1926957.2845158156
WATERFRONT GOLD,1291.68,BEDOK RESERVOIR ROAD,Resale,Strata,Condominium,1.0,16.0,Outside Central Region,22,8,1,5,0,99,2009,86,13,0.13131313131313133,1,0,0,3,-0.8660254037844384,-0.5000000000000004,1645379.591431224
EVERGREEN PARK,1011.82,HOUGANG AVENUE 7,Resale,Strata,Apartment,1.0,19.0,Outside Central Region,22,12,1,5,0,99,1995,72,27,0.2727272727272727,2,0,0,4,-2.4492935982947064e-16,1.0,999606.7936232882
EDENZ SUITES,473.62,LORONG 28 GEYLANG,Resale,Strata,Apartment,1.0,14.0,Rest of Central Region,20,11,1,5,1,9999,0,9999,0,0.0,0,1,1,4,-0.5000000000000004,0.8660254037844384,602698.9158457336
CLAVON,1689.95,CLEMENTI AVENUE 1,New Sale,Strata,Apartment,1.0,5.0,Outside Central Region,22,2,11,15,0,99,2019,96,3,0.030303030303030304,1,0,0,1,0.8660254037844386,0.5000000000000001,2806493.4944827836
SKIES MILTONIA,710.42,MILTONIA CLOSE,Resale,Strata,Condominium,1.0,27.0,Outside Central Region,22,4,11,15,0,99,2012,89,10,0.10101010101010101,1,0,0,2,0.8660254037844387,-0.49999999999999983,853660.5504276567
THOMSON GRAND,979.52,SIN MING WALK,Resale,Strata,Condominium,1.0,20.0,Rest of Central Region,22,11,16,20,0,99,2010,87,12,0.12121212121212122,1,1,1,4,-0.5000000000000004,0.8660254037844384,1633984.734812643
THE CLEMENT CANOPY,710.42,CLEMENTI AVENUE 1,Resale,Strata,Apartment,1.0,5.0,Outside Central Region,21,12,31,35,0,99,2016,94,5,0.050505050505050504,1,0,0,4,-2.4492935982947064e-16,1.0,1157663.9460155691
THE METZ,1065.64,DEVONSHIRE ROAD,Resale,Strata,Condominium,1.0,9.0,Core Central Region,24,5,16,20,1,9999,0,9999,0,0.0,0,0,0,2,0.49999999999999994,-0.8660254037844387,2602305.2953630565
AFFINITY AT SERANGOON,850.36,SERANGOON NORTH AVENUE 1,New Sale,Strata,Apartment,1.0,19.0,Outside Central Region,20,9,6,10,0,99,2018,97,2,0.020202020202020204,1,0,0,3,-1.0,-1.8369701987210297e-16,1273697.2517178734
THE TRIZON,1044.11,RIDGEWOOD CLOSE,Resale,Strata,Condominium,1.0,10.0,Core Central Region,22,8,6,10,1,9999,0,9999,0,0.0,0,0,0,3,-0.8660254037844384,-0.5000000000000004,2083764.0931658365
HILLHAVEN,1259.39,HILLVIEW RISE,New Sale,Strata,Condominium,1.0,23.0,Outside Central Region,24,6,16,20,0,99,2023,98,1,0.010101010101010102,1,0,0,2,1.2246467991473532e-16,-1.0,2581944.432744927
RIVERFRONT RESIDENCES,1485.43,HOUGANG AVENUE 7,Sub Sale,Strata,Apartment,1.0,19.0,Outside Central Region,22,7,1,5,0,99,2018,95,4,0.04040404040404041,1,0,0,3,-0.4999999999999998,-0.8660254037844388,2200427.7270954996
THE CASCADIA,1420.85,BUKIT TIMAH ROAD,Resale,Strata,Condominium,1.0,21.0,Rest of Central Region,21,5,1,5,1,9999,0,9999,0,0.0,0,0,0,2,0.49999999999999994,-0.8660254037844387,2375232.0554772974
THE MINTON,1496.2,HOUGANG STREET 11,Resale,Strata,Condominium,1.0,19.0,Outside Central Region,21,5,6,10,0,99,2007,85,14,0.1414141414141414,1,0,0,2,0.49999999999999994,-0.8660254037844387,1593217.224958161
MAYSPRINGS,1399.32,PETIR ROAD,Resale,Strata,Apartment,1.0,23.0,Outside Central Region,24,9,21,25,0,99,1994,69,30,0.30303030303030304,2,0,0,3,-1.0,-1.8369701987210297e-16,1712279.2744247061
CANNINGHILL PIERS,409.03,CLARKE QUAY,New Sale,Strata,Apartment,1.0,6.0,Rest of Central Region,21,11,16,20,0,99,2021,99,0,0.0,1,1,1,4,-0.5000000000000004,0.8660254037844384,1233561.9454706714
BOTANIQUE AT BARTLEY,731.95,UPPER PAYA LEBAR ROAD,Resale,Strata,Condominium,1.0,19.0,Outside Central Region,21,4,11,15,0,99,2014,92,7,0.0707070707070707,1,0,0,2,0.8660254037844387,-0.49999999999999983,1092927.1351998106
DE ROYALE,1259.39,JALAN RAMA RAMA,Resale,Strata,Condominium,1.0,12.0,Rest of Central Region,24,3,6,10,1,9999,0,9999,0,0.0,0,0,0,1,1.0,6.123233995736766e-17,2103788.1008156925
LENTOR HILLS RESIDENCES,1356.26,LENTOR HILLS ROAD,New Sale,Strata,Apartment,1.0,26.0,Outside Central Region,23,9,11,15,0,99,2022,98,1,0.010101010101010102,1,0,0,3,-1.0,-1.8369701987210297e-16,2808031.2379172053
NOUVEL 18,2475.72,ANDERSON ROAD,Resale,Strata,Condominium,1.0,10.0,Core Central Region,20,9,26,30,1,9999,0,9999,0,0.0,0,0,0,3,-1.0,-1.8369701987210297e-16,7846548.2166810185
SUN PLAZA,1776.06,SEMBAWANG DRIVE,Resale,Strata,Apartment,1.0,27.0,Outside Central Region,23,4,6,10,0,99,1996,72,27,0.2727272727272727,2,0,0,2,0.8660254037844387,-0.49999999999999983,1469127.8813492765
WATERTOWN,559.73,PUNGGOL CENTRAL,Resale,Strata,Apartment,1.0,19.0,Outside Central Region,21,12,6,10,0,99,2011,89,10,0.10101010101010101,1,0,0,4,-2.4492935982947064e-16,1.0,818759.387032562
QUEENS,1194.8,STIRLING ROAD,Resale,Strata,Condominium,1.0,3.0,Rest of Central Region,23,12,6,10,0,99,1998,74,25,0.25252525252525254,2,0,0,4,-2.4492935982947064e-16,1.0,1905306.8051733254
THE TRE VER,1097.93,POTONG PASIR AVENUE 1,New Sale,Strata,Condominium,1.0,13.0,Rest of Central Region,20,9,11,15,0,99,2018,97,2,0.020202020202020204,1,0,0,3,-1.0,-1.8369701987210297e-16,1820308.8463211174
HYLL ON HOLLAND,936.47,HOLLAND ROAD,New Sale,Strata,Condominium,1.0,10.0,Core Central Region,21,6,6,10,1,9999,0,9999,0,0.0,0,0,0,2,1.2246467991473532e-16,-1.0,2328128.9933565226
THE REEF AT KING'S DOCK,742.72,HARBOURFRONT AVENUE,New Sale,Strata,Condominium,1.0,4.0,Rest of Central Region,21,2,6,10,0,99,2021,99,0,0.0,1,0,0,1,0.8660254037844386,0.5000000000000001,1676189.4346098453
THE MYST,699.66,UPPER BUKIT TIMAH ROAD,New Sale,Strata,Condominium,1.0,23.0,Outside Central Region,23,7,1,5,0,99,2023,99,0,0.0,1,0,0,3,-0.4999999999999998,-0.8660254037844388,1461041.1177597523
COMMONWEALTH TOWERS,796.54,COMMONWEALTH AVENUE,Resale,Strata,Condominium,1.0,3.0,Rest of Central Region,22,7,16,20,0,99,2013,90,9,0.09090909090909091,1,0,0,3,-0.4999999999999998,-0.8660254037844388,1526898.102163204
HYLL ON HOLLAND,936.47,HOLLAND ROAD,New Sale,Strata,Condominium,1.0,10.0,Core Central Region,22,5,1,5,1,9999,0,9999,0,0.0,0,0,0,2,0.49999999999999994,-0.8660254037844387,2435570.3960719793
PARC ROSEWOOD,516.67,ROSEWOOD DRIVE,Resale,Strata,Condominium,1.0,25.0,Outside Central Region,21,6,1,5,0,99,2011,89,10,0.10101010101010101,1,0,0,2,1.2246467991473532e-16,-1.0,558667.2967397353
GILSTEAD COURT,1388.56,GILSTEAD ROAD,Resale,Strata,Condominium,1.0,11.0,Core Central Region,24,1,0,0,1,9999,0,9999,0,0.0,0,0,0,1,0.49999999999999994,0.8660254037844387,2646954.6333132414
ISUITES @ PALM,1184.04,GLASGOW ROAD,Resale,Strata,Apartment,1.0,19.0,Outside Central Region,21,2,1,5,0,999,1878,856,143,0.14314314314314314,1,0,0,1,0.8660254037844386,0.5000000000000001,1170442.5303818532
THE HYDE,1571.54,BALMORAL ROAD,New Sale,Strata,Condominium,1.0,10.0,Core Central Region,22,10,6,10,1,9999,0,9999,0,0.0,0,1,0,4,-0.8660254037844386,0.5000000000000001,4754659.852662265
THE TREVOSE,1776.06,TREVOSE CRESCENT,Resale,Strata,Condominium,1.0,11.0,Core Central Region,20,8,1,5,0,99,1996,75,24,0.24242424242424243,2,0,0,3,-0.8660254037844384,-0.5000000000000004,2408671.8821765813
PANDAN VALLEY,2325.02,PANDAN VALLEY,Resale,Strata,Condominium,1.0,21.0,Rest of Central Region,21,7,6,10,1,9999,0,9999,0,0.0,0,0,0,3,-0.4999999999999998,-0.8660254037844388,2770789.3895227523
THE INFLORA,462.85,FLORA DRIVE,Resale,Strata,Condominium,1.0,17.0,Outside Central Region,22,12,6,10,0,99,2012,89,10,0.10101010101010101,1,0,0,4,-2.4492935982947064e-16,1.0,616126.7482551745
BOATHOUSE RESIDENCES,914.94,UPPER SERANGOON VIEW,Resale,Strata,Condominium,1.0,19.0,Outside Central Region,21,6,11,15,0,99,2011,89,10,0.10101010101010101,1,0,0,2,1.2246467991473532e-16,-1.0,968329.8723167687
SANCTUARY GREEN,1571.54,TANJONG RHU ROAD,Resale,Strata,Condominium,1.0,15.0,Rest of Central Region,22,9,11,15,0,99,1997,74,25,0.25252525252525254,2,0,0,3,-1.0,-1.8369701987210297e-16,2304017.3886644267
ONE ST MICHAEL'S,1259.39,ST. MICHAEL'S ROAD,Resale,Strata,Condominium,1.0,12.0,Rest of Central Region,20,8,16,20,1,9999,0,9999,0,0.0,0,0,0,3,-0.8660254037844384,-0.5000000000000004,1547860.0533781585
MATTAR RESIDENCES,656.6,MATTAR ROAD,Resale,Strata,Apartment,1.0,14.0,Rest of Central Region,24,10,1,5,1,9999,0,9999,0,0.0,0,1,0,4,-0.8660254037844386,0.5000000000000001,1320011.8679669972
SKY VUE,678.13,BISHAN STREET 15,Resale,Strata,Condominium,1.0,20.0,Rest of Central Region,23,9,26,30,0,99,2013,89,10,0.10101010101010101,1,0,0,3,-1.0,-1.8369701987210297e-16,1422242.64622705
CASTLE GREEN,947.23,YIO CHU KANG ROAD,Resale,Strata,Condominium,1.0,26.0,Outside Central Region,22,9,1,5,0,99,1993,70,29,0.29292929292929293,2,0,0,3,-1.0,-1.8369701987210297e-16,980732.926796757
MIDTOWN MODERN,473.62,TAN QUEE LAN STREET,New Sale,Strata,Apartment,1.0,7.0,Core Central Region,21,3,6,10,0,99,2019,97,2,0.020202020202020204,1,0,0,1,1.0,6.123233995736766e-17,1256434.4678814653
LENTOR HILLS RESIDENCES,1097.93,LENTOR HILLS ROAD,New Sale,Strata,Apartment,1.0,26.0,Outside Central Region,24,4,6,10,0,99,2022,97,2,0.020202020202020204,1,0,0,2,0.8660254037844387,-0.49999999999999983,2334998.8564812928
NINETEEN SHELFORD ROAD,1722.24,SHELFORD ROAD,Resale,Strata,Condominium,1.0,11.0,Core Central Region,21,7,1,5,1,9999,0,9999,0,0.0,0,0,0,3,-0.4999999999999998,-0.8660254037844388,2205369.029409206
PARC CLEMATIS,893.41,JALAN LEMPENG,New Sale,Strata,Apartment,1.0,5.0,Outside Central Region,21,5,16,20,0,99,2019,97,2,0.020202020202020204,1,0,0,2,0.49999999999999994,-0.8660254037844387,1530468.202614602
FORETT@BUKIT TIMAH,753.48,TOH TUCK ROAD,New Sale,Strata,Apartment,1.0,21.0,Rest of Central Region,20,8,6,10,1,9999,0,9999,0,0.0,0,0,0,3,-0.8660254037844384,-0.5000000000000004,1458092.6260762946
MORI,710.42,GUILLEMARD ROAD,New Sale,Strata,Apartment,1.0,14.0,Rest of Central Region,21,12,1,5,1,9999,0,9999,0,0.0,0,0,0,4,-2.4492935982947064e-16,1.0,1305636.0254525756
BAYVILLE CONDOMINIUM,1248.62,SOUTH BUONA VISTA ROAD,Resale,Strata,Condominium,1.0,5.0,Rest of Central Region,21,11,1,5,1,9999,0,9999,0,0.0,0,1,1,4,-0.5000000000000004,0.8660254037844384,1570710.6625585028
THE WATERGARDENS AT CANBERRA,958.0,CANBERRA DRIVE,New Sale,Strata,Apartment,1.0,27.0,Outside Central Region,21,8,1,5,0,99,2020,98,1,0.010101010101010102,1,0,0,3,-0.8660254037844384,-0.5000000000000004,1345348.6219804944
NEW COURT,1151.75,JALAN DUSUN,Resale,Strata,Apartment,1.0,12.0,Rest of Central Region,24,9,1,5,1,9999,0,9999,0,0.0,0,0,0,3,-1.0,-1.8369701987210297e-16,1606767.2527272473
LENTOR MODERN,990.29,LENTOR CENTRAL,New Sale,Strata,Apartment,1.0,26.0,Outside Central Region,22,9,11,15,0,99,2021,98,1,0.010101010101010102,1,0,0,3,-1.0,-1.8369701987210297e-16,2051281.9682619686
THE GARDEN RESIDENCES,452.09,SERANGOON NORTH VIEW,Resale,Strata,Apartment,1.0,19.0,Outside Central Region,23,4,11,15,0,99,2017,93,6,0.06060606060606061,1,0,0,2,0.8660254037844387,-0.49999999999999983,813730.4837466219
A TREASURE TROVE,914.94,PUNGGOL WALK,Resale,Strata,Condominium,1.0,19.0,Outside Central Region,24,3,11,15,0,99,2011,86,13,0.13131313131313133,1,0,0,1,1.0,6.123233995736766e-17,1410280.4395295389
CENTRO RESIDENCES,742.72,ANG MO KIO AVENUE 8,Resale,Strata,Condominium,1.0,20.0,Outside Central Region,24,4,6,10,0,99,2007,82,17,0.1717171717171717,1,0,0,2,0.8660254037844387,-0.49999999999999983,1310976.6442510062
LAKE GRANDE,979.52,JURONG LAKE LINK,Resale,Strata,Condominium,1.0,22.0,Outside Central Region,23,11,11,15,0,99,2015,91,8,0.08080808080808081,1,1,1,4,-0.5000000000000004,0.8660254037844384,1662966.3607783294
BLUE HORIZON,1162.51,WEST COAST CRESCENT,Resale,Strata,Condominium,1.0,5.0,Outside Central Region,22,2,6,10,0,99,2000,77,22,0.2222222222222222,2,0,0,1,0.8660254037844386,0.5000000000000001,1342852.5799406187
COSTA DEL SOL,1345.5,BAYSHORE ROAD,Resale,Strata,Condominium,1.0,16.0,Outside Central Region,23,6,6,10,0,99,1997,73,26,0.26262626262626265,2,0,0,2,1.2246467991473532e-16,-1.0,2200914.1261810474
J'DEN,1140.98,JURONG EAST CENTRAL 1,New Sale,Strata,Apartment,1.0,22.0,Outside Central Region,24,2,36,40,0,99,2023,98,1,0.010101010101010102,1,0,0,1,0.8660254037844386,0.5000000000000001,3022868.325967596
AFFINITY AT SERANGOON,624.31,SERANGOON NORTH AVENUE 1,Sub Sale,Strata,Apartment,1.0,19.0,Outside Central Region,24,3,6,10,0,99,2018,93,6,0.06060606060606061,1,0,0,1,1.0,6.123233995736766e-17,1119918.788932665
MIDTOWN MODERN,473.62,TAN QUEE LAN STREET,New Sale,Strata,Apartment,1.0,7.0,Core Central Region,21,3,1,5,0,99,2019,97,2,0.020202020202020204,1,0,0,1,1.0,6.123233995736766e-17,1284333.9751838017
HILLTOP GROVE,1011.82,HILLVIEW AVENUE,Resale,Strata,Condominium,1.0,23.0,Outside Central Region,23,1,1,5,0,99,1996,72,27,0.2727272727272727,2,0,0,1,0.49999999999999994,0.8660254037844387,1035512.1635249908
FLORAVIEW,1022.58,ANG MO KIO STREET 66,Resale,Strata,Apartment,1.0,20.0,Outside Central Region,22,3,1,5,1,9999,0,9999,0,0.0,0,0,0,1,1.0,6.123233995736766e-17,1217863.110013464
KASSIA,656.6,FLORA DRIVE,New Sale,Strata,Condominium,1.0,17.0,Outside Central Region,24,7,6,10,1,9999,0,9999,0,0.0,0,0,0,3,-0.4999999999999998,-0.8660254037844388,1346308.1301867578
MARINA ONE RESIDENCES,1593.07,MARINA WAY,Resale,Strata,Apartment,1.0,1.0,Core Central Region,22,7,26,30,0,99,2011,88,11,0.1111111111111111,1,0,0,3,-0.4999999999999998,-0.8660254037844388,4256439.015586525
M21,710.42,MANDALAY ROAD,Resale,Strata,Apartment,1.0,11.0,Core Central Region,21,7,6,10,1,9999,0,9999,0,0.0,0,0,0,3,-0.4999999999999998,-0.8660254037844388,1163017.0533920287
ROYALGREEN,1065.64,ANAMALAI AVENUE,New Sale,Strata,Condominium,1.0,10.0,Core Central Region,20,12,1,5,1,9999,0,9999,0,0.0,0,0,0,4,-2.4492935982947064e-16,1.0,2874090.818120556
GRAND DUCHESS AT ST PATRICK'S,1377.79,ST. PATRICK'S ROAD,Resale,Strata,Condominium,1.0,15.0,Outside Central Region,24,9,1,5,1,9999,0,9999,0,0.0,0,0,0,3,-1.0,-1.8369701987210297e-16,2909409.976839351
THE PEAK@BALMEG,3067.74,BALMEG HILL,Resale,Strata,Condominium,1.0,5.0,Rest of Central Region,24,5,1,5,1,9999,0,9999,0,0.0,0,0,0,2,0.49999999999999994,-0.8660254037844387,4660361.425851929
MIDTOWN BAY,753.48,BEACH ROAD,New Sale,Strata,Apartment,1.0,7.0,Core Central Region,22,2,11,15,0,99,2018,95,4,0.04040404040404041,1,0,0,1,0.8660254037844386,0.5000000000000001,2142814.838332338
PICCADILLY GRAND,882.65,NORTHUMBERLAND ROAD,New Sale,Strata,Apartment,1.0,8.0,Rest of Central Region,22,5,21,25,0,99,2021,98,1,0.010101010101010102,1,0,0,2,0.49999999999999994,-0.8660254037844387,1874948.6424923963
NAVA GROVE,624.31,PINE GROVE,New Sale,Strata,Condominium,1.0,21.0,Rest of Central Region,24,11,11,15,0,99,2024,99,0,0.0,1,1,1,4,-0.5000000000000004,0.8660254037844384,1547486.261268045
FORETT@BUKIT TIMAH,1162.51,TOH TUCK ROAD,New Sale,Strata,Apartment,1.0,21.0,Rest of Central Region,21,12,1,5,1,9999,0,9999,0,0.0,0,0,0,4,-2.4492935982947064e-16,1.0,2190794.3277968485
DAIRY FARM RESIDENCES,764.24,DAIRY FARM LANE,New Sale,Strata,Apartment,1.0,23.0,Outside Central Region,22,2,11,15,0,99,2018,95,4,0.04040404040404041,1,0,0,1,0.8660254037844386,0.5000000000000001,1333414.4670291184
LANDRIDGE CONDOMINIUM,1894.46,PASIR PANJANG ROAD,Resale,Strata,Condominium,1.0,5.0,Rest of Central Region,24,5,1,5,1,9999,0,9999,0,0.0,0,0,0,2,0.49999999999999994,-0.8660254037844387,2883930.9445576593
JEWEL @ BUANGKOK,775.01,COMPASSVALE BOW,Resale,Strata,Condominium,1.0,19.0,Outside Central Region,20,10,11,15,0,99,2012,91,8,0.08080808080808081,1,1,0,4,-0.8660254037844386,0.5000000000000001,1009544.2530741988
RIVERBANK @ FERNVALE,1334.74,FERNVALE CLOSE,Resale,Strata,Condominium,1.0,28.0,Outside Central Region,21,4,1,5,0,99,2013,91,8,0.08080808080808081,1,0,0,2,0.8660254037844387,-0.49999999999999983,1303997.796694848
THE CREST,635.08,PRINCE CHARLES CRESCENT,Resale,Strata,Condominium,1.0,3.0,Rest of Central Region,24,12,6,10,0,99,2012,87,12,0.12121212121212122,1,0,0,4,-2.4492935982947064e-16,1.0,1424565.2419047924
ONE LEICESTER,1248.62,LEICESTER ROAD,Resale,Strata,Condominium,1.0,13.0,Rest of Central Region,22,1,16,20,1,9999,0,9999,0,0.0,0,0,0,1,0.49999999999999994,0.8660254037844387,1839814.2417669506
CLAVON,958.0,CLEMENTI AVENUE 1,New Sale,Strata,Apartment,1.0,5.0,Outside Central Region,20,12,6,10,0,99,2019,98,1,0.010101010101010102,1,0,0,4,-2.4492935982947064e-16,1.0,1543020.7474750045
ICON,914.94,GOPENG STREET,Resale,Strata,Apartment,1.0,2.0,Core Central Region,21,5,21,25,0,99,2002,80,19,0.1919191919191919,1,0,0,2,0.49999999999999994,-0.8660254037844387,1467310.3272699246
RIVERFRONT RESIDENCES,914.94,HOUGANG AVENUE 7,Sub Sale,Strata,Apartment,1.0,19.0,Outside Central Region,22,5,6,10,0,99,2018,95,4,0.04040404040404041,1,0,0,2,0.49999999999999994,-0.8660254037844387,1407014.8602568724
EASTWOOD CENTRE,1001.05,EASTWOOD ROAD,Resale,Strata,Apartment,1.0,16.0,Outside Central Region,21,1,1,5,0,99,1995,73,26,0.26262626262626265,2,0,0,1,0.49999999999999994,0.8660254037844387,942188.9976729746
AMO RESIDENCE,1291.68,ANG MO KIO RISE,New Sale,Strata,Apartment,1.0,20.0,Outside Central Region,22,7,1,5,0,99,2021,98,1,0.010101010101010102,1,0,0,3,-0.4999999999999998,-0.8660254037844388,2544828.9057950503
THE BAYSHORE,1184.04,BAYSHORE ROAD,Resale,Strata,Condominium,1.0,16.0,Outside Central Region,21,8,21,25,0,99,1993,71,28,0.2828282828282828,2,0,0,3,-0.8660254037844384,-0.5000000000000004,1297203.6996333036
RIVERFRONT RESIDENCES,613.55,HOUGANG AVENUE 7,New Sale,Strata,Apartment,1.0,19.0,Outside Central Region,21,7,1,5,0,99,2018,96,3,0.030303030303030304,1,0,0,3,-0.4999999999999998,-0.8660254037844388,862757.3892810823
SKY EDEN@BEDOK,893.41,BEDOK CENTRAL,New Sale,Strata,Apartment,1.0,16.0,Outside Central Region,22,9,11,15,0,99,2022,99,0,0.0,1,0,0,3,-1.0,-1.8369701987210297e-16,1817978.7808042748
SCOTTS 28,2034.4,SCOTTS ROAD,Resale,Strata,Condominium,1.0,9.0,Core Central Region,20,9,16,20,1,9999,0,9999,0,0.0,0,0,0,3,-1.0,-1.8369701987210297e-16,4365918.126719814
LENTOR HILLS RESIDENCES,1119.46,LENTOR HILLS ROAD,New Sale,Strata,Apartment,1.0,26.0,Outside Central Region,24,3,1,5,0,99,2022,97,2,0.020202020202020204,1,0,0,1,1.0,6.123233995736766e-17,2288334.3197560017
STILLZ RESIDENCE,2088.22,LORONG 108 CHANGI,Resale,Strata,Apartment,1.0,15.0,Rest of Central Region,24,4,1,5,1,9999,0,9999,0,0.0,0,0,0,2,0.8660254037844387,-0.49999999999999983,2513284.1293952647
DAINTREE RESIDENCE,742.72,TOH TUCK ROAD,New Sale,Strata,Condominium,1.0,21.0,Rest of Central Region,20,8,1,5,0,99,2017,96,3,0.030303030303030304,1,0,0,3,-0.8660254037844384,-0.5000000000000004,1327295.9276408076
SENGKANG GRAND RESIDENCES,764.24,COMPASSVALE BOW,New Sale,Strata,Apartment,1.0,19.0,Outside Central Region,21,8,1,5,0,99,2018,96,3,0.030303030303030304,1,0,0,3,-0.8660254037844384,-0.5000000000000004,1280720.7336712207
PARK NOVA,1431.61,TOMLINSON ROAD,New Sale,Strata,Apartment,1.0,10.0,Core Central Region,21,5,16,20,1,9999,0,9999,0,0.0,0,0,0,2,0.49999999999999994,-0.8660254037844387,6592148.16831962
THE GAZANIA,1280.92,HOW SUN DRIVE,New Sale,Strata,Condominium,1.0,19.0,Outside Central Region,20,10,1,5,1,9999,0,9999,0,0.0,0,1,0,4,-0.8660254037844386,0.5000000000000001,2379539.51438498
E MAISON,904.18,BRADDELL ROAD,Resale,Strata,Apartment,1.0,13.0,Outside Central Region,23,6,1,5,1,9999,0,9999,0,0.0,0,0,0,2,1.2246467991473532e-16,-1.0,1403924.4788800883
THE NAUTICAL,764.24,JALAN SENDUDOK,Resale,Strata,Condominium,1.0,27.0,Outside Central Region,22,10,1,5,0,99,2011,88,11,0.1111111111111111,1,1,0,4,-0.8660254037844386,0.5000000000000001,885823.9894144069
AXIS @ SIGLAP,818.06,EAST COAST TERRACE,Resale,Strata,Apartment,1.0,15.0,Outside Central Region,22,9,1,5,1,9999,0,9999,0,0.0,0,0,0,3,-1.0,-1.8369701987210297e-16,1174088.9434636554
CARIBBEAN AT KEPPEL BAY,2691.0,KEPPEL BAY DRIVE,Resale,Strata,Condominium,1.0,4.0,Rest of Central Region,24,12,1,5,0,99,1999,74,25,0.25252525252525254,2,0,0,4,-2.4492935982947064e-16,1.0,4310647.885172742
CLAVON,527.44,CLEMENTI AVENUE 1,New Sale,Strata,Apartment,1.0,5.0,Outside Central Region,20,12,1,5,0,99,2019,98,1,0.010101010101010102,1,0,0,4,-2.4492935982947064e-16,1.0,856707.1047549463
NORMANTON PARK,1614.6,NORMANTON PARK,New Sale,Strata,Apartment,1.0,5.0,Rest of Central Region,21,6,16,20,0,99,2019,97,2,0.020202020202020204,1,0,0,2,1.2246467991473532e-16,-1.0,2902189.478711877
MIDTOWN MODERN,721.19,TAN QUEE LAN STREET,New Sale,Strata,Apartment,1.0,7.0,Core Central Region,21,3,1,5,0,99,2019,97,2,0.020202020202020204,1,0,0,1,1.0,6.123233995736766e-17,1799265.764060187
D'LEEDON,785.77,LEEDON HEIGHTS,Resale,Strata,Condominium,1.0,10.0,Core Central Region,21,9,31,35,0,99,2010,88,11,0.1111111111111111,1,0,0,3,-1.0,-1.8369701987210297e-16,1426908.745973439
RIS GRANDEUR,1291.68,ELIAS ROAD,Resale,Strata,Condominium,1.0,18.0,Outside Central Region,22,6,6,10,1,9999,0,9999,0,0.0,0,0,0,2,1.2246467991473532e-16,-1.0,1498081.1726882905
EMERALD OF KATONG,688.9,JALAN TEMBUSU,New Sale,Strata,Condominium,1.0,15.0,Rest of Central Region,24,11,11,15,0,99,2023,98,1,0.010101010101010102,1,1,1,4,-0.5000000000000004,0.8660254037844384,1846687.864528526
THE LAKEFRONT RESIDENCES,592.02,LAKESIDE DRIVE,Resale,Strata,Condominium,1.0,22.0,Outside Central Region,22,2,16,20,0,99,2010,87,12,0.12121212121212122,1,0,0,1,0.8660254037844386,0.5000000000000001,830856.1796350678
AMO RESIDENCE,742.72,ANG MO KIO RISE,New Sale,Strata,Apartment,1.0,20.0,Outside Central Region,22,7,1,5,0,99,2021,98,1,0.010101010101010102,1,0,0,3,-0.4999999999999998,-0.8660254037844388,1505318.5874495343
HILLVISTA,1216.33,ELIZABETH DRIVE,Resale,Strata,Condominium,1.0,23.0,Outside Central Region,24,4,1,5,1,9999,0,9999,0,0.0,0,0,0,2,0.8660254037844387,-0.49999999999999983,1893501.1015754708
PALM GARDENS,1937.52,HONG SAN WALK,Resale,Strata,Condominium,1.0,23.0,Outside Central Region,21,6,16,20,0,99,1996,74,25,0.25252525252525254,2,0,0,2,1.2246467991473532e-16,-1.0,1483264.753314093
KENT RIDGE HILL RESIDENCES,1076.4,SOUTH BUONA VISTA ROAD,New Sale,Strata,Apartment,1.0,5.0,Rest of Central Region,21,3,1,5,0,99,2018,96,3,0.030303030303030304,1,0,0,1,1.0,6.123233995736766e-17,1887705.4852012142
MATTAR RESIDENCES,828.83,MATTAR ROAD,New Sale,Strata,Apartment,1.0,14.0,Rest of Central Region,24,2,1,5,1,9999,0,9999,0,0.0,0,0,0,1,0.8660254037844386,0.5000000000000001,1808980.8411954823
ECO,548.96,BEDOK SOUTH AVENUE 3,Resale,Strata,Condominium,1.0,16.0,Outside Central Region,23,7,1,5,0,99,2012,88,11,0.1111111111111111,1,0,0,3,-0.4999999999999998,-0.8660254037844388,828261.9419600104
MAYFAIR MODERN,1291.68,RIFLE RANGE ROAD,New Sale,Strata,Condominium,1.0,21.0,Rest of Central Region,22,6,1,5,0,99,2018,95,4,0.04040404040404041,1,0,0,2,1.2246467991473532e-16,-1.0,2633724.032629448
ECHELON,452.09,ALEXANDRA VIEW,Resale,Strata,Condominium,1.0,3.0,Rest of Central Region,22,11,6,10,0,99,2012,89,10,0.10101010101010101,1,1,1,4,-0.5000000000000004,0.8660254037844384,976579.0181043979
WHISTLER GRAND,1442.38,WEST COAST VALE,New Sale,Strata,Apartment,1.0,5.0,Outside Central Region,21,1,26,30,0,99,2018,96,3,0.030303030303030304,1,0,0,1,0.49999999999999994,0.8660254037844387,2029040.686465964
TREASURE AT TAMPINES,914.94,TAMPINES LANE,New Sale,Strata,Condominium,1.0,18.0,Outside Central Region,21,7,11,15,0,99,2018,96,3,0.030303030303030304,1,0,0,3,-0.4999999999999998,-0.8660254037844388,1321672.2913462105
STIRLING RESIDENCES,441.32,STIRLING ROAD,Resale,Strata,Apartment,1.0,3.0,Rest of Central Region,24,8,1,5,0,99,2017,92,7,0.0707070707070707,1,0,0,3,-0.8660254037844384,-0.5000000000000004,932761.3057819416
THE SANTORINI,914.94,TAMPINES STREET 86,Resale,Strata,Condominium,1.0,18.0,Outside Central Region,21,5,6,10,0,99,2013,91,8,0.08080808080808081,1,0,0,2,0.49999999999999994,-0.8660254037844387,1018472.7216402717
HILLOCK GREEN,710.42,LENTOR CENTRAL,New Sale,Strata,Apartment,1.0,26.0,Outside Central Region,23,12,11,15,0,99,2022,98,1,0.010101010101010102,1,0,0,4,-2.4492935982947064e-16,1.0,1552664.6471825344
DAIRY FARM RESIDENCES,710.42,DAIRY FARM LANE,New Sale,Strata,Apartment,1.0,23.0,Outside Central Region,21,8,1,5,0,99,2018,96,3,0.030303030303030304,1,0,0,3,-0.8660254037844384,-0.5000000000000004,1137162.5853847503
CHUAN PARK,936.47,LORONG CHUAN,New Sale,Strata,Condominium,1.0,19.0,Outside Central Region,24,11,1,5,0,99,2024,99,0,0.0,1,1,1,4,-0.5000000000000004,0.8660254037844384,2348325.6137321927
HILLSTA,990.29,PHOENIX ROAD,Resale,Strata,Condominium,1.0,23.0,Outside Central Region,22,10,16,20,0,99,2011,88,11,0.1111111111111111,1,1,0,4,-0.8660254037844386,0.5000000000000001,1145637.740684775
PARC RIVIERA,1184.04,WEST COAST VALE,Resale,Strata,Condominium,1.0,5.0,Outside Central Region,21,4,11,15,0,99,2015,93,6,0.06060606060606061,1,0,0,2,0.8660254037844387,-0.49999999999999983,1491208.812046892
SELETAR SPRINGS CONDOMINIUM,1980.58,GERALD DRIVE,Resale,Strata,Condominium,1.0,28.0,Outside Central Region,21,3,1,5,0,99,1997,75,24,0.24242424242424243,2,0,0,1,1.0,6.123233995736766e-17,1471541.241479015
THE CLEMENT CANOPY,990.29,CLEMENTI AVENUE 1,Resale,Strata,Apartment,1.0,5.0,Outside Central Region,24,9,21,25,0,99,2016,91,8,0.08080808080808081,1,0,0,3,-1.0,-1.8369701987210297e-16,1905668.632867848
FORETT@BUKIT TIMAH,548.96,TOH TUCK ROAD,New Sale,Strata,Apartment,1.0,21.0,Rest of Central Region,21,8,1,5,1,9999,0,9999,0,0.0,0,0,0,3,-0.8660254037844384,-0.5000000000000004,1151546.0129507144
THE STRADIA,1517.72,YIO CHU KANG ROAD,Resale,Strata,Apartment,1.0,19.0,Outside Central Region,21,10,1,5,1,9999,0,9999,0,0.0,0,1,0,4,-0.8660254037844386,0.5000000000000001,1474233.317933064
EAST MEWS,1033.34,MOUNTBATTEN ROAD,Resale,Strata,Apartment,1.0,15.0,Rest of Central Region,21,3,1,5,1,9999,0,9999,0,0.0,0,0,0,1,1.0,6.123233995736766e-17,1324672.1502391305
THE ANTARES,882.65,MATTAR ROAD,New Sale,Strata,Apartment,1.0,14.0,Rest of Central Region,21,9,6,10,0,99,2018,96,3,0.030303030303030304,1,0,0,3,-1.0,-1.8369701987210297e-16,1574810.361239973
THE MINTON,1108.69,HOUGANG STREET 11,Resale,Strata,Condominium,1.0,19.0,Outside Central Region,23,3,16,20,0,99,2007,83,16,0.16161616161616163,1,0,0,1,1.0,6.123233995736766e-17,1518154.7137917548
PEBBLE BAY,1894.46,TANJONG RHU ROAD,Resale,Strata,Condominium,1.0,15.0,Rest of Central Region,21,4,11,15,0,99,1994,72,27,0.2727272727272727,2,0,0,2,0.8660254037844387,-0.49999999999999983,2934319.1114976094
ECO,581.26,BEDOK SOUTH AVENUE 3,Resale,Strata,Condominium,1.0,16.0,Outside Central Region,23,4,11,15,0,99,2012,88,11,0.1111111111111111,1,0,0,2,0.8660254037844387,-0.49999999999999983,884788.1040490482
THE JOVELL,645.84,FLORA DRIVE,New Sale,Strata,Condominium,1.0,17.0,Outside Central Region,22,2,1,5,0,99,2018,95,4,0.04040404040404041,1,0,0,1,0.8660254037844386,0.5000000000000001,927396.6206336549
LANDBAY CONDOMINIUM,1237.86,JALAN HAJIJAH,Resale,Strata,Condominium,1.0,16.0,Outside Central Region,23,2,1,5,1,9999,0,9999,0,0.0,0,0,0,1,0.8660254037844386,0.5000000000000001,1780576.648152524
CRADELS,441.32,LORONG LIMAU,Resale,Strata,Apartment,1.0,12.0,Rest of Central Region,21,7,11,15,1,9999,0,9999,0,0.0,0,0,0,3,-0.4999999999999998,-0.8660254037844388,662716.9317741789
AFFINITY AT SERANGOON,850.36,SERANGOON NORTH AVENUE 1,Sub Sale,Strata,Apartment,1.0,19.0,Outside Central Region,24,8,6,10,0,99,2018,93,6,0.06060606060606061,1,0,0,3,-0.8660254037844384,-0.5000000000000004,1570450.5037486197
SORA,667.37,YUAN CHING ROAD,New Sale,Strata,Apartment,1.0,22.0,Outside Central Region,24,7,1,5,0,99,2023,98,1,0.010101010101010102,1,0,0,3,-0.4999999999999998,-0.8660254037844388,1365461.3089783753
THE OCTET,527.44,LORONG 24 GEYLANG,Resale,Strata,Apartment,1.0,14.0,Rest of Central Region,22,3,6,10,1,9999,0,9999,0,0.0,0,0,0,1,1.0,6.123233995736766e-17,721186.0826339518
THE TRE VER,495.14,POTONG PASIR AVENUE 1,Sub Sale,Strata,Condominium,1.0,13.0,Rest of Central Region,23,6,1,5,0,99,2018,94,5,0.050505050505050504,1,0,0,2,1.2246467991473532e-16,-1.0,861827.2900284255
SOLEIL @ SINARAN,936.47,SINARAN DRIVE,Resale,Strata,Condominium,1.0,11.0,Core Central Region,23,10,31,35,0,99,2006,82,17,0.1717171717171717,1,1,0,4,-0.8660254037844386,0.5000000000000001,2004606.733904436
STIRLING RESIDENCES,624.31,STIRLING ROAD,Sub Sale,Strata,Apartment,1.0,3.0,Rest of Central Region,22,4,21,25,0,99,2017,94,5,0.050505050505050504,1,0,0,2,0.8660254037844387,-0.49999999999999983,1398014.6942329495
ASTOR GREEN,1377.79,PINE GROVE,Resale,Strata,Condominium,1.0,21.0,Rest of Central Region,22,6,1,5,0,99,1991,68,31,0.31313131313131315,2,0,0,2,1.2246467991473532e-16,-1.0,1848456.6864937628
NORTHVALE,1087.16,CHOA CHU KANG LOOP,Resale,Strata,Apartment,1.0,23.0,Outside Central Region,21,5,1,5,0,99,1995,73,26,0.26262626262626265,2,0,0,2,0.49999999999999994,-0.8660254037844387,840402.0172923119
CASA FORTUNA,925.7,AH HOOD ROAD,Resale,Strata,Apartment,1.0,12.0,Rest of Central Region,22,1,1,5,1,9999,0,9999,0,0.0,0,0,0,1,0.49999999999999994,0.8660254037844387,1218192.1824385775
THE WATERSIDE,2174.33,TANJONG RHU ROAD,Resale,Strata,Condominium,1.0,15.0,Rest of Central Region,21,1,16,20,1,9999,0,9999,0,0.0,0,0,0,1,0.49999999999999994,0.8660254037844387,3612281.5557361585
THE BEVERLY,1797.59,TOH TUCK ROAD,Resale,Strata,Apartment,1.0,21.0,Rest of Central Region,20,9,1,5,1,9999,0,9999,0,0.0,0,0,0,3,-1.0,-1.8369701987210297e-16,2149808.525685808
HILLSTA,538.2,PHOENIX ROAD,Resale,Strata,Condominium,1.0,23.0,Outside Central Region,23,9,11,15,0,99,2011,87,12,0.12121212121212122,1,0,0,3,-1.0,-1.8369701987210297e-16,732835.6642281169
SILVERSEA,1506.96,MARINE PARADE ROAD,Resale,Strata,Condominium,1.0,15.0,Rest of Central Region,21,7,6,10,0,99,2007,85,14,0.1414141414141414,1,0,0,3,-0.4999999999999998,-0.8660254037844388,2615115.0923664817
D'LEEDON,1011.82,LEEDON HEIGHTS,Resale,Strata,Condominium,1.0,10.0,Core Central Region,24,5,6,10,0,99,2010,85,14,0.1414141414141414,1,0,0,2,0.49999999999999994,-0.8660254037844387,1933123.9965478275
BALESTIER 288,1216.33,BALESTIER ROAD,Resale,Strata,Apartment,1.0,12.0,Rest of Central Region,23,5,6,10,1,9999,0,9999,0,0.0,0,0,0,2,0.49999999999999994,-0.8660254037844387,1574713.483829255
AMBER PARK,484.38,AMBER GARDENS,New Sale,Strata,Condominium,1.0,15.0,Rest of Central Region,21,3,1,5,1,9999,0,9999,0,0.0,0,0,0,1,1.0,6.123233995736766e-17,1179830.1943618222
LOFT@HOLLAND,365.98,HOLLAND ROAD,Resale,Strata,Apartment,1.0,10.0,Core Central Region,21,4,1,5,1,9999,0,9999,0,0.0,0,0,0,2,0.8660254037844387,-0.49999999999999983,794965.646019981
WATERTOWN,1108.69,PUNGGOL CENTRAL,Resale,Strata,Apartment,1.0,19.0,Outside Central Region,24,1,11,15,0,99,2011,86,13,0.13131313131313133,1,0,0,1,0.49999999999999994,0.8660254037844387,1914024.0604384525
PARC ESTA,742.72,SIMS AVENUE,Sub Sale,Strata,Apartment,1.0,14.0,Rest of Central Region,23,4,16,20,0,99,2018,94,5,0.050505050505050504,1,0,0,2,0.8660254037844387,-0.49999999999999983,1571321.2058987871
D'NEST,1410.08,PASIR RIS GROVE,Resale,Strata,Condominium,1.0,18.0,Outside Central Region,21,5,6,10,0,99,2010,88,11,0.1111111111111111,1,0,0,2,0.49999999999999994,-0.8660254037844387,1588155.5445834098
THE BAYSHORE,1259.39,BAYSHORE ROAD,Resale,Strata,Condominium,1.0,16.0,Outside Central Region,23,3,1,5,0,99,1993,69,30,0.30303030303030304,2,0,0,1,1.0,6.123233995736766e-17,1481568.2300593776
MABELLE,731.95,LORONG M TELOK KURAU,Resale,Strata,Apartment,1.0,15.0,Outside Central Region,23,4,1,5,1,9999,0,9999,0,0.0,0,0,0,2,0.8660254037844387,-0.49999999999999983,1157917.2693131974
HILLION RESIDENCES,473.62,JELEBU ROAD,Resale,Strata,Apartment,1.0,23.0,Outside Central Region,23,6,6,10,0,99,2013,89,10,0.10101010101010101,1,0,0,2,1.2246467991473532e-16,-1.0,787829.3530537977
SIMSVILLE,1248.62,GEYLANG EAST AVENUE 2,Resale,Strata,Condominium,1.0,14.0,Rest of Central Region,24,3,6,10,0,99,1994,69,30,0.30303030303030304,2,0,0,1,1.0,6.123233995736766e-17,1673693.4040992775
IDYLLIC SUITES,538.2,LORONG 30 GEYLANG,Resale,Strata,Apartment,1.0,14.0,Rest of Central Region,23,6,6,10,1,9999,0,9999,0,0.0,0,0,0,2,1.2246467991473532e-16,-1.0,806260.5248878326
CASA SARINA,667.37,LORONG SARINA,Resale,Strata,Condominium,1.0,14.0,Outside Central Region,21,12,1,5,1,9999,0,9999,0,0.0,0,0,0,4,-2.4492935982947064e-16,1.0,859038.6279036247
TEMBUSU GRAND,527.44,JALAN TEMBUSU,New Sale,Strata,Condominium,1.0,15.0,Rest of Central Region,23,4,11,15,0,99,2022,98,1,0.010101010101010102,1,0,0,2,0.8660254037844387,-0.49999999999999983,1332110.2781950757
THE TRE VER,699.66,POTONG PASIR AVENUE 1,Sub Sale,Strata,Condominium,1.0,13.0,Rest of Central Region,23,8,16,20,0,99,2018,94,5,0.050505050505050504,1,0,0,3,-0.8660254037844384,-0.5000000000000004,1366692.8516147959
HILLTOPS,1733.0,CAIRNHILL CIRCLE,Resale,Strata,Condominium,1.0,9.0,Core Central Region,21,9,1,5,1,9999,0,9999,0,0.0,0,0,0,3,-1.0,-1.8369701987210297e-16,5431470.352507106
THE SKYWOODS,1302.44,DAIRY FARM HEIGHTS,Resale,Strata,Condominium,1.0,23.0,Outside Central Region,24,10,11,15,0,99,2012,87,12,0.12121212121212122,1,1,0,4,-0.8660254037844386,0.5000000000000001,2063974.000003976
15 HOLLAND HILL,1862.17,HOLLAND HILL,New Sale,Strata,Apartment,1.0,10.0,Core Central Region,22,7,1,5,1,9999,0,9999,0,0.0,0,0,0,3,-0.4999999999999998,-0.8660254037844388,5754228.822710166
ECHELON,452.09,ALEXANDRA VIEW,Resale,Strata,Condominium,1.0,3.0,Rest of Central Region,22,7,31,35,0,99,2012,89,10,0.10101010101010101,1,0,0,3,-0.4999999999999998,-0.8660254037844388,1030650.2392046
THE LENOX,1184.04,CHANGI ROAD,Resale,Strata,Apartment,1.0,14.0,Outside Central Region,21,9,1,5,1,9999,0,9999,0,0.0,0,0,0,3,-1.0,-1.8369701987210297e-16,1219974.121440398
SEASIDE RESIDENCES,785.77,SIGLAP LINK,Resale,Strata,Apartment,1.0,15.0,Outside Central Region,24,5,11,15,0,99,2016,91,8,0.08080808080808081,1,0,0,2,0.49999999999999994,-0.8660254037844387,1645947.8820827545
CLAVON,764.24,CLEMENTI AVENUE 1,New Sale,Strata,Apartment,1.0,5.0,Outside Central Region,20,12,6,10,0,99,2019,98,1,0.010101010101010102,1,0,0,4,-2.4492935982947064e-16,1.0,1221902.3136986017
HERITAGE VIEW,1506.96,DOVER RISE,Resale,Strata,Condominium,1.0,5.0,Rest of Central Region,22,1,11,15,0,99,1996,73,26,0.26262626262626265,2,0,0,1,0.49999999999999994,0.8660254037844387,2069029.949981481
FOURTH AVENUE RESIDENCES,1076.4,FOURTH AVENUE,New Sale,Strata,Apartment,1.0,10.0,Core Central Region,22,4,6,10,0,99,2018,95,4,0.04040404040404041,1,0,0,2,0.8660254037844387,-0.49999999999999983,2681894.1348550054
THE LAKEGARDEN RESIDENCES,775.01,YUAN CHING ROAD,New Sale,Strata,Apartment,1.0,22.0,Outside Central Region,24,4,11,15,0,99,2023,98,1,0.010101010101010102,1,0,0,2,0.8660254037844387,-0.49999999999999983,1723910.3249990318
WATER PLACE,1227.1,TANJONG RHU ROAD,Resale,Strata,Condominium,1.0,15.0,Rest of Central Region,21,2,11,15,0,99,1998,76,23,0.23232323232323232,2,0,0,1,0.8660254037844386,0.5000000000000001,1709067.614580575
TEMBUSU GRAND,1173.28,JALAN TEMBUSU,New Sale,Strata,Condominium,1.0,15.0,Rest of Central Region,24,11,6,10,0,99,2022,97,2,0.020202020202020204,1,1,1,4,-0.5000000000000004,0.8660254037844384,2847957.2269094237
WHISTLER GRAND,1442.38,WEST COAST VALE,New Sale,Strata,Apartment,1.0,5.0,Outside Central Region,21,1,6,10,0,99,2018,96,3,0.030303030303030304,1,0,0,1,0.49999999999999994,0.8660254037844387,1962107.7161338672
THE LANDMARK,753.48,CHIN SWEE ROAD,New Sale,Strata,Condominium,1.0,3.0,Rest of Central Region,21,9,16,20,0,99,2020,98,1,0.010101010101010102,1,0,0,3,-1.0,-1.8369701987210297e-16,1633278.9603972074
TORIEVIEW MANSIONS,1453.14,LORONG 29 GEYLANG,Resale,Strata,Apartment,1.0,14.0,Rest of Central Region,23,2,1,5,1,9999,0,9999,0,0.0,0,0,0,1,0.8660254037844386,0.5000000000000001,1774305.1389474424
PARC VERA,785.77,HOUGANG STREET 32,Resale,Strata,Condominium,1.0,19.0,Outside Central Region,24,4,1,5,0,99,2010,85,14,0.1414141414141414,1,0,0,2,0.8660254037844387,-0.49999999999999983,1087182.336449755
PARC CLEMATIS,1248.62,JALAN LEMPENG,New Sale,Strata,Apartment,1.0,5.0,Outside Central Region,21,4,21,25,0,99,2019,97,2,0.020202020202020204,1,0,0,2,0.8660254037844387,-0.49999999999999983,2075316.716381754
KIM KEAT HOUSE,1065.64,KIM KEAT ROAD,Resale,Strata,Apartment,1.0,12.0,Rest of Central Region,23,11,1,5,1,9999,0,9999,0,0.0,0,1,1,4,-0.5000000000000004,0.8660254037844384,1386871.4565008907
D'LEEDON,1216.33,LEEDON HEIGHTS,Resale,Strata,Condominium,1.0,10.0,Core Central Region,23,9,21,25,0,99,2010,86,13,0.13131313131313133,1,0,0,3,-1.0,-1.8369701987210297e-16,2358969.0983768995
THE GAZANIA,1291.68,HOW SUN DRIVE,New Sale,Strata,Condominium,1.0,19.0,Outside Central Region,22,1,1,5,1,9999,0,9999,0,0.0,0,0,0,1,0.49999999999999994,0.8660254037844387,2559631.079230465
THE FORD @ HOLLAND,1937.52,FORD AVENUE,Resale,Strata,Condominium,1.0,10.0,Core Central Region,21,8,1,5,1,9999,0,9999,0,0.0,0,0,0,3,-0.8660254037844384,-0.5000000000000004,2246195.3291623904
LIV @ MB,1270.15,ARTHUR ROAD,New Sale,Strata,Condominium,1.0,15.0,Rest of Central Region,22,5,6,10,0,99,2021,98,1,0.010101010101010102,1,0,0,2,0.49999999999999994,-0.8660254037844387,3062379.06351603
PANDAN VALLEY,1668.42,PANDAN VALLEY,Resale,Strata,Condominium,1.0,21.0,Rest of Central Region,21,3,6,10,1,9999,0,9999,0,0.0,0,0,0,1,1.0,6.123233995736766e-17,2355479.1170660397
THE ATRIA AT MEYER,1474.67,MEYER ROAD,Resale,Strata,Condominium,1.0,15.0,Rest of Central Region,23,7,1,5,1,9999,0,9999,0,0.0,0,0,0,3,-0.4999999999999998,-0.8660254037844388,2991700.0970710516
STURDEE RESIDENCES,656.6,BEATTY ROAD,Resale,Strata,Condominium,1.0,8.0,Rest of Central Region,22,3,21,25,0,99,2015,92,7,0.0707070707070707,1,0,0,1,1.0,6.123233995736766e-17,1194572.2496737358
PALM ISLES,516.67,FLORA DRIVE,Resale,Strata,Condominium,1.0,17.0,Outside Central Region,22,2,1,5,0,99,2011,88,11,0.1111111111111111,1,0,0,1,0.8660254037844386,0.5000000000000001,593486.5601544088
LEEDON GREEN,613.55,LEEDON HEIGHTS,New Sale,Strata,Condominium,1.0,10.0,Core Central Region,21,11,6,10,1,9999,0,9999,0,0.0,0,1,1,4,-0.5000000000000004,0.8660254037844384,1679512.982786485
THE FLORENCE RESIDENCES,667.37,HOUGANG AVENUE 2,New Sale,Strata,Apartment,1.0,19.0,Outside Central Region,21,10,16,20,0,99,2018,96,3,0.030303030303030304,1,1,0,4,-0.8660254037844386,0.5000000000000001,1181279.2117951487
ADRIA,850.36,DERBYSHIRE ROAD,Resale,Strata,Apartment,1.0,11.0,Core Central Region,22,9,16,20,1,9999,0,9999,0,0.0,0,0,0,3,-1.0,-1.8369701987210297e-16,1674980.4667450672
THE HYDE,775.01,BALMORAL ROAD,New Sale,Strata,Condominium,1.0,10.0,Core Central Region,22,10,11,15,1,9999,0,9999,0,0.0,0,1,0,4,-0.8660254037844386,0.5000000000000001,2356470.5474220156
REZI 24,1184.04,LORONG 24 GEYLANG,New Sale,Strata,Apartment,1.0,14.0,Rest of Central Region,21,3,6,10,1,9999,0,9999,0,0.0,0,0,0,1,1.0,6.123233995736766e-17,1760192.293679717
MELVILLE PARK,958.0,SIMEI STREET 1,Resale,Strata,Condominium,1.0,18.0,Outside Central Region,24,2,1,5,0,99,1992,67,32,0.32323232323232326,2,0,0,1,0.8660254037844386,0.5000000000000001,881405.9830658648
HYLL ON HOLLAND,602.78,HOLLAND ROAD,New Sale,Strata,Condominium,1.0,10.0,Core Central Region,21,6,1,5,1,9999,0,9999,0,0.0,0,0,0,2,1.2246467991473532e-16,-1.0,1455237.1574045909
ECO,548.96,BEDOK SOUTH AVENUE 3,Resale,Strata,Condominium,1.0,16.0,Outside Central Region,21,3,1,5,0,99,2012,90,9,0.09090909090909091,1,0,0,1,1.0,6.123233995736766e-17,725171.219657216
RIVERBAY,516.67,MAR THOMA ROAD,Resale,Strata,Apartment,1.0,12.0,Rest of Central Region,20,8,11,15,0,999,1882,861,138,0.13813813813813813,1,0,0,3,-0.8660254037844384,-0.5000000000000004,667415.5022075543
J'DEN,721.19,JURONG EAST CENTRAL 1,New Sale,Strata,Apartment,1.0,22.0,Outside Central Region,23,11,36,40,0,99,2023,99,0,0.0,1,1,1,4,-0.5000000000000004,0.8660254037844384,1938114.1928661272
LA FIESTA,731.95,SENGKANG SQUARE,Resale,Strata,Condominium,1.0,19.0,Outside Central Region,22,4,6,10,0,99,2012,89,10,0.10101010101010101,1,0,0,2,0.8660254037844387,-0.49999999999999983,998681.7075524875
QUEENS,1194.8,STIRLING ROAD,Resale,Strata,Condominium,1.0,3.0,Rest of Central Region,23,1,31,35,0,99,1998,74,25,0.25252525252525254,2,0,0,1,0.49999999999999994,0.8660254037844387,1923012.228072523
THE LINE @ TANJONG RHU,1151.75,TANJONG RHU ROAD,Resale,Strata,Condominium,1.0,15.0,Rest of Central Region,20,8,6,10,1,9999,0,9999,0,0.0,0,0,0,3,-0.8660254037844384,-0.5000000000000004,2070175.3120761244
LEEDON RESIDENCE,2109.74,LEEDON HEIGHTS,Resale,Strata,Condominium,1.0,10.0,Core Central Region,21,1,6,10,1,9999,0,9999,0,0.0,0,0,0,1,0.49999999999999994,0.8660254037844387,5040983.919137278
KENT RIDGE HILL RESIDENCES,947.23,SOUTH BUONA VISTA ROAD,New Sale,Strata,Apartment,1.0,5.0,Rest of Central Region,21,1,1,5,0,99,2018,96,3,0.030303030303030304,1,0,0,1,0.49999999999999994,0.8660254037844387,1700034.3090250127
THE BOTANY AT DAIRY FARM,1291.68,DAIRY FARM WALK,New Sale,Strata,Condominium,1.0,23.0,Outside Central Region,23,3,6,10,0,99,2022,98,1,0.010101010101010102,1,0,0,1,1.0,6.123233995736766e-17,2602414.207296706
ONE PEARL BANK,807.3,PEARL BANK,New Sale,Strata,Apartment,1.0,3.0,Rest of Central Region,20,10,6,10,0,99,2019,98,1,0.010101010101010102,1,1,0,4,-0.8660254037844386,0.5000000000000001,1872377.2161070062
COSTA DEL SOL,1474.67,BAYSHORE ROAD,Resale,Strata,Condominium,1.0,16.0,Outside Central Region,20,9,26,30,0,99,1997,76,23,0.23232323232323232,2,0,0,3,-1.0,-1.8369701987210297e-16,2022844.8372075488
THE LANDMARK,678.13,CHIN SWEE ROAD,New Sale,Strata,Condominium,1.0,3.0,Rest of Central Region,20,11,16,20,0,99,2020,99,0,0.0,1,1,1,4,-0.5000000000000004,0.8660254037844384,1559682.231700713
HILLCREST ARCADIA,2895.52,ARCADIA ROAD,Resale,Strata,Condominium,1.0,11.0,Core Central Region,21,8,1,5,0,99,1975,53,46,0.46464646464646464,3,0,0,3,-0.8660254037844384,-0.5000000000000004,2733552.998330836
NORMANTON PARK,570.49,NORMANTON PARK,New Sale,Strata,Apartment,1.0,5.0,Rest of Central Region,21,8,21,25,0,99,2019,97,2,0.020202020202020204,1,0,0,3,-0.8660254037844384,-0.5000000000000004,1076791.8281534666
THE FLORENCE RESIDENCES,527.44,HOUGANG AVENUE 2,New Sale,Strata,Apartment,1.0,19.0,Outside Central Region,21,4,11,15,0,99,2018,96,3,0.030303030303030304,1,0,0,2,0.8660254037844387,-0.49999999999999983,890817.0786731066
COCO PALMS,753.48,PASIR RIS GROVE,Resale,Strata,Condominium,1.0,18.0,Outside Central Region,21,6,6,10,0,99,2008,86,13,0.13131313131313133,1,0,0,2,1.2246467991473532e-16,-1.0,919047.355138061
ALEX RESIDENCES,656.6,ALEXANDRA VIEW,Resale,Strata,Apartment,1.0,3.0,Rest of Central Region,24,1,11,15,0,99,2013,88,11,0.1111111111111111,1,0,0,1,0.49999999999999994,0.8660254037844387,1417155.9239170903
THE TAPESTRY,473.62,TAMPINES STREET 86,Resale,Strata,Condominium,1.0,18.0,Outside Central Region,22,9,6,10,0,99,2017,94,5,0.050505050505050504,1,0,0,3,-1.0,-1.8369701987210297e-16,730500.0461984072
35 GILSTEAD,925.7,GILSTEAD ROAD,New Sale,Strata,Apartment,1.0,11.0,Core Central Region,22,7,1,5,1,9999,0,9999,0,0.0,0,0,0,3,-0.4999999999999998,-0.8660254037844388,2302872.316116996
GRANDEUR PARK RESIDENCES,904.18,BEDOK SOUTH AVENUE 3,Sub Sale,Strata,Condominium,1.0,16.0,Outside Central Region,21,5,11,15,0,99,2016,94,5,0.050505050505050504,1,0,0,2,0.49999999999999994,-0.8660254037844387,1478254.5026826216
SUITES@CHANGI,1097.93,CHANGI ROAD,Resale,Strata,Apartment,1.0,14.0,Rest of Central Region,22,9,1,5,1,9999,0,9999,0,0.0,0,0,0,3,-1.0,-1.8369701987210297e-16,1304104.782535486
HEDGES PARK CONDOMINIUM,484.38,FLORA DRIVE,Resale,Strata,Condominium,1.0,17.0,Outside Central Region,24,10,6,10,0,99,2010,85,14,0.1414141414141414,1,1,0,4,-0.8660254037844386,0.5000000000000001,685664.1782463759
PARC ESTA,1227.1,SIMS AVENUE,Sub Sale,Strata,Apartment,1.0,14.0,Rest of Central Region,23,10,11,15,0,99,2018,94,5,0.050505050505050504,1,1,0,4,-0.8660254037844386,0.5000000000000001,2498194.1318413303
8@WOODLEIGH,1097.93,WOODLEIGH CLOSE,Resale,Strata,Condominium,1.0,13.0,Rest of Central Region,24,12,11,15,0,99,2008,83,16,0.16161616161616163,1,0,0,4,-2.4492935982947064e-16,1.0,2150369.602313316
MILLAGE,419.8,CHANGI ROAD,Resale,Strata,Apartment,1.0,14.0,Rest of Central Region,24,8,6,10,1,9999,0,9999,0,0.0,0,0,0,3,-0.8660254037844384,-0.5000000000000004,692299.5286190931
THE INTERWEAVE,387.5,KIM KEAT ROAD,Resale,Strata,Apartment,1.0,12.0,Rest of Central Region,24,4,21,25,1,9999,0,9999,0,0.0,0,0,0,2,0.8660254037844387,-0.49999999999999983,683144.954336576
WARNER COURT,1270.15,HOLLAND AVENUE,Resale,Strata,Apartment,1.0,10.0,Core Central Region,24,1,1,5,1,9999,0,9999,0,0.0,0,0,0,1,0.49999999999999994,0.8660254037844387,2682525.305201781
TERRASSE,2497.25,TERRASSE LANE,Resale,Strata,Condominium,1.0,19.0,Outside Central Region,21,12,1,5,0,99,2010,88,11,0.1111111111111111,1,0,0,4,-2.4492935982947064e-16,1.0,2343116.2445116285
LAKEVILLE,635.08,JURONG LAKE LINK,Resale,Strata,Condominium,1.0,22.0,Outside Central Region,21,5,6,10,0,99,2013,91,8,0.08080808080808081,1,0,0,2,0.49999999999999994,-0.8660254037844387,967679.1846055647
THE BOTANY AT DAIRY FARM,1033.34,DAIRY FARM WALK,New Sale,Strata,Condominium,1.0,23.0,Outside Central Region,23,3,11,15,0,99,2022,98,1,0.010101010101010102,1,0,0,1,1.0,6.123233995736766e-17,2081998.0546066717
SEVENTY SAINT PATRICK'S,731.95,ST. PATRICK'S ROAD,Resale,Strata,Condominium,1.0,15.0,Outside Central Region,23,5,1,5,1,9999,0,9999,0,0.0,0,0,0,2,0.49999999999999994,-0.8660254037844387,1548247.2572249882
STEVENS LOFT,1162.51,STEVENS DRIVE,Resale,Strata,Apartment,1.0,10.0,Core Central Region,24,7,1,5,1,9999,0,9999,0,0.0,0,0,0,3,-0.4999999999999998,-0.8660254037844388,2387862.119148706
RESIDENTIAL APARTMENTS,1733.0,HERTFORD ROAD,Resale,Strata,Apartment,1.0,8.0,Rest of Central Region,23,10,1,5,1,9999,0,9999,0,0.0,0,1,0,4,-0.8660254037844386,0.5000000000000001,1935072.50163259
EIGHT RIVERSUITES,441.32,WHAMPOA EAST,Resale,Strata,Condominium,1.0,12.0,Rest of Central Region,23,3,16,20,0,99,2011,87,12,0.12121212121212122,1,0,0,1,1.0,6.123233995736766e-17,803717.1125279065
MARINE BLUE,635.08,MARINE PARADE ROAD,Resale,Strata,Condominium,1.0,15.0,Rest of Central Region,24,7,6,10,1,9999,0,9999,0,0.0,0,0,0,3,-0.4999999999999998,-0.8660254037844388,1304108.024758227
SEASTRAND,710.42,PASIR RIS LINK,Resale,Strata,Condominium,1.0,18.0,Outside Central Region,24,6,1,5,0,99,2011,86,13,0.13131313131313133,1,0,0,2,1.2246467991473532e-16,-1.0,952720.2820561117
THE TANAMERA,1517.72,TANAH MERAH KECHIL ROAD,Resale,Strata,Condominium,1.0,16.0,Outside Central Region,23,8,6,10,0,99,1990,66,33,0.3333333333333333,2,0,0,3,-0.8660254037844384,-0.5000000000000004,1693280.1016402356
EAST MEADOWS,861.12,TANAH MERAH KECHIL ROAD,Resale,Strata,Condominium,1.0,16.0,Outside Central Region,22,5,6,10,0,99,1998,75,24,0.24242424242424243,2,0,0,2,0.49999999999999994,-0.8660254037844387,1077372.6042543883
ONE-NORTH EDEN,1119.46,SLIM BARRACKS RISE,New Sale,Strata,Apartment,1.0,5.0,Rest of Central Region,21,6,11,15,0,99,2019,97,2,0.020202020202020204,1,0,0,2,1.2246467991473532e-16,-1.0,2223833.950900351
COSTA DEL SOL,947.23,BAYSHORE ROAD,Resale,Strata,Condominium,1.0,16.0,Outside Central Region,22,5,26,30,0,99,1997,74,25,0.25252525252525254,2,0,0,2,0.49999999999999994,-0.8660254037844387,1496184.5101484603
THE AVENIR,1528.49,RIVER VALLEY CLOSE,New Sale,Strata,Condominium,1.0,9.0,Core Central Region,21,5,11,15,1,9999,0,9999,0,0.0,0,0,0,2,0.49999999999999994,-0.8660254037844387,4693360.534334806
THE CALROSE,1162.51,YIO CHU KANG ROAD,Resale,Strata,Condominium,1.0,26.0,Outside Central Region,21,6,1,5,1,9999,0,9999,0,0.0,0,0,0,2,1.2246467991473532e-16,-1.0,1507193.4014725636
CASPIAN,462.85,LAKESIDE DRIVE,Resale,Strata,Condominium,1.0,22.0,Outside Central Region,21,5,1,5,0,99,2008,86,13,0.13131313131313133,1,0,0,2,0.49999999999999994,-0.8660254037844387,655264.894204397
IRWELL HILL RESIDENCES,1582.31,IRWELL HILL,New Sale,Strata,Apartment,1.0,9.0,Core Central Region,21,4,11,15,0,99,2020,98,1,0.010101010101010102,1,0,0,2,0.8660254037844387,-0.49999999999999983,4017102.8019885547
L'VIV,990.29,NEWTON ROAD,Resale,Strata,Apartment,1.0,11.0,Core Central Region,24,1,11,15,1,9999,0,9999,0,0.0,0,0,0,1,0.49999999999999994,0.8660254037844387,2112852.4033423928
FORETT@BUKIT TIMAH,721.19,TOH TUCK ROAD,New Sale,Strata,Apartment,1.0,21.0,Rest of Central Region,21,10,1,5,1,9999,0,9999,0,0.0,0,1,0,4,-0.8660254037844386,0.5000000000000001,1523074.9878190549
CANNINGHILL PIERS,861.12,CLARKE QUAY,New Sale,Strata,Apartment,1.0,6.0,Rest of Central Region,21,11,1,5,0,99,2021,99,0,0.0,1,1,1,4,-0.5000000000000004,0.8660254037844384,2296486.507777861
LENTOR MODERN,1528.49,LENTOR CENTRAL,New Sale,Strata,Apartment,1.0,26.0,Outside Central Region,23,4,11,15,0,99,2021,97,2,0.020202020202020204,1,0,0,2,0.8660254037844387,-0.49999999999999983,3074755.009531634
PAVILION SQUARE,398.27,GEYLANG ROAD,Resale,Strata,Apartment,1.0,14.0,Rest of Central Region,23,12,1,5,1,9999,0,9999,0,0.0,0,0,0,4,-2.4492935982947064e-16,1.0,595626.0405421966
D'LEEDON,1130.22,LEEDON HEIGHTS,Resale,Strata,Condominium,1.0,10.0,Core Central Region,21,8,21,25,0,99,2010,88,11,0.1111111111111111,1,0,0,3,-0.8660254037844384,-0.5000000000000004,1986699.9221045566
CHUAN PARK,731.95,LORONG CHUAN,New Sale,Strata,Condominium,1.0,19.0,Outside Central Region,24,11,6,10,0,99,2024,99,0,0.0,1,1,1,4,-0.5000000000000004,0.8660254037844384,1885963.0389720683
THE NEXUS,1205.57,BUKIT TIMAH ROAD,Resale,Strata,Condominium,1.0,21.0,Rest of Central Region,22,6,6,10,1,9999,0,9999,0,0.0,0,0,0,2,1.2246467991473532e-16,-1.0,2195458.8513675947
CLAVON,527.44,CLEMENTI AVENUE 1,Sub Sale,Strata,Apartment,1.0,5.0,Outside Central Region,24,12,1,5,0,99,2019,94,5,0.050505050505050504,1,0,0,4,-2.4492935982947064e-16,1.0,998464.2381266986
V ON SHENTON,1054.87,SHENTON WAY,Resale,Strata,Apartment,1.0,1.0,Core Central Region,21,12,6,10,0,99,2011,89,10,0.10101010101010101,1,0,0,4,-2.4492935982947064e-16,1.0,1881619.6985743083
THE LAKEFRONT RESIDENCES,1216.33,LAKESIDE DRIVE,Resale,Strata,Condominium,1.0,22.0,Outside Central Region,20,10,6,10,0,99,2010,89,10,0.10101010101010101,1,1,0,4,-0.8660254037844386,0.5000000000000001,1356207.4363871317
WHISTLER GRAND,1442.38,WEST COAST VALE,New Sale,Strata,Apartment,1.0,5.0,Outside Central Region,21,3,31,35,0,99,2018,96,3,0.030303030303030304,1,0,0,1,1.0,6.123233995736766e-17,2042870.6135088287
CHUAN PARK,914.94,LORONG CHUAN,New Sale,Strata,Condominium,1.0,19.0,Outside Central Region,24,11,6,10,0,99,2024,99,0,0.0,1,1,1,4,-0.5000000000000004,0.8660254037844384,2373247.1145308637
STARVILLE,1517.72,LENGKONG TIGA,Resale,Strata,Condominium,1.0,14.0,Outside Central Region,21,4,11,15,1,9999,0,9999,0,0.0,0,0,0,2,0.8660254037844387,-0.49999999999999983,1633343.51547792
FOREST WOODS,516.67,LORONG LEW LIAN,Resale,Strata,Condominium,1.0,19.0,Outside Central Region,22,3,6,10,0,99,2016,93,6,0.06060606060606061,1,0,0,1,1.0,6.123233995736766e-17,868899.1736382411
LENTOR MODERN,1528.49,LENTOR CENTRAL,New Sale,Strata,Apartment,1.0,26.0,Outside Central Region,22,10,11,15,0,99,2021,98,1,0.010101010101010102,1,1,0,4,-0.8660254037844386,0.5000000000000001,3065549.667978486
HILLINGTON GREEN,1356.26,HILLVIEW AVENUE,Resale,Strata,Condominium,1.0,23.0,Outside Central Region,22,11,1,5,0,999,1883,860,139,0.13913913913913914,1,1,1,4,-0.5000000000000004,0.8660254037844384,1968559.8720546863
CHELSEA GROVE,990.29,MARTABAN ROAD,Resale,Strata,Apartment,1.0,12.0,Rest of Central Region,21,5,6,10,1,9999,0,9999,0,0.0,0,0,0,2,0.49999999999999994,-0.8660254037844387,1342319.1809625283
THE BOTANY AT DAIRY FARM,1539.25,DAIRY FARM WALK,New Sale,Strata,Condominium,1.0,23.0,Outside Central Region,23,9,11,15,0,99,2022,98,1,0.010101010101010102,1,0,0,3,-1.0,-1.8369701987210297e-16,3074255.2553985
KOPAR AT NEWTON,516.67,MAKEWAY AVENUE,New Sale,Strata,Apartment,1.0,9.0,Core Central Region,22,6,16,20,0,99,2019,96,3,0.030303030303030304,1,0,0,2,1.2246467991473532e-16,-1.0,1374614.7998062025
THE CONTINUUM,721.19,THIAM SIEW AVENUE,New Sale,Strata,Apartment,1.0,15.0,Rest of Central Region,23,5,11,15,1,9999,0,9999,0,0.0,0,0,0,2,0.49999999999999994,-0.8660254037844387,2039341.7368077051
SENGKANG GRAND RESIDENCES,1033.34,COMPASSVALE BOW,New Sale,Strata,Apartment,1.0,19.0,Outside Central Region,21,7,6,10,0,99,2018,96,3,0.030303030303030304,1,0,0,3,-0.4999999999999998,-0.8660254037844388,1728190.1365200889
THE MINTON,1108.69,HOUGANG STREET 11,Resale,Strata,Condominium,1.0,19.0,Outside Central Region,21,7,11,15,0,99,2007,85,14,0.1414141414141414,1,0,0,3,-0.4999999999999998,-0.8660254037844388,1347840.381604109
VILLA DE WEST,1011.82,PASIR PANJANG ROAD,Resale,Strata,Condominium,1.0,5.0,Rest of Central Region,22,6,1,5,1,9999,0,9999,0,0.0,0,0,0,2,1.2246467991473532e-16,-1.0,1434817.383592933
PERFECT TEN,1227.1,BUKIT TIMAH ROAD,New Sale,Strata,Apartment,1.0,10.0,Core Central Region,22,6,16,20,1,9999,0,9999,0,0.0,0,0,0,2,1.2246467991473532e-16,-1.0,3870638.024043593
GRAND DUNMAN,796.54,DUNMAN ROAD,New Sale,Strata,Apartment,1.0,15.0,Rest of Central Region,23,7,1,5,0,99,2022,98,1,0.010101010101010102,1,0,0,3,-0.4999999999999998,-0.8660254037844388,1968270.2253833418
PARC VERA,785.77,HOUGANG STREET 32,Resale,Strata,Condominium,1.0,19.0,Outside Central Region,24,8,11,15,0,99,2010,85,14,0.1414141414141414,1,0,0,3,-0.8660254037844384,-0.5000000000000004,1169549.1471085667
WATERTOWN,1356.26,PUNGGOL CENTRAL,Resale,Strata,Apartment,1.0,19.0,Outside Central Region,22,9,6,10,0,99,2011,88,11,0.1111111111111111,1,0,0,3,-1.0,-1.8369701987210297e-16,2199027.4158895127
THE FLORENCE RESIDENCES,796.54,HOUGANG AVENUE 2,New Sale,Strata,Apartment,1.0,19.0,Outside Central Region,22,6,16,20,0,99,2018,95,4,0.04040404040404041,1,0,0,2,1.2246467991473532e-16,-1.0,1365018.3647620701
AALTO,1442.38,MEYER ROAD,Resale,Strata,Condominium,1.0,15.0,Rest of Central Region,23,1,21,25,1,9999,0,9999,0,0.0,0,0,0,1,0.49999999999999994,0.8660254037844387,3693126.7028073114
REGENT HEIGHTS,1022.58,BUKIT BATOK EAST AVENUE 5,Resale,Strata,Condominium,1.0,23.0,Outside Central Region,21,5,1,5,0,99,1995,73,26,0.26262626262626265,2,0,0,2,0.49999999999999994,-0.8660254037844387,815562.3544470642
RIVIERE,818.06,JIAK KIM STREET,New Sale,Strata,Apartment,1.0,3.0,Rest of Central Region,21,11,21,25,0,99,2018,96,3,0.030303030303030304,1,1,1,4,-0.5000000000000004,0.8660254037844384,2370375.9195922376
COSTA DEL SOL,1474.67,BAYSHORE ROAD,Resale,Strata,Condominium,1.0,16.0,Outside Central Region,22,3,26,30,0,99,1997,74,25,0.25252525252525254,2,0,0,1,1.0,6.123233995736766e-17,2446287.7144952035
ONE AMBER,1334.74,AMBER GARDENS,Resale,Strata,Condominium,1.0,15.0,Rest of Central Region,21,6,1,5,1,9999,0,9999,0,0.0,0,0,0,2,1.2246467991473532e-16,-1.0,2182252.2765690214
FOURTH AVENUE RESIDENCES,484.38,FOURTH AVENUE,Sub Sale,Strata,Apartment,1.0,10.0,Core Central Region,23,9,1,5,0,99,2018,94,5,0.050505050505050504,1,0,0,3,-1.0,-1.8369701987210297e-16,1236253.544940006
THE MILTONIA RESIDENCES,861.12,MILTONIA CLOSE,Resale,Strata,Condominium,1.0,27.0,Outside Central Region,24,1,1,5,0,99,2010,85,14,0.1414141414141414,1,0,0,1,0.49999999999999994,0.8660254037844387,1005003.7408959275
BISHAN 8,1162.51,BISHAN STREET 21,Resale,Strata,Condominium,1.0,20.0,Rest of Central Region,24,12,6,10,0,99,1996,71,28,0.2828282828282828,2,0,0,4,-2.4492935982947064e-16,1.0,2044653.9445085772
DAIRY FARM RESIDENCES,710.42,DAIRY FARM LANE,Sub Sale,Strata,Apartment,1.0,23.0,Outside Central Region,24,9,11,15,0,99,2018,93,6,0.06060606060606061,1,0,0,3,-1.0,-1.8369701987210297e-16,1354900.2145767745
THE FLORENCE RESIDENCES,484.38,HOUGANG AVENUE 2,New Sale,Strata,Apartment,1.0,19.0,Outside Central Region,21,1,1,5,0,99,2018,96,3,0.030303030303030304,1,0,0,1,0.49999999999999994,0.8660254037844387,781007.0342461548
SIMS URBAN OASIS,462.85,SIMS DRIVE,Resale,Strata,Condominium,1.0,14.0,Rest of Central Region,21,5,6,10,0,99,2014,92,7,0.0707070707070707,1,0,0,2,0.49999999999999994,-0.8660254037844387,733800.9392130806
NATHAN RESIDENCES,775.01,NATHAN ROAD,Resale,Strata,Apartment,1.0,10.0,Core Central Region,24,6,6,10,1,9999,0,9999,0,0.0,0,0,0,2,1.2246467991473532e-16,-1.0,1629718.3311323216
CHUAN PARK,742.72,LORONG CHUAN,New Sale,Strata,Condominium,1.0,19.0,Outside Central Region,24,11,16,20,0,99,2024,99,0,0.0,1,1,1,4,-0.5000000000000004,0.8660254037844384,1979659.2751353716
ONE PEARL BANK,699.66,PEARL BANK,New Sale,Strata,Apartment,1.0,3.0,Rest of Central Region,23,4,31,35,0,99,2019,95,4,0.04040404040404041,1,0,0,2,0.8660254037844387,-0.49999999999999983,1959342.7815951544
NEWTON 21,1065.64,NEWTON ROAD,Resale,Strata,Apartment,1.0,11.0,Core Central Region,20,12,11,15,1,9999,0,9999,0,0.0,0,0,0,4,-2.4492935982947064e-16,1.0,1850474.9722964151
CASPIAN,1140.98,LAKESIDE DRIVE,Resale,Strata,Condominium,1.0,22.0,Outside Central Region,23,5,1,5,0,99,2008,84,15,0.15151515151515152,1,0,0,2,0.49999999999999994,-0.8660254037844387,1540969.2908273733
STARS OF KOVAN,731.95,UPPER SERANGOON ROAD,Sub Sale,Strata,Apartment,1.0,19.0,Outside Central Region,20,10,6,10,0,99,2015,94,5,0.050505050505050504,1,1,0,4,-0.8660254037844386,0.5000000000000001,1180978.882902766
THE ATELIER,1280.92,MAKEWAY AVENUE,New Sale,Strata,Apartment,1.0,9.0,Core Central Region,23,2,11,15,1,9999,0,9999,0,0.0,0,0,0,1,0.8660254037844386,0.5000000000000001,3412759.143740786
WATERBANK AT DAKOTA,1173.28,DAKOTA CRESCENT,Resale,Strata,Condominium,1.0,14.0,Rest of Central Region,20,8,1,5,0,99,2009,88,11,0.1111111111111111,1,0,0,3,-0.8660254037844384,-0.5000000000000004,1552269.1362480158
TREASURE AT TAMPINES,678.13,TAMPINES LANE,Resale,Strata,Condominium,1.0,18.0,Outside Central Region,24,9,6,10,0,99,2018,93,6,0.06060606060606061,1,0,0,3,-1.0,-1.8369701987210297e-16,1174927.800019193
KINGSFORD . HILLVIEW PEAK,516.67,HILLVIEW RISE,Resale,Strata,Condominium,1.0,23.0,Outside Central Region,21,10,6,10,0,99,2012,90,9,0.09090909090909091,1,1,0,4,-0.8660254037844386,0.5000000000000001,702120.0588402878
THE PANORAMA,699.66,ANG MO KIO AVENUE 2,Resale,Strata,Condominium,1.0,20.0,Outside Central Region,22,1,16,20,0,99,2013,90,9,0.09090909090909091,1,0,0,1,0.49999999999999994,0.8660254037844387,1203517.991852365
TEMBUSU GRAND,990.29,JALAN TEMBUSU,New Sale,Strata,Condominium,1.0,15.0,Rest of Central Region,23,4,11,15,0,99,2022,98,1,0.010101010101010102,1,0,0,2,0.8660254037844387,-0.49999999999999983,2467373.945447892
THE BOTANY AT DAIRY FARM,1033.34,DAIRY FARM WALK,New Sale,Strata,Condominium,1.0,23.0,Outside Central Region,24,8,6,10,0,99,2022,97,2,0.020202020202020204,1,0,0,3,-0.8660254037844384,-0.5000000000000004,2121390.470500176
ECHELON,1001.05,ALEXANDRA VIEW,Resale,Strata,Condominium,1.0,3.0,Rest of Central Region,23,5,21,25,0,99,2012,88,11,0.1111111111111111,1,0,0,2,0.49999999999999994,-0.8660254037844387,1998987.9961516769
URBAN TREASURES,882.65,JALAN EUNOS,New Sale,Strata,Condominium,1.0,14.0,Outside Central Region,22,5,6,10,1,9999,0,9999,0,0.0,0,0,0,2,0.49999999999999994,-0.8660254037844387,1817187.4797806758
FORTE SUITES,602.78,MERGUI ROAD,Resale,Strata,Apartment,1.0,8.0,Rest of Central Region,24,8,11,15,1,9999,0,9999,0,0.0,0,0,0,3,-0.8660254037844384,-0.5000000000000004,1139580.0971733476
THE HYDE,1248.62,BALMORAL ROAD,New Sale,Strata,Condominium,1.0,10.0,Core Central Region,22,7,1,5,1,9999,0,9999,0,0.0,0,0,0,3,-0.4999999999999998,-0.8660254037844388,3877049.203158365
THE RESERVE RESIDENCES,742.72,JALAN ANAK BUKIT,New Sale,Strata,Apartment,1.0,21.0,Rest of Central Region,23,5,16,20,0,99,2021,97,2,0.020202020202020204,1,0,0,2,0.49999999999999994,-0.8660254037844387,1871469.723882916
THE CREST,1216.33,PRINCE CHARLES CRESCENT,Resale,Strata,Condominium,1.0,3.0,Rest of Central Region,23,2,1,5,0,99,2012,88,11,0.1111111111111111,1,0,0,1,0.8660254037844386,0.5000000000000001,2268359.56028927
VERSILIA ON HAIG,2098.98,IPOH LANE,Resale,Strata,Condominium,1.0,15.0,Rest of Central Region,21,6,16,20,1,9999,0,9999,0,0.0,0,0,0,2,1.2246467991473532e-16,-1.0,2831765.910117574
BISHAN 8,1194.8,BISHAN STREET 21,Resale,Strata,Condominium,1.0,20.0,Rest of Central Region,21,3,1,5,0,99,1996,74,25,0.25252525252525254,2,0,0,1,1.0,6.123233995736766e-17,1475800.7814964096
A TREASURE TROVE,775.01,PUNGGOL WALK,Resale,Strata,Condominium,1.0,19.0,Outside Central Region,22,9,11,15,0,99,2011,88,11,0.1111111111111111,1,0,0,3,-1.0,-1.8369701987210297e-16,1071007.8491249466
THE CLEARWATER,979.52,BEDOK RESERVOIR VIEW,Resale,Strata,Condominium,1.0,16.0,Outside Central Region,21,8,11,15,0,99,1997,75,24,0.24242424242424243,2,0,0,3,-0.8660254037844384,-0.5000000000000004,1114453.8248187979
WATERTOWN,570.49,PUNGGOL CENTRAL,Resale,Strata,Apartment,1.0,19.0,Outside Central Region,20,10,11,15,0,99,2011,90,9,0.09090909090909091,1,1,0,4,-0.8660254037844386,0.5000000000000001,786096.7302311598
WATERFALL GARDENS,2195.86,FARRER ROAD,Resale,Strata,Condominium,1.0,10.0,Core Central Region,21,4,6,10,1,9999,0,9999,0,0.0,0,0,0,2,0.8660254037844387,-0.49999999999999983,4229604.833281605
SCENECA RESIDENCE,1162.51,TANAH MERAH KECHIL LINK,New Sale,Strata,Apartment,1.0,16.0,Outside Central Region,24,8,11,15,0,99,2021,96,3,0.030303030303030304,1,0,0,3,-0.8660254037844384,-0.5000000000000004,2396824.7423078003
THE WOODLEIGH RESIDENCES,1076.4,BIDADARI PARK DRIVE,New Sale,Strata,Apartment,1.0,13.0,Rest of Central Region,22,1,11,15,0,99,2017,94,5,0.050505050505050504,1,0,0,1,0.49999999999999994,0.8660254037844387,2372290.1105782674
JADESCAPE,764.24,SHUNFU ROAD,New Sale,Strata,Condominium,1.0,20.0,Rest of Central Region,21,1,1,5,0,99,2018,96,3,0.030303030303030304,1,0,0,1,0.49999999999999994,0.8660254037844387,1410102.6259491548
VIVA VISTA,387.5,SOUTH BUONA VISTA ROAD,Resale,Strata,Apartment,1.0,5.0,Rest of Central Region,21,4,1,5,1,9999,0,9999,0,0.0,0,0,0,2,0.8660254037844387,-0.49999999999999983,626593.5093676818
MORI,1173.28,GUILLEMARD ROAD,New Sale,Strata,Apartment,1.0,14.0,Rest of Central Region,24,12,1,5,1,9999,0,9999,0,0.0,0,0,0,4,-2.4492935982947064e-16,1.0,2111428.514988037
ROYALGREEN,990.29,ANAMALAI AVENUE,New Sale,Strata,Condominium,1.0,10.0,Core Central Region,22,1,1,5,1,9999,0,9999,0,0.0,0,0,0,1,0.49999999999999994,0.8660254037844387,2857298.4776480696
RIVERTREES RESIDENCES,1119.46,FERNVALE CLOSE,Resale,Strata,Apartment,1.0,28.0,Outside Central Region,24,6,16,20,0,99,2013,88,11,0.1111111111111111,1,0,0,2,1.2246467991473532e-16,-1.0,1718321.4932226148
TRIBECA,1377.79,KIM SENG ROAD,Resale,Strata,Condominium,1.0,9.0,Core Central Region,23,2,16,20,1,9999,0,9999,0,0.0,0,0,0,1,0.8660254037844386,0.5000000000000001,3306792.2390509113
SPOTTISWOODE RESIDENCES,925.7,SPOTTISWOODE PARK ROAD,Resale,Strata,Condominium,1.0,2.0,Rest of Central Region,24,5,6,10,1,9999,0,9999,0,0.0,0,0,0,2,0.49999999999999994,-0.8660254037844387,1853944.8421433647
TEACHER'S HOUSING ESTATE,2195.86,KALIDASA AVENUE,Resale,Strata,Apartment,1.0,26.0,Outside Central Region,21,9,1,5,0,999,1885,863,136,0.13613613613613615,1,0,0,3,-1.0,-1.8369701987210297e-16,1377434.2025962325
THE MINTON,1334.74,HOUGANG STREET 11,Resale,Strata,Condominium,1.0,19.0,Outside Central Region,21,9,6,10,0,99,2007,85,14,0.1414141414141414,1,0,0,3,-1.0,-1.8369701987210297e-16,1551311.2672510303
THE LINE @ TANJONG RHU,419.8,TANJONG RHU ROAD,Resale,Strata,Condominium,1.0,15.0,Rest of Central Region,23,10,16,20,1,9999,0,9999,0,0.0,0,1,0,4,-0.8660254037844386,0.5000000000000001,1109546.0052960438
THE CONTINUUM,1270.15,THIAM SIEW AVENUE,New Sale,Strata,Apartment,1.0,15.0,Rest of Central Region,24,11,6,10,1,9999,0,9999,0,0.0,0,1,1,4,-0.5000000000000004,0.8660254037844384,3567850.755141457
RANGOON VIEW,1334.74,RANGOON ROAD,Resale,Strata,Apartment,1.0,8.0,Rest of Central Region,21,7,1,5,1,9999,0,9999,0,0.0,0,0,0,3,-0.4999999999999998,-0.8660254037844388,1218539.1405786301
MIRAGE TOWER,570.49,KIM SENG ROAD,Resale,Strata,Condominium,1.0,9.0,Core Central Region,22,3,6,10,1,9999,0,9999,0,0.0,0,0,0,1,1.0,6.123233995736766e-17,1245569.1921827572
ONE PEARL BANK,430.56,PEARL BANK,New Sale,Strata,Apartment,1.0,3.0,Rest of Central Region,22,7,26,30,0,99,2019,96,3,0.030303030303030304,1,0,0,3,-0.4999999999999998,-0.8660254037844388,1225671.4804442325
WHISTLER GRAND,764.24,WEST COAST VALE,Sub Sale,Strata,Apartment,1.0,5.0,Outside Central Region,21,12,11,15,0,99,2018,96,3,0.030303030303030304,1,0,0,4,-2.4492935982947064e-16,1.0,1213855.7639864034
AMANINDA,678.13,THOMSON ROAD,Resale,Strata,Condominium,1.0,11.0,Core Central Region,24,1,1,5,1,9999,0,9999,0,0.0,0,0,0,1,0.49999999999999994,0.8660254037844387,1217100.804899526
LENTOR MANSION,904.18,LENTOR GARDENS,New Sale,Strata,Apartment,1.0,26.0,Outside Central Region,24,3,1,5,0,99,2023,98,1,0.010101010101010102,1,0,0,1,1.0,6.123233995736766e-17,1949340.6123748242
PULLMAN RESIDENCES NEWTON,667.37,DUNEARN ROAD,New Sale,Strata,Apartment,1.0,11.0,Core Central Region,21,11,6,10,1,9999,0,9999,0,0.0,0,1,1,4,-0.5000000000000004,0.8660254037844384,1884192.0502032582
PICCADILLY GRAND,484.38,NORTHUMBERLAND ROAD,New Sale,Strata,Apartment,1.0,8.0,Rest of Central Region,22,5,11,15,0,99,2021,98,1,0.010101010101010102,1,0,0,2,0.49999999999999994,-0.8660254037844387,1140254.3759497127
IRWELL HILL RESIDENCES,602.78,IRWELL HILL,New Sale,Strata,Apartment,1.0,9.0,Core Central Region,22,6,26,30,0,99,2020,97,2,0.020202020202020204,1,0,0,2,1.2246467991473532e-16,-1.0,1726806.079595932
MORI,1173.28,GUILLEMARD ROAD,New Sale,Strata,Apartment,1.0,14.0,Rest of Central Region,24,6,6,10,1,9999,0,9999,0,0.0,0,0,0,2,1.2246467991473532e-16,-1.0,2121015.499112141
THE LUXURIE,731.95,COMPASSVALE ROAD,Resale,Strata,Condominium,1.0,19.0,Outside Central Region,22,5,1,5,0,99,2011,88,11,0.1111111111111111,1,0,0,2,0.49999999999999994,-0.8660254037844387,946777.2220974631
CHUAN PARK,742.72,LORONG CHUAN,New Sale,Strata,Condominium,1.0,19.0,Outside Central Region,24,12,16,20,0,99,2024,99,0,0.0,1,0,0,4,-2.4492935982947064e-16,1.0,1985823.1378625878
MIDWOOD,785.77,HILLVIEW RISE,New Sale,Strata,Condominium,1.0,23.0,Outside Central Region,21,5,16,20,0,99,2018,96,3,0.030303030303030304,1,0,0,2,0.49999999999999994,-0.8660254037844387,1276384.7048245287
UPTOWN @ FARRER,861.12,PERUMAL ROAD,New Sale,Strata,Apartment,1.0,8.0,Rest of Central Region,21,5,11,15,0,99,2017,95,4,0.04040404040404041,1,0,0,2,0.49999999999999994,-0.8660254037844387,1535246.162738757
HILLOCK GREEN,1022.58,LENTOR CENTRAL,New Sale,Strata,Apartment,1.0,26.0,Outside Central Region,24,1,11,15,0,99,2022,97,2,0.020202020202020204,1,0,0,1,0.49999999999999994,0.8660254037844387,2223050.8623611825
ELIAS GREEN,1668.42,ELIAS GREEN,Resale,Strata,Condominium,1.0,18.0,Outside Central Region,21,3,11,15,0,99,1991,69,30,0.30303030303030304,2,0,0,1,1.0,6.123233995736766e-17,1258232.0842517668
THE LAKEGARDEN RESIDENCES,527.44,YUAN CHING ROAD,New Sale,Strata,Apartment,1.0,22.0,Outside Central Region,24,9,11,15,0,99,2023,98,1,0.010101010101010102,1,0,0,3,-1.0,-1.8369701987210297e-16,1207540.6639847122
PARC KOMO,1001.05,UPPER CHANGI ROAD NORTH,New Sale,Strata,Apartment,1.0,17.0,Outside Central Region,20,10,1,5,1,9999,0,9999,0,0.0,0,1,0,4,-0.8660254037844386,0.5000000000000001,1545924.6325696085
PENROSE,947.23,SIMS DRIVE,New Sale,Strata,Apartment,1.0,14.0,Rest of Central Region,20,9,16,20,0,99,2019,98,1,0.010101010101010102,1,0,0,3,-1.0,-1.8369701987210297e-16,1473211.8069605222
THE SAIL @ MARINA BAY,667.37,MARINA BOULEVARD,Resale,Strata,Apartment,1.0,1.0,Core Central Region,21,7,11,15,0,99,2002,80,19,0.1919191919191919,1,0,0,3,-0.4999999999999998,-0.8660254037844388,1195368.8890661797
EAST MEADOWS,1334.74,TANAH MERAH KECHIL ROAD,Resale,Strata,Condominium,1.0,16.0,Outside Central Region,23,2,1,5,0,99,1998,74,25,0.25252525252525254,2,0,0,1,0.8660254037844386,0.5000000000000001,1581329.186190317
THE COMMODORE,1679.18,CANBERRA DRIVE,New Sale,Strata,Condominium,1.0,27.0,Outside Central Region,21,11,1,5,0,99,2020,98,1,0.010101010101010102,1,1,1,4,-0.5000000000000004,0.8660254037844384,2366690.293165142
SEASIDE RESIDENCES,785.77,SIGLAP LINK,Sub Sale,Strata,Apartment,1.0,15.0,Outside Central Region,21,7,6,10,0,99,2016,94,5,0.050505050505050504,1,0,0,3,-0.4999999999999998,-0.8660254037844388,1529094.4255683199
PARC KOMO,968.76,UPPER CHANGI ROAD NORTH,New Sale,Strata,Apartment,1.0,17.0,Outside Central Region,21,11,1,5,1,9999,0,9999,0,0.0,0,1,1,4,-0.5000000000000004,0.8660254037844384,1583844.0668275976
THE REEF AT KING'S DOCK,721.19,HARBOURFRONT AVENUE,New Sale,Strata,Condominium,1.0,4.0,Rest of Central Region,21,1,1,5,0,99,2021,99,0,0.0,1,0,0,1,0.49999999999999994,0.8660254037844387,1663673.5832617749
THE SANTORINI,1119.46,TAMPINES STREET 86,Resale,Strata,Condominium,1.0,18.0,Outside Central Region,21,6,1,5,0,99,2013,91,8,0.08080808080808081,1,0,0,2,1.2246467991473532e-16,-1.0,1186882.2100312451
RIPPLE BAY,764.24,PASIR RIS LINK,Resale,Strata,Condominium,1.0,18.0,Outside Central Region,23,6,6,10,0,99,2011,87,12,0.12121212121212122,1,0,0,2,1.2246467991473532e-16,-1.0,1019887.1465829308
NORWOOD GRAND,624.31,CHAMPIONS WAY,New Sale,Strata,Apartment,1.0,25.0,Outside Central Region,24,10,1,5,0,99,2023,98,1,0.010101010101010102,1,1,0,4,-0.8660254037844386,0.5000000000000001,1297941.255412367
SIGNATURE CREST,882.65,GRAY LANE,Resale,Strata,Apartment,1.0,15.0,Rest of Central Region,23,3,1,5,1,9999,0,9999,0,0.0,0,0,0,1,1.0,6.123233995736766e-17,1445938.8767651676
TREASURE AT TAMPINES,1237.86,TAMPINES LANE,New Sale,Strata,Condominium,1.0,18.0,Outside Central Region,21,1,1,5,0,99,2018,96,3,0.030303030303030304,1,0,0,1,0.49999999999999994,0.8660254037844387,1628919.8735246314
GOODWOOD RESIDENCE,1969.81,BUKIT TIMAH ROAD,Resale,Strata,Condominium,1.0,10.0,Core Central Region,22,10,1,5,1,9999,0,9999,0,0.0,0,1,0,4,-0.8660254037844386,0.5000000000000001,5120939.049820175
THE SAIL @ MARINA BAY,861.12,MARINA BOULEVARD,Resale,Strata,Apartment,1.0,1.0,Core Central Region,22,7,26,30,0,99,2002,79,20,0.20202020202020202,2,0,0,3,-0.4999999999999998,-0.8660254037844388,1680970.999510586
10 SHELFORD,452.09,SHELFORD ROAD,Resale,Strata,Apartment,1.0,11.0,Core Central Region,22,11,1,5,1,9999,0,9999,0,0.0,0,1,1,4,-0.5000000000000004,0.8660254037844384,843793.9894881679
SORA,731.95,YUAN CHING ROAD,New Sale,Strata,Apartment,1.0,22.0,Outside Central Region,24,10,11,15,0,99,2023,98,1,0.010101010101010102,1,1,0,4,-0.8660254037844386,0.5000000000000001,1637315.2678226444
COSY 23,1420.85,LORONG 30 GEYLANG,Resale,Strata,Apartment,1.0,14.0,Rest of Central Region,24,12,1,5,1,9999,0,9999,0,0.0,0,0,0,4,-2.4492935982947064e-16,1.0,1726528.9816012343
PARC OLYMPIA,656.6,FLORA DRIVE,Resale,Strata,Condominium,1.0,17.0,Outside Central Region,21,7,1,5,0,99,2012,90,9,0.09090909090909091,1,0,0,3,-0.4999999999999998,-0.8660254037844388,678167.6606111176
NATURA@HILLVIEW,538.2,HILLVIEW TERRACE,Resale,Strata,Apartment,1.0,23.0,Outside Central Region,21,2,6,10,1,9999,0,9999,0,0.0,0,0,0,1,0.8660254037844386,0.5000000000000001,709801.1045808608
LENTOR MODERN,731.95,LENTOR CENTRAL,New Sale,Strata,Apartment,1.0,26.0,Outside Central Region,22,9,16,20,0,99,2021,98,1,0.010101010101010102,1,0,0,3,-1.0,-1.8369701987210297e-16,1644049.6473756272
HILLVIEW REGENCY,904.18,BUKIT BATOK EAST AVENUE 2,Resale,Strata,Condominium,1.0,23.0,Outside Central Region,23,5,1,5,0,99,2000,76,23,0.23232323232323232,2,0,0,2,0.49999999999999994,-0.8660254037844387,1010697.0206934408
FABER CREST,1733.0,FABER HEIGHTS,Resale,Strata,Condominium,1.0,5.0,Outside Central Region,21,1,1,5,0,99,1996,74,25,0.25252525252525254,2,0,0,1,0.49999999999999994,0.8660254037844387,1605654.3418308655
WALLICH RESIDENCE,1657.66,WALLICH STREET,Resale,Strata,Apartment,1.0,2.0,Core Central Region,21,5,51,55,0,99,2011,89,10,0.10101010101010101,1,0,0,2,0.49999999999999994,-0.8660254037844387,5780525.208772306
ZENITH,775.01,ZION ROAD,Resale,Strata,Apartment,1.0,10.0,Core Central Region,22,12,1,5,0,999,1877,854,145,0.14514514514514515,1,0,0,4,-2.4492935982947064e-16,1.0,1484804.081594428
RIPPLE BAY,2335.79,PASIR RIS LINK,Resale,Strata,Condominium,1.0,18.0,Outside Central Region,22,7,11,15,0,99,2011,88,11,0.1111111111111111,1,0,0,3,-0.4999999999999998,-0.8660254037844388,2402578.736521102
LAKEHOLMZ,1248.62,CORPORATION ROAD,Resale,Strata,Condominium,1.0,22.0,Outside Central Region,24,9,1,5,0,99,2001,76,23,0.23232323232323232,2,0,0,3,-1.0,-1.8369701987210297e-16,1537227.5596644925
COSTA DEL SOL,1560.78,BAYSHORE ROAD,Resale,Strata,Condominium,1.0,16.0,Outside Central Region,22,6,21,25,0,99,1997,74,25,0.25252525252525254,2,0,0,2,1.2246467991473532e-16,-1.0,2499879.7129476657
FORTE SUITES,624.31,MERGUI ROAD,Resale,Strata,Apartment,1.0,8.0,Rest of Central Region,23,11,16,20,1,9999,0,9999,0,0.0,0,1,1,4,-0.5000000000000004,0.8660254037844384,1203225.244757094
NV RESIDENCES,495.14,PASIR RIS GROVE,Resale,Strata,Condominium,1.0,18.0,Outside Central Region,22,10,11,15,0,99,2008,85,14,0.1414141414141414,1,1,0,4,-0.8660254037844386,0.5000000000000001,656905.1747782688
UP@ROBERTSON QUAY,462.85,ROBERTSON QUAY,Resale,Strata,Apartment,1.0,9.0,Core Central Region,24,12,1,5,0,99,2011,86,13,0.13131313131313133,1,0,0,4,-2.4492935982947064e-16,1.0,1039169.9878973444
THE HILL @ONE-NORTH,710.42,SLIM BARRACKS RISE,New Sale,Strata,Apartment,1.0,5.0,Rest of Central Region,24,8,11,15,0,99,2022,97,2,0.020202020202020204,1,0,0,3,-0.8660254037844384,-0.5000000000000004,1898633.3025762818
SANCTUARY@NEWTON,1022.58,SURREY ROAD,New Sale,Strata,Apartment,1.0,11.0,Core Central Region,24,4,6,10,1,9999,0,9999,0,0.0,0,0,0,2,0.8660254037844387,-0.49999999999999983,2679411.3953342536
THE BAYSHORE,1184.04,BAYSHORE ROAD,Resale,Strata,Condominium,1.0,16.0,Outside Central Region,21,4,16,20,0,99,1993,71,28,0.2828282828282828,2,0,0,2,0.8660254037844387,-0.49999999999999983,1243603.4564340296
MIDWOOD,1248.62,HILLVIEW RISE,New Sale,Strata,Condominium,1.0,23.0,Outside Central Region,21,7,21,25,0,99,2018,96,3,0.030303030303030304,1,0,0,3,-0.4999999999999998,-0.8660254037844388,2028071.8243870453
HEDGES PARK CONDOMINIUM,796.54,FLORA DRIVE,Resale,Strata,Condominium,1.0,17.0,Outside Central Region,24,11,6,10,0,99,2010,85,14,0.1414141414141414,1,1,1,4,-0.5000000000000004,0.8660254037844384,995909.4998100908
QUEENS,1291.68,STIRLING ROAD,Resale,Strata,Condominium,1.0,3.0,Rest of Central Region,24,12,6,10,0,99,1998,73,26,0.26262626262626265,2,0,0,4,-2.4492935982947064e-16,1.0,2239315.317335761
URBAN TREASURES,699.66,JALAN EUNOS,New Sale,Strata,Condominium,1.0,14.0,Outside Central Region,21,1,11,15,1,9999,0,9999,0,0.0,0,0,0,1,0.49999999999999994,0.8660254037844387,1343888.8128225154
ST THOMAS SUITES,2604.89,ST. THOMAS WALK,Resale,Strata,Condominium,1.0,9.0,Core Central Region,21,7,16,20,1,9999,0,9999,0,0.0,0,0,0,3,-0.4999999999999998,-0.8660254037844388,5493567.752118743
PARC OLYMPIA,1162.51,FLORA DRIVE,Resale,Strata,Condominium,1.0,17.0,Outside Central Region,22,3,1,5,0,99,2012,89,10,0.10101010101010101,1,0,0,1,1.0,6.123233995736766e-17,1161016.267702949
MONTEREY PARK CONDOMINIUM,1367.03,WEST COAST RISE,Resale,Strata,Condominium,1.0,5.0,Outside Central Region,21,2,6,10,0,999,1885,863,136,0.13613613613613615,1,0,0,1,0.8660254037844386,0.5000000000000001,1752164.1552842464
EASTPOINT GREEN,1173.28,SIMEI STREET 3,Resale,Strata,Condominium,1.0,18.0,Outside Central Region,24,11,6,10,0,99,1996,71,28,0.2828282828282828,2,1,1,4,-0.5000000000000004,0.8660254037844384,1358688.92244715
LAGUNA PARK,1614.6,MARINE PARADE ROAD,Resale,Strata,Apartment,1.0,15.0,Outside Central Region,23,10,16,20,0,99,1977,53,46,0.46464646464646464,3,1,0,4,-0.8660254037844386,0.5000000000000001,2059300.1603380388
GRAND DUNMAN,452.09,DUNMAN ROAD,New Sale,Strata,Apartment,1.0,15.0,Rest of Central Region,23,7,6,10,0,99,2022,98,1,0.010101010101010102,1,0,0,3,-0.4999999999999998,-0.8660254037844388,1161710.5195723064
JADESCAPE,527.44,SHUNFU ROAD,New Sale,Strata,Condominium,1.0,20.0,Rest of Central Region,20,12,16,20,0,99,2018,97,2,0.020202020202020204,1,0,0,4,-2.4492935982947064e-16,1.0,974841.3951834011
THE FLORENCE RESIDENCES,721.19,HOUGANG AVENUE 2,Sub Sale,Strata,Apartment,1.0,19.0,Outside Central Region,24,12,1,5,0,99,2018,93,6,0.06060606060606061,1,0,0,4,-2.4492935982947064e-16,1.0,1267023.0068529171
THE RESIDENCES AT W SINGAPORE SENTOSA COVE,1270.15,OCEAN WAY,Resale,Strata,Condominium,1.0,4.0,Core Central Region,24,12,1,5,0,99,2006,81,18,0.18181818181818182,1,0,0,4,-2.4492935982947064e-16,1.0,2371236.6355452617
PASIR RIS 8,710.42,PASIR RIS DRIVE 8,New Sale,Strata,Apartment,1.0,18.0,Outside Central Region,21,7,1,5,0,99,2021,99,0,0.0,1,0,0,3,-0.4999999999999998,-0.8660254037844388,1135098.3633971666
CUSCADEN RESERVE,818.06,CUSCADEN ROAD,Resale,Strata,Condominium,1.0,10.0,Core Central Region,24,4,21,25,0,99,2018,93,6,0.06060606060606061,1,0,0,2,0.8660254037844387,-0.49999999999999983,2557597.477499261
JADESCAPE,764.24,SHUNFU ROAD,Sub Sale,Strata,Condominium,1.0,20.0,Rest of Central Region,21,12,11,15,0,99,2018,96,3,0.030303030303030304,1,0,0,4,-2.4492935982947064e-16,1.0,1424577.8136257892
QUEENS PEAK,807.3,DUNDEE ROAD,Resale,Strata,Condominium,1.0,3.0,Rest of Central Region,22,6,26,30,0,99,2015,92,7,0.0707070707070707,1,0,0,2,1.2246467991473532e-16,-1.0,1617834.9044958707
PARC CLEMATIS,1636.13,JALAN LEMPENG,New Sale,Strata,Apartment,1.0,5.0,Outside Central Region,21,10,21,25,0,99,2019,97,2,0.020202020202020204,1,1,0,4,-0.8660254037844386,0.5000000000000001,2753113.4874066873
THE TAPESTRY,1431.61,TAMPINES STREET 86,Resale,Strata,Condominium,1.0,18.0,Outside Central Region,23,7,11,15,0,99,2017,93,6,0.06060606060606061,1,0,0,3,-0.4999999999999998,-0.8660254037844388,2200942.6648369157
WATERVIEW,1130.22,TAMPINES AVENUE 1,Resale,Strata,Condominium,1.0,18.0,Outside Central Region,22,1,11,15,0,99,2010,87,12,0.12121212121212122,1,0,0,1,0.49999999999999994,0.8660254037844387,1349269.5868398051
SEASTRAND,882.65,PASIR RIS LINK,Resale,Strata,Condominium,1.0,18.0,Outside Central Region,21,8,6,10,0,99,2011,89,10,0.10101010101010101,1,0,0,3,-0.8660254037844384,-0.5000000000000004,887502.0326174699
CASTLE GREEN,1593.07,YIO CHU KANG ROAD,Resale,Strata,Condominium,1.0,26.0,Outside Central Region,21,12,1,5,0,99,1993,71,28,0.2828282828282828,2,0,0,4,-2.4492935982947064e-16,1.0,1367949.8230444852
SIMS URBAN OASIS,462.85,SIMS DRIVE,Resale,Strata,Condominium,1.0,14.0,Rest of Central Region,24,4,6,10,0,99,2014,89,10,0.10101010101010101,1,0,0,2,0.8660254037844387,-0.49999999999999983,818631.9161239302
SANCTUARY GREEN,1237.86,TANJONG RHU ROAD,Resale,Strata,Condominium,1.0,15.0,Rest of Central Region,24,8,6,10,0,99,1997,72,27,0.2727272727272727,2,0,0,3,-0.8660254037844384,-0.5000000000000004,2094625.1598847539
HILLION RESIDENCES,710.42,JELEBU ROAD,Resale,Strata,Apartment,1.0,23.0,Outside Central Region,22,5,6,10,0,99,2013,90,9,0.09090909090909091,1,0,0,2,0.49999999999999994,-0.8660254037844387,1073328.506327802
THE LUXURIE,1001.05,COMPASSVALE ROAD,Resale,Strata,Condominium,1.0,19.0,Outside Central Region,21,7,1,5,0,99,2011,89,10,0.10101010101010101,1,0,0,3,-0.4999999999999998,-0.8660254037844388,1111934.8813097768
IRWELL HILL RESIDENCES,667.37,IRWELL HILL,New Sale,Strata,Apartment,1.0,9.0,Core Central Region,23,4,31,35,0,99,2020,96,3,0.030303030303030304,1,0,0,2,0.8660254037844387,-0.49999999999999983,2011673.5750525212
JUNIPER HILL,656.6,EWE BOON ROAD,Resale,Strata,Apartment,1.0,10.0,Core Central Region,22,11,6,10,1,9999,0,9999,0,0.0,0,1,1,4,-0.5000000000000004,0.8660254037844384,1891280.9200056558
RIVERFRONT RESIDENCES,462.85,HOUGANG AVENUE 7,Sub Sale,Strata,Apartment,1.0,19.0,Outside Central Region,22,8,6,10,0,99,2018,95,4,0.04040404040404041,1,0,0,3,-0.8660254037844384,-0.5000000000000004,712319.5075853287
HILLION RESIDENCES,473.62,JELEBU ROAD,Resale,Strata,Apartment,1.0,23.0,Outside Central Region,22,1,6,10,0,99,2013,90,9,0.09090909090909091,1,0,0,1,0.49999999999999994,0.8660254037844387,717923.2230352659
ATRIUM RESIDENCES,1259.39,LORONG 28 GEYLANG,Resale,Strata,Apartment,1.0,14.0,Rest of Central Region,23,11,1,5,1,9999,0,9999,0,0.0,0,1,1,4,-0.5000000000000004,0.8660254037844384,1452551.9092669915
LENTOR MODERN,678.13,LENTOR CENTRAL,New Sale,Strata,Apartment,1.0,26.0,Outside Central Region,22,9,6,10,0,99,2021,98,1,0.010101010101010102,1,0,0,3,-1.0,-1.8369701987210297e-16,1412052.6056779523
STIRLING RESIDENCES,656.6,STIRLING ROAD,New Sale,Strata,Apartment,1.0,3.0,Rest of Central Region,20,11,36,40,0,99,2017,96,3,0.030303030303030304,1,1,1,4,-0.5000000000000004,0.8660254037844384,1367159.4517857137
HILLHAVEN,947.23,HILLVIEW RISE,New Sale,Strata,Condominium,1.0,23.0,Outside Central Region,24,7,11,15,0,99,2023,98,1,0.010101010101010102,1,0,0,3,-0.4999999999999998,-0.8660254037844388,1989676.8623644554
AVENUE SOUTH RESIDENCE,947.23,SILAT AVENUE,New Sale,Strata,Apartment,1.0,3.0,Rest of Central Region,21,11,41,45,0,99,2018,96,3,0.030303030303030304,1,1,1,4,-0.5000000000000004,0.8660254037844384,2109157.800437977
FAR HORIZON GARDENS,1151.75,ANG MO KIO AVENUE 9,Resale,Strata,Condominium,1.0,20.0,Outside Central Region,21,3,1,5,0,99,1982,60,39,0.3939393939393939,2,0,0,1,1.0,6.123233995736766e-17,1125485.0984888426
CASABLANCA,1184.04,ROSEWOOD DRIVE,Resale,Strata,Condominium,1.0,25.0,Outside Central Region,21,10,6,10,0,99,2001,79,20,0.20202020202020202,2,1,0,4,-0.8660254037844386,0.5000000000000001,999754.9527707871
CAPE ROYALE,4811.51,COVE WAY,Resale,Strata,Condominium,1.0,4.0,Core Central Region,22,9,16,20,0,99,2008,85,14,0.1414141414141414,1,0,0,3,-1.0,-1.8369701987210297e-16,11074789.708240015
HILLOCK GREEN,1033.34,LENTOR CENTRAL,New Sale,Strata,Apartment,1.0,26.0,Outside Central Region,23,11,1,5,0,99,2022,98,1,0.010101010101010102,1,1,1,4,-0.5000000000000004,0.8660254037844384,2091705.527551688
TEMBUSU GRAND,667.37,JALAN TEMBUSU,New Sale,Strata,Condominium,1.0,15.0,Rest of Central Region,23,4,11,15,0,99,2022,98,1,0.010101010101010102,1,0,0,2,0.8660254037844387,-0.49999999999999983,1683896.4700745007
JERVOIS JADE,2055.92,JERVOIS CLOSE,Resale,Strata,Apartment,1.0,10.0,Core Central Region,20,10,16,20,0,99,1998,77,22,0.2222222222222222,2,1,0,4,-0.8660254037844386,0.5000000000000001,2060597.8270019523
ONE AMBER,1991.34,AMBER GARDENS,Resale,Strata,Condominium,1.0,15.0,Rest of Central Region,20,11,1,5,1,9999,0,9999,0,0.0,0,1,1,4,-0.5000000000000004,0.8660254037844384,3020637.345123016
FERRELL RESIDENCES,1840.64,BUKIT TIMAH ROAD,Resale,Strata,Apartment,1.0,10.0,Core Central Region,21,3,6,10,1,9999,0,9999,0,0.0,0,0,0,1,1.0,6.123233995736766e-17,3403181.715127505
THE ARTE,1399.32,JALAN RAJA UDANG,Resale,Strata,Condominium,1.0,12.0,Rest of Central Region,21,8,21,25,1,9999,0,9999,0,0.0,0,0,0,3,-0.8660254037844384,-0.5000000000000004,2205956.030953483
THE SUNFLOWER,592.02,LORONG 28 GEYLANG,Resale,Strata,Apartment,1.0,14.0,Rest of Central Region,21,2,1,5,1,9999,0,9999,0,0.0,0,0,0,1,0.8660254037844386,0.5000000000000001,803245.4213400959
SKY HABITAT,1022.58,BISHAN STREET 15,Resale,Strata,Condominium,1.0,20.0,Rest of Central Region,22,5,1,5,0,99,2011,88,11,0.1111111111111111,1,0,0,2,0.49999999999999994,-0.8660254037844387,1546290.9437248441
REFLECTIONS AT KEPPEL BAY,1001.05,KEPPEL BAY VIEW,Resale,Strata,Condominium,1.0,4.0,Rest of Central Region,21,5,11,15,0,99,2006,84,15,0.15151515151515152,1,0,0,2,0.49999999999999994,-0.8660254037844387,1582042.8271797488
ST REGIS RESIDENCES SINGAPORE,2152.8,TANGLIN ROAD,Resale,Strata,Apartment,1.0,10.0,Core Central Region,21,4,11,15,0,999,1995,973,26,0.026026026026026026,1,0,0,2,0.8660254037844387,-0.49999999999999983,5107445.292977516
WESTCOVE CONDOMINIUM,1097.93,WEST COAST CRESCENT,Resale,Strata,Condominium,1.0,5.0,Outside Central Region,24,10,1,5,0,99,1995,70,29,0.29292929292929293,2,1,0,4,-0.8660254037844386,0.5000000000000001,1348421.3458434413
KEW GREEN,3369.13,KEW CRESCENT,Resale,Strata,Condominium,1.0,16.0,Outside Central Region,21,8,0,0,0,99,1994,72,27,0.2727272727272727,2,0,0,3,-0.8660254037844384,-0.5000000000000004,2485397.8496885225
LUMIERE,914.94,MISTRI ROAD,Resale,Strata,Apartment,1.0,2.0,Core Central Region,23,8,31,35,0,99,2006,82,17,0.1717171717171717,1,0,0,3,-0.8660254037844384,-0.5000000000000004,1742706.971696372
RIO VISTA,1054.87,UPPER SERANGOON VIEW,Resale,Strata,Condominium,1.0,19.0,Outside Central Region,21,5,16,20,0,99,2001,79,20,0.20202020202020202,2,0,0,2,0.49999999999999994,-0.8660254037844387,985204.2666573502
GRAND DUNMAN,1119.46,DUNMAN ROAD,New Sale,Strata,Apartment,1.0,15.0,Rest of Central Region,23,7,6,10,0,99,2022,98,1,0.010101010101010102,1,0,0,3,-0.4999999999999998,-0.8660254037844388,2792936.5673337295
VIDA,527.44,PECK HAY ROAD,Resale,Strata,Apartment,1.0,9.0,Core Central Region,23,1,11,15,1,9999,0,9999,0,0.0,0,0,0,1,0.49999999999999994,0.8660254037844387,1168276.397653446
HILLOCK GREEN,624.31,LENTOR CENTRAL,New Sale,Strata,Apartment,1.0,26.0,Outside Central Region,23,11,1,5,0,99,2022,98,1,0.010101010101010102,1,1,1,4,-0.5000000000000004,0.8660254037844384,1348542.427904051
OXFORD SUITES,1033.34,OXFORD ROAD,Resale,Strata,Apartment,1.0,8.0,Rest of Central Region,24,6,1,5,1,9999,0,9999,0,0.0,0,0,0,2,1.2246467991473532e-16,-1.0,1482368.647483769
LIV @ MB,818.06,ARTHUR ROAD,New Sale,Strata,Condominium,1.0,15.0,Rest of Central Region,22,5,6,10,0,99,2021,98,1,0.010101010101010102,1,0,0,2,0.49999999999999994,-0.8660254037844387,2000020.2530109012
D'LEEDON,1216.33,LEEDON HEIGHTS,Resale,Strata,Condominium,1.0,10.0,Core Central Region,23,3,1,5,0,99,2010,86,13,0.13131313131313133,1,0,0,1,1.0,6.123233995736766e-17,2210283.197988871
PENROSE,473.62,SIMS DRIVE,New Sale,Strata,Apartment,1.0,14.0,Rest of Central Region,20,9,6,10,0,99,2019,98,1,0.010101010101010102,1,0,0,3,-1.0,-1.8369701987210297e-16,825791.5224736076
CLAVON,1582.31,CLEMENTI AVENUE 1,New Sale,Strata,Apartment,1.0,5.0,Outside Central Region,21,8,16,20,0,99,2019,97,2,0.020202020202020204,1,0,0,3,-0.8660254037844384,-0.5000000000000004,2589895.545373011
RESIDENCES 88,742.72,LORONG MARICAN,Resale,Strata,Apartment,1.0,14.0,Outside Central Region,23,1,1,5,1,9999,0,9999,0,0.0,0,0,0,1,0.49999999999999994,0.8660254037844387,1039388.7217440357
PARC KOMO,968.76,UPPER CHANGI ROAD NORTH,New Sale,Strata,Apartment,1.0,17.0,Outside Central Region,21,11,1,5,1,9999,0,9999,0,0.0,0,1,1,4,-0.5000000000000004,0.8660254037844384,1583844.0668275976
JUI RESIDENCES,947.23,SERANGOON ROAD,New Sale,Strata,Apartment,1.0,12.0,Rest of Central Region,20,9,16,20,1,9999,0,9999,0,0.0,0,0,0,3,-1.0,-1.8369701987210297e-16,1617565.292128031
RIVERFRONT RESIDENCES,462.85,HOUGANG AVENUE 7,Sub Sale,Strata,Apartment,1.0,19.0,Outside Central Region,23,3,6,10,0,99,2018,94,5,0.050505050505050504,1,0,0,1,1.0,6.123233995736766e-17,753627.2119559154
ST PATRICK'S RESIDENCES,1205.57,ST. PATRICK'S ROAD,Resale,Strata,Apartment,1.0,15.0,Outside Central Region,24,9,1,5,1,9999,0,9999,0,0.0,0,0,0,3,-1.0,-1.8369701987210297e-16,2376932.3329827036
THE ANTARES,688.9,MATTAR ROAD,New Sale,Strata,Apartment,1.0,14.0,Rest of Central Region,21,7,1,5,0,99,2018,96,3,0.030303030303030304,1,0,0,3,-0.4999999999999998,-0.8660254037844388,1210095.6209045623
THE REEF AT KING'S DOCK,753.48,HARBOURFRONT AVENUE,New Sale,Strata,Condominium,1.0,4.0,Rest of Central Region,21,1,6,10,0,99,2021,99,0,0.0,1,0,0,1,0.49999999999999994,0.8660254037844387,1691733.5972966412
UPTOWN @ FARRER,828.83,PERUMAL ROAD,New Sale,Strata,Apartment,1.0,8.0,Rest of Central Region,21,3,16,20,0,99,2017,95,4,0.04040404040404041,1,0,0,1,1.0,6.123233995736766e-17,1520645.4823638184
MIDTOWN MODERN,904.18,TAN QUEE LAN STREET,New Sale,Strata,Apartment,1.0,7.0,Core Central Region,21,3,1,5,0,99,2019,97,2,0.020202020202020204,1,0,0,1,1.0,6.123233995736766e-17,2278813.886091429
ONE BERNAM,699.66,BERNAM STREET,New Sale,Strata,Apartment,1.0,2.0,Core Central Region,23,2,21,25,0,99,2019,95,4,0.04040404040404041,1,0,0,1,0.8660254037844386,0.5000000000000001,1903251.4397377279
VUE 8 RESIDENCE,2691.0,PASIR RIS HEIGHTS,Resale,Strata,Condominium,1.0,18.0,Outside Central Region,23,3,16,20,0,99,2012,88,11,0.1111111111111111,1,0,0,1,1.0,6.123233995736766e-17,2917376.775227597
AVENUE SOUTH RESIDENCE,656.6,SILAT AVENUE,New Sale,Strata,Apartment,1.0,3.0,Rest of Central Region,20,9,26,30,0,99,2018,97,2,0.020202020202020204,1,0,0,3,-1.0,-1.8369701987210297e-16,1379074.5675624378
MIDWOOD,635.08,HILLVIEW RISE,New Sale,Strata,Condominium,1.0,23.0,Outside Central Region,21,5,6,10,0,99,2018,96,3,0.030303030303030304,1,0,0,2,0.49999999999999994,-0.8660254037844387,1059950.8357562555
THE CLEMENT CANOPY,731.95,CLEMENTI AVENUE 1,Resale,Strata,Apartment,1.0,5.0,Outside Central Region,21,11,26,30,0,99,2016,94,5,0.050505050505050504,1,1,1,4,-0.5000000000000004,0.8660254037844384,1212418.2287061422
HAUS ON HANDY,645.84,HANDY ROAD,New Sale,Strata,Condominium,1.0,9.0,Core Central Region,23,1,1,5,0,99,2018,94,5,0.050505050505050504,1,0,0,1,0.49999999999999994,0.8660254037844387,1788364.6198387193
SIGNATURE RESIDENCE,2314.26,GREEN LANE,Resale,Strata,Apartment,1.0,15.0,Rest of Central Region,23,8,1,5,1,9999,0,9999,0,0.0,0,0,0,3,-0.8660254037844384,-0.5000000000000004,2638354.978260425
ONE SHENTON,1593.07,SHENTON WAY,Resale,Strata,Apartment,1.0,1.0,Core Central Region,24,3,36,40,0,99,2005,80,19,0.1919191919191919,1,0,0,1,1.0,6.123233995736766e-17,2831008.6236808235
EMERALD HILL CONSERVATION AREA,2746.97,EMERALD HILL ROAD,Resale,Strata,Apartment,1.0,9.0,Core Central Region,23,9,1,5,0,9999,1958,9934,65,0.0065006500650065,1,0,0,3,-1.0,-1.8369701987210297e-16,4074716.066675175
THE ALPS RESIDENCES,1065.64,TAMPINES STREET 86,Resale,Strata,Condominium,1.0,18.0,Outside Central Region,24,11,6,10,0,99,2015,90,9,0.09090909090909091,1,1,1,4,-0.5000000000000004,0.8660254037844384,1591587.175478645
REGENT HEIGHTS,1022.58,BUKIT BATOK EAST AVENUE 5,Resale,Strata,Condominium,1.0,23.0,Outside Central Region,21,9,21,25,0,99,1995,73,26,0.26262626262626265,2,0,0,3,-1.0,-1.8369701987210297e-16,835793.2757963033
MI CASA,990.29,CHOA CHU KANG AVENUE 3,Resale,Strata,Condominium,1.0,23.0,Outside Central Region,21,1,6,10,0,99,2008,86,13,0.13131313131313133,1,0,0,1,0.49999999999999994,0.8660254037844387,1013764.9917182378
THE MAKENA,1517.72,MEYER ROAD,Resale,Strata,Condominium,1.0,15.0,Rest of Central Region,21,10,6,10,1,9999,0,9999,0,0.0,0,1,0,4,-0.8660254037844386,0.5000000000000001,2618439.4510269924
TRILIGHT,2098.98,NEWTON ROAD,Resale,Strata,Condominium,1.0,11.0,Core Central Region,24,8,6,10,1,9999,0,9999,0,0.0,0,0,0,3,-0.8660254037844384,-0.5000000000000004,4389437.445546415
LEEDON GREEN,1044.11,LEEDON HEIGHTS,New Sale,Strata,Condominium,1.0,10.0,Core Central Region,20,8,6,10,1,9999,0,9999,0,0.0,0,0,0,3,-0.8660254037844384,-0.5000000000000004,2698657.90925915
MOOI RESIDENCES,990.29,HOLLAND ROAD,New Sale,Strata,Apartment,1.0,10.0,Core Central Region,22,7,1,5,1,9999,0,9999,0,0.0,0,0,0,3,-0.4999999999999998,-0.8660254037844388,2459033.7564282008
PICCADILLY GRAND,645.84,NORTHUMBERLAND ROAD,New Sale,Strata,Apartment,1.0,8.0,Rest of Central Region,22,5,11,15,0,99,2021,98,1,0.010101010101010102,1,0,0,2,0.49999999999999994,-0.8660254037844387,1432910.7530916603
HILLVIEW GREEN,1001.05,HUME AVENUE,Resale,Strata,Condominium,1.0,21.0,Outside Central Region,24,5,6,10,0,999,1883,858,141,0.14114114114114115,1,0,0,2,0.49999999999999994,-0.8660254037844387,1640803.7737048112
RIVIERE,818.06,JIAK KIM STREET,New Sale,Strata,Apartment,1.0,3.0,Rest of Central Region,22,8,21,25,0,99,2018,95,4,0.04040404040404041,1,0,0,3,-0.8660254037844384,-0.5000000000000004,2367319.3943059756
FOURTH AVENUE RESIDENCES,710.42,FOURTH AVENUE,New Sale,Strata,Apartment,1.0,10.0,Core Central Region,22,4,6,10,0,99,2018,95,4,0.04040404040404041,1,0,0,2,0.8660254037844387,-0.49999999999999983,1812698.666922922
MIDTOWN MODERN,1463.9,TAN QUEE LAN STREET,New Sale,Strata,Apartment,1.0,7.0,Core Central Region,23,9,26,30,0,99,2019,95,4,0.04040404040404041,1,0,0,3,-1.0,-1.8369701987210297e-16,4494530.838898134
8 @ MOUNT SOPHIA,893.41,MOUNT SOPHIA,Resale,Strata,Condominium,1.0,9.0,Core Central Region,22,7,6,10,0,103,2002,83,20,0.1941747572815534,1,0,0,3,-0.4999999999999998,-0.8660254037844388,1454892.2601383585
CARIBBEAN AT KEPPEL BAY,1323.97,KEPPEL BAY DRIVE,Resale,Strata,Condominium,1.0,4.0,Rest of Central Region,21,3,1,5,0,99,1999,77,22,0.2222222222222222,2,0,0,1,1.0,6.123233995736766e-17,2037643.0182841313
ELIAS GREEN,1614.6,ELIAS GREEN,Resale,Strata,Condominium,1.0,18.0,Outside Central Region,20,9,6,10,0,99,1991,70,29,0.29292929292929293,2,0,0,3,-1.0,-1.8369701987210297e-16,1121417.7717857184
PASIR RIS 8,1302.44,PASIR RIS DRIVE 8,New Sale,Strata,Apartment,1.0,18.0,Outside Central Region,21,7,1,5,0,99,2021,99,0,0.0,1,0,0,3,-0.4999999999999998,-0.8660254037844388,1977607.417403563
THE FLORENCE RESIDENCES,635.08,HOUGANG AVENUE 2,New Sale,Strata,Apartment,1.0,19.0,Outside Central Region,21,7,16,20,0,99,2018,96,3,0.030303030303030304,1,0,0,3,-0.4999999999999998,-0.8660254037844388,1125457.6975264384
BARTLEY RESIDENCES,1377.79,LORONG HOW SUN,Resale,Strata,Apartment,1.0,19.0,Outside Central Region,22,4,1,5,0,99,2011,88,11,0.1111111111111111,1,0,0,2,0.8660254037844387,-0.49999999999999983,1758659.8606782844
ASPEN HEIGHTS,1582.31,RIVER VALLEY ROAD,Resale,Strata,Condominium,1.0,9.0,Core Central Region,21,3,6,10,0,999,1841,819,180,0.18018018018018017,1,0,0,1,1.0,6.123233995736766e-17,3086063.178689472
ROBERTSON 100,1560.78,ROBERTSON QUAY,Resale,Strata,Apartment,1.0,9.0,Core Central Region,24,3,1,5,1,9999,0,9999,0,0.0,0,0,0,1,1.0,6.123233995736766e-17,2897421.9277344574
LIV @ MB,861.12,ARTHUR ROAD,New Sale,Strata,Condominium,1.0,15.0,Rest of Central Region,22,5,11,15,0,99,2021,98,1,0.010101010101010102,1,0,0,2,0.49999999999999994,-0.8660254037844387,2079792.9819564451
PARK NATURA,2508.01,BUKIT BATOK EAST AVENUE 6,Resale,Strata,Condominium,1.0,23.0,Rest of Central Region,21,8,6,10,1,9999,0,9999,0,0.0,0,0,0,3,-0.8660254037844384,-0.5000000000000004,2881882.6296124896
SEASCAPE,2680.24,COVE WAY,Resale,Strata,Condominium,1.0,4.0,Core Central Region,24,5,1,5,0,99,2007,82,17,0.1717171717171717,1,0,0,2,0.49999999999999994,-0.8660254037844387,5478526.316168006
THE LINQ @ BEAUTY WORLD,613.55,UPPER BUKIT TIMAH ROAD,New Sale,Strata,Apartment,1.0,21.0,Rest of Central Region,20,11,6,10,1,9999,0,9999,0,0.0,0,1,1,4,-0.5000000000000004,0.8660254037844384,1297610.2551431092
THE COSMOPOLITAN,1399.32,KIM SENG ROAD,Resale,Strata,Condominium,1.0,9.0,Core Central Region,22,11,16,20,1,9999,0,9999,0,0.0,0,1,1,4,-0.5000000000000004,0.8660254037844384,3481787.3607197218
BAYSHORE PARK,1076.4,BAYSHORE ROAD,Resale,Strata,Condominium,1.0,16.0,Outside Central Region,20,11,1,5,0,99,1982,61,38,0.3838383838383838,2,1,1,4,-0.5000000000000004,0.8660254037844384,1003749.9279526607
THE TAPESTRY,473.62,TAMPINES STREET 86,Resale,Strata,Condominium,1.0,18.0,Outside Central Region,23,8,6,10,0,99,2017,93,6,0.06060606060606061,1,0,0,3,-0.8660254037844384,-0.5000000000000004,789098.9409500506
J'DEN,1184.04,JURONG EAST CENTRAL 1,New Sale,Strata,Apartment,1.0,22.0,Outside Central Region,23,11,16,20,0,99,2023,99,0,0.0,1,1,1,4,-0.5000000000000004,0.8660254037844384,2811093.8513528393
THOMSON GRAND,1033.34,SIN MING WALK,Resale,Strata,Condominium,1.0,20.0,Rest of Central Region,21,4,16,20,0,99,2010,88,11,0.1111111111111111,1,0,0,2,0.8660254037844387,-0.49999999999999983,1471433.6095768432
MON JERVOIS,1668.42,JERVOIS ROAD,Resale,Strata,Condominium,1.0,10.0,Core Central Region,21,10,1,5,0,99,2012,90,9,0.09090909090909091,1,1,0,4,-0.8660254037844386,0.5000000000000001,2925564.2695222595
VIDA,527.44,PECK HAY ROAD,Resale,Strata,Apartment,1.0,9.0,Core Central Region,23,2,11,15,1,9999,0,9999,0,0.0,0,0,0,1,0.8660254037844386,0.5000000000000001,1170739.6217968438
J'DEN,527.44,JURONG EAST CENTRAL 1,New Sale,Strata,Apartment,1.0,22.0,Outside Central Region,23,11,26,30,0,99,2023,99,0,0.0,1,1,1,4,-0.5000000000000004,0.8660254037844384,1409461.4223804486
THE ARCADY AT BOON KENG,667.37,SAINT BARNABAS LANE,New Sale,Strata,Apartment,1.0,12.0,Rest of Central Region,24,7,6,10,1,9999,0,9999,0,0.0,0,0,0,3,-0.4999999999999998,-0.8660254037844388,1696440.028487225
NASSIM PARK RESIDENCES,3509.06,NASSIM ROAD,Resale,Strata,Condominium,1.0,10.0,Core Central Region,22,4,1,5,1,9999,0,9999,0,0.0,0,0,0,2,0.8660254037844387,-0.49999999999999983,13343582.006931094
D'NEST,484.38,PASIR RIS GROVE,Resale,Strata,Condominium,1.0,18.0,Outside Central Region,22,4,11,15,0,99,2010,87,12,0.12121212121212122,1,0,0,2,0.8660254037844387,-0.49999999999999983,643482.1235429487
ARCHIPELAGO,527.44,BEDOK RESERVOIR ROAD,Resale,Strata,Condominium,1.0,16.0,Outside Central Region,23,8,1,5,0,99,2011,87,12,0.12121212121212122,1,0,0,3,-0.8660254037844384,-0.5000000000000004,783578.8118016252
SOLEIL @ SINARAN,1463.9,SINARAN DRIVE,Resale,Strata,Condominium,1.0,11.0,Core Central Region,21,6,21,25,0,99,2006,84,15,0.15151515151515152,1,0,0,2,1.2246467991473532e-16,-1.0,2804055.819759201
BOATHOUSE RESIDENCES,731.95,UPPER SERANGOON VIEW,Resale,Strata,Condominium,1.0,19.0,Outside Central Region,22,11,1,5,0,99,2011,88,11,0.1111111111111111,1,1,1,4,-0.5000000000000004,0.8660254037844384,902192.1517625004
THE AVENIR,2055.92,RIVER VALLEY CLOSE,New Sale,Strata,Condominium,1.0,9.0,Core Central Region,22,9,26,30,1,9999,0,9999,0,0.0,0,0,0,3,-1.0,-1.8369701987210297e-16,7080393.624156292
8 RAJA,1571.54,JALAN RAJA UDANG,Resale,Strata,Apartment,1.0,12.0,Rest of Central Region,21,2,6,10,1,9999,0,9999,0,0.0,0,0,0,1,0.8660254037844386,0.5000000000000001,1840805.0459681768
WATERTOWN,1194.8,PUNGGOL CENTRAL,Resale,Strata,Apartment,1.0,19.0,Outside Central Region,21,7,6,10,0,99,2011,89,10,0.10101010101010101,1,0,0,3,-0.4999999999999998,-0.8660254037844388,1615962.5375479963
THE TROPICA,1237.86,TAMPINES AVENUE 1,Resale,Strata,Condominium,1.0,18.0,Outside Central Region,24,11,1,5,0,99,1996,71,28,0.2828282828282828,2,1,1,4,-0.5000000000000004,0.8660254037844384,1537562.926484604
WATERTOWN,1356.26,PUNGGOL CENTRAL,Resale,Strata,Apartment,1.0,19.0,Outside Central Region,24,2,1,5,0,99,2011,86,13,0.13131313131313133,1,0,0,1,0.8660254037844386,0.5000000000000001,2324252.2054767073
THE MINTON,1453.14,HOUGANG STREET 11,Resale,Strata,Condominium,1.0,19.0,Outside Central Region,24,8,6,10,0,99,2007,82,17,0.1717171717171717,1,0,0,3,-0.8660254037844384,-0.5000000000000004,2138767.236027913
ICON,936.47,GOPENG STREET,Resale,Strata,Apartment,1.0,2.0,Core Central Region,22,7,36,40,0,99,2002,79,20,0.20202020202020202,2,0,0,3,-0.4999999999999998,-0.8660254037844388,1624885.5553743655
ONE-NORTH RESIDENCES,516.67,ONE-NORTH GATEWAY,Resale,Strata,Apartment,1.0,5.0,Rest of Central Region,20,8,1,5,0,99,2005,84,15,0.15151515151515152,1,0,0,3,-0.8660254037844384,-0.5000000000000004,802734.2074770954
THE INTERLACE,1076.4,DEPOT ROAD,Resale,Strata,Condominium,1.0,4.0,Rest of Central Region,21,3,16,20,0,99,2009,87,12,0.12121212121212122,1,0,0,1,1.0,6.123233995736766e-17,1522592.4854518664
PARVIS,2604.89,HOLLAND HILL,Resale,Strata,Condominium,1.0,10.0,Core Central Region,21,10,1,5,1,9999,0,9999,0,0.0,0,1,0,4,-0.8660254037844386,0.5000000000000001,5380825.462193168
CASPIAN,462.85,LAKESIDE DRIVE,Resale,Strata,Condominium,1.0,22.0,Outside Central Region,24,4,1,5,0,99,2008,83,16,0.16161616161616163,1,0,0,2,0.8660254037844387,-0.49999999999999983,728853.8680024674
THE CONTINUUM,645.84,THIAM SIEW AVENUE,New Sale,Strata,Apartment,1.0,15.0,Rest of Central Region,24,11,11,15,1,9999,0,9999,0,0.0,0,1,1,4,-0.5000000000000004,0.8660254037844384,1876882.283751777
NORMANTON PARK,527.44,NORMANTON PARK,New Sale,Strata,Apartment,1.0,5.0,Rest of Central Region,21,11,11,15,0,99,2019,97,2,0.020202020202020204,1,1,1,4,-0.5000000000000004,0.8660254037844384,1010839.1369288577
BEDOK COURT,1173.28,BEDOK SOUTH AVENUE 3,Resale,Strata,Condominium,1.0,16.0,Outside Central Region,23,3,16,20,0,99,1982,58,41,0.41414141414141414,3,0,0,1,1.0,6.123233995736766e-17,1545974.9667250982
ALLSWORTH PARK,1033.34,HOLLAND ROAD,Resale,Strata,Condominium,1.0,10.0,Core Central Region,23,3,11,15,0,999,1885,861,138,0.13813813813813813,1,0,0,1,1.0,6.123233995736766e-17,1995320.5666676285
TREVISTA,462.85,LORONG 3 TOA PAYOH,Resale,Strata,Condominium,1.0,12.0,Rest of Central Region,23,5,16,20,0,99,2008,84,15,0.15151515151515152,1,0,0,2,0.49999999999999994,-0.8660254037844387,866676.9136136164
CASA MERAH,1227.1,TANAH MERAH KECHIL AVENUE,Resale,Strata,Apartment,1.0,16.0,Outside Central Region,23,8,1,5,0,99,2006,82,17,0.1717171717171717,1,0,0,3,-0.8660254037844384,-0.5000000000000004,1661753.4045408366
KENT RIDGE HILL RESIDENCES,1399.32,SOUTH BUONA VISTA ROAD,New Sale,Strata,Apartment,1.0,5.0,Rest of Central Region,21,10,1,5,0,99,2018,96,3,0.030303030303030304,1,1,0,4,-0.8660254037844386,0.5000000000000001,2597773.342098998
HOLLAND RESIDENCES,979.52,TAMAN WARNA,Resale,Strata,Condominium,1.0,10.0,Core Central Region,23,3,1,5,1,9999,0,9999,0,0.0,0,0,0,1,1.0,6.123233995736766e-17,2160378.0066931834
KOVAN MELODY,904.18,KOVAN ROAD,Resale,Strata,Condominium,1.0,19.0,Outside Central Region,22,1,16,20,0,99,2004,81,18,0.18181818181818182,1,0,0,1,0.49999999999999994,0.8660254037844387,1283297.8835100832
THE INTERWEAVE,764.24,KIM KEAT ROAD,Resale,Strata,Apartment,1.0,12.0,Rest of Central Region,24,7,11,15,1,9999,0,9999,0,0.0,0,0,0,3,-0.4999999999999998,-0.8660254037844388,1159464.9127021788
PALMERA RESIDENCE,548.96,LORONG N TELOK KURAU,Resale,Strata,Apartment,1.0,15.0,Outside Central Region,22,7,1,5,1,9999,0,9999,0,0.0,0,0,0,3,-0.4999999999999998,-0.8660254037844388,946112.3064453006
OASIS GARDEN,1227.1,JALAN BUNGA RAMPAI,Resale,Strata,Condominium,1.0,19.0,Rest of Central Region,20,12,16,20,1,9999,0,9999,0,0.0,0,0,0,4,-2.4492935982947064e-16,1.0,1672814.019562365
THE LILIUM,699.66,HOW SUN ROAD,New Sale,Strata,Condominium,1.0,19.0,Outside Central Region,23,2,1,5,1,9999,0,9999,0,0.0,0,0,0,1,0.8660254037844386,0.5000000000000001,1530652.1437149309
FORETT@BUKIT TIMAH,473.62,TOH TUCK ROAD,Sub Sale,Strata,Apartment,1.0,21.0,Rest of Central Region,23,10,1,5,1,9999,0,9999,0,0.0,0,1,0,4,-0.8660254037844386,0.5000000000000001,1060080.0498562304
THE ALPS RESIDENCES,462.85,TAMPINES STREET 86,Sub Sale,Strata,Condominium,1.0,18.0,Outside Central Region,22,4,6,10,0,99,2015,92,7,0.0707070707070707,1,0,0,2,0.8660254037844387,-0.49999999999999983,669552.2302111045
GRANDEUR PARK RESIDENCES,548.96,BEDOK SOUTH AVENUE 3,Sub Sale,Strata,Condominium,1.0,16.0,Outside Central Region,21,3,6,10,0,99,2016,94,5,0.050505050505050504,1,0,0,1,1.0,6.123233995736766e-17,925874.4799241687
THE WOODLEIGH RESIDENCES,667.37,BIDADARI PARK DRIVE,Sub Sale,Strata,Apartment,1.0,13.0,Rest of Central Region,24,8,6,10,0,99,2017,92,7,0.0707070707070707,1,0,0,3,-0.8660254037844384,-0.5000000000000004,1534507.4242363393
SENGKANG GRAND RESIDENCES,936.47,COMPASSVALE BOW,Sub Sale,Strata,Apartment,1.0,19.0,Outside Central Region,24,9,11,15,0,99,2018,93,6,0.06060606060606061,1,0,0,3,-1.0,-1.8369701987210297e-16,1912574.949694742
KIM KEAT GARDENS,1334.74,KIM KEAT ROAD,Resale,Strata,Apartment,1.0,12.0,Rest of Central Region,24,7,6,10,0,99,2001,76,23,0.23232323232323232,2,0,0,3,-0.4999999999999998,-0.8660254037844388,1570457.552608207
THE WISTERIA,441.32,YISHUN RING ROAD,Sub Sale,Strata,Apartment,1.0,27.0,Outside Central Region,21,3,1,5,0,99,2015,93,6,0.06060606060606061,1,0,0,1,1.0,6.123233995736766e-17,576913.0190678532
8 EDEN GROVE,1108.69,EDEN GROVE,Resale,Strata,Apartment,1.0,19.0,Outside Central Region,23,3,1,5,1,9999,0,9999,0,0.0,0,0,0,1,1.0,6.123233995736766e-17,1419893.2797827697
NORMANTON PARK,721.19,NORMANTON PARK,New Sale,Strata,Apartment,1.0,5.0,Rest of Central Region,21,1,6,10,0,99,2019,97,2,0.020202020202020204,1,0,0,1,0.49999999999999994,0.8660254037844387,1278557.4478917404
NAVA GROVE,1108.69,PINE GROVE,New Sale,Strata,Condominium,1.0,21.0,Rest of Central Region,24,11,6,10,0,99,2024,99,0,0.0,1,1,1,4,-0.5000000000000004,0.8660254037844384,2640305.0222727307
PASIR RIS 8,828.83,PASIR RIS DRIVE 8,New Sale,Strata,Apartment,1.0,18.0,Outside Central Region,21,7,6,10,0,99,2021,99,0,0.0,1,0,0,3,-0.4999999999999998,-0.8660254037844388,1335966.9362089396
ZENITH,1130.22,ZION ROAD,Resale,Strata,Apartment,1.0,10.0,Core Central Region,20,12,1,5,0,999,1877,856,143,0.14314314314314314,1,0,0,4,-2.4492935982947064e-16,1.0,1684530.2541151594
THE TRILINQ,710.42,JALAN LEMPENG,Resale,Strata,Condominium,1.0,5.0,Outside Central Region,24,4,11,15,0,99,2012,87,12,0.12121212121212122,1,0,0,2,0.8660254037844387,-0.49999999999999983,1294427.811674588
JEWEL @ BUANGKOK,484.38,COMPASSVALE BOW,Resale,Strata,Condominium,1.0,19.0,Outside Central Region,21,5,6,10,0,99,2012,90,9,0.09090909090909091,1,0,0,2,0.49999999999999994,-0.8660254037844387,718494.6079200063
NORMANTON PARK,527.44,NORMANTON PARK,New Sale,Strata,Apartment,1.0,5.0,Rest of Central Region,22,3,16,20,0,99,2019,96,3,0.030303030303030304,1,0,0,1,1.0,6.123233995736766e-17,1026198.498989729
KOVAN MELODY,1410.08,KOVAN ROAD,Resale,Strata,Condominium,1.0,19.0,Outside Central Region,24,5,11,15,0,99,2004,79,20,0.20202020202020202,2,0,0,2,0.49999999999999994,-0.8660254037844387,2194255.5507058254
MAYFAIR GARDENS,871.88,RIFLE RANGE ROAD,Resale,Strata,Condominium,1.0,21.0,Rest of Central Region,23,10,1,5,0,99,2018,94,5,0.050505050505050504,1,1,0,4,-0.8660254037844386,0.5000000000000001,1498918.968575159
SKY EDEN@BEDOK,1087.16,BEDOK CENTRAL,New Sale,Strata,Apartment,1.0,16.0,Outside Central Region,22,9,16,20,0,99,2022,99,0,0.0,1,0,0,3,-1.0,-1.8369701987210297e-16,2303264.286070764
LEEDON GREEN,581.26,LEEDON HEIGHTS,New Sale,Strata,Condominium,1.0,10.0,Core Central Region,22,9,1,5,1,9999,0,9999,0,0.0,0,0,0,3,-1.0,-1.8369701987210297e-16,1564520.5420111679
D'ZIRE,462.85,ROBEY CRESCENT,Resale,Strata,Apartment,1.0,19.0,Outside Central Region,21,5,1,5,0,999,1875,853,146,0.14614614614614616,1,0,0,2,0.49999999999999994,-0.8660254037844387,624448.9093847729
QUEENS PEAK,430.56,DUNDEE ROAD,Resale,Strata,Condominium,1.0,3.0,Rest of Central Region,24,2,21,25,0,99,2015,90,9,0.09090909090909091,1,0,0,1,0.8660254037844386,0.5000000000000001,995460.875910012
THE ALPS RESIDENCES,699.66,TAMPINES STREET 86,Resale,Strata,Condominium,1.0,18.0,Outside Central Region,22,5,6,10,0,99,2015,92,7,0.0707070707070707,1,0,0,2,0.49999999999999994,-0.8660254037844387,904177.1326851173
15 HOLLAND HILL,3907.33,HOLLAND HILL,New Sale,Strata,Apartment,1.0,10.0,Core Central Region,21,9,11,15,1,9999,0,9999,0,0.0,0,0,0,3,-1.0,-1.8369701987210297e-16,12147123.034812594
QUEENS PEAK,624.31,DUNDEE ROAD,Resale,Strata,Condominium,1.0,3.0,Rest of Central Region,24,3,16,20,0,99,2015,90,9,0.09090909090909091,1,0,0,1,1.0,6.123233995736766e-17,1318299.0369865776
THE LAKEGARDEN RESIDENCES,678.13,YUAN CHING ROAD,New Sale,Strata,Apartment,1.0,22.0,Outside Central Region,24,7,1,5,0,99,2023,98,1,0.010101010101010102,1,0,0,3,-0.4999999999999998,-0.8660254037844388,1457436.8506800793
FERRARIA PARK CONDOMINIUM,958.0,FLORA DRIVE,Resale,Strata,Condominium,1.0,17.0,Outside Central Region,21,6,1,5,1,9999,0,9999,0,0.0,0,0,0,2,1.2246467991473532e-16,-1.0,880178.0639949869
THE ANTARES,882.65,MATTAR ROAD,New Sale,Strata,Apartment,1.0,14.0,Rest of Central Region,21,9,1,5,0,99,2018,96,3,0.030303030303030304,1,0,0,3,-1.0,-1.8369701987210297e-16,1543608.654777965
BAYOU RESIDENCE,904.18,UPPER PAYA LEBAR ROAD,Resale,Strata,Apartment,1.0,19.0,Outside Central Region,21,6,1,5,1,9999,0,9999,0,0.0,0,0,0,2,1.2246467991473532e-16,-1.0,1020555.8556442979
CASAFINA,1022.58,BEDOK SOUTH AVENUE 1,Resale,Strata,Condominium,1.0,16.0,Outside Central Region,23,4,1,5,0,99,1996,72,27,0.2727272727272727,2,0,0,2,0.8660254037844387,-0.49999999999999983,1267813.5269199326
SYMPHONY SUITES,785.77,YISHUN CLOSE,Resale,Strata,Condominium,1.0,27.0,Outside Central Region,24,4,11,15,0,99,2014,89,10,0.10101010101010101,1,0,0,2,0.8660254037844387,-0.49999999999999983,1042316.9956862062
TRE RESIDENCES,764.24,GEYLANG EAST AVENUE 1,Resale,Strata,Condominium,1.0,14.0,Rest of Central Region,21,8,11,15,0,99,2014,92,7,0.0707070707070707,1,0,0,3,-0.8660254037844384,-0.5000000000000004,1207424.6346105477
SEASTRAND,1108.69,PASIR RIS LINK,Resale,Strata,Condominium,1.0,18.0,Outside Central Region,22,7,6,10,0,99,2011,88,11,0.1111111111111111,1,0,0,3,-0.4999999999999998,-0.8660254037844388,1294258.1060398822
FERRARIA PARK CONDOMINIUM,882.65,FLORA DRIVE,Resale,Strata,Condominium,1.0,17.0,Outside Central Region,21,5,1,5,1,9999,0,9999,0,0.0,0,0,0,2,0.49999999999999994,-0.8660254037844387,850424.4411876533
PARC KOMO,1410.08,UPPER CHANGI ROAD NORTH,New Sale,Strata,Apartment,1.0,17.0,Outside Central Region,21,7,1,5,1,9999,0,9999,0,0.0,0,0,0,3,-0.4999999999999998,-0.8660254037844388,2129389.260887153
NICON GARDENS,2012.87,CHOA CHU KANG ROAD,Resale,Strata,Condominium,1.0,23.0,Outside Central Region,21,10,0,0,0,99,1981,59,40,0.40404040404040403,3,1,0,4,-0.8660254037844386,0.5000000000000001,1421436.190603291
RIVERBAY,785.77,MAR THOMA ROAD,Resale,Strata,Apartment,1.0,12.0,Rest of Central Region,23,4,16,20,0,999,1882,858,141,0.14114114114114115,1,0,0,2,0.8660254037844387,-0.49999999999999983,1157891.6321926466
TEMBUSU GRAND,990.29,JALAN TEMBUSU,New Sale,Strata,Condominium,1.0,15.0,Rest of Central Region,23,4,16,20,0,99,2022,98,1,0.010101010101010102,1,0,0,2,0.8660254037844387,-0.49999999999999983,2481361.427379227
MIDTOWN MODERN,1065.64,TAN QUEE LAN STREET,New Sale,Strata,Apartment,1.0,7.0,Core Central Region,21,3,21,25,0,99,2019,97,2,0.020202020202020204,1,0,0,1,1.0,6.123233995736766e-17,2815401.8746963046
CASA MERAH,947.23,TANAH MERAH KECHIL AVENUE,Resale,Strata,Apartment,1.0,16.0,Outside Central Region,22,5,1,5,0,99,2006,83,16,0.16161616161616163,1,0,0,2,0.49999999999999994,-0.8660254037844387,1171924.4077857458
FERRELL RESIDENCES,1840.64,BUKIT TIMAH ROAD,Resale,Strata,Apartment,1.0,10.0,Core Central Region,21,2,6,10,1,9999,0,9999,0,0.0,0,0,0,1,0.8660254037844386,0.5000000000000001,3378032.312832298
MIDTOWN MODERN,473.62,TAN QUEE LAN STREET,New Sale,Strata,Apartment,1.0,7.0,Core Central Region,21,3,16,20,0,99,2019,97,2,0.020202020202020204,1,0,0,1,1.0,6.123233995736766e-17,1347119.8744735993
THE VERMONT ON CAIRNHILL,527.44,CAIRNHILL RISE,Resale,Strata,Apartment,1.0,9.0,Core Central Region,23,5,6,10,1,9999,0,9999,0,0.0,0,0,0,2,0.49999999999999994,-0.8660254037844387,1426594.2946854178
TIARA,1506.96,KIM SENG WALK,Resale,Strata,Condominium,1.0,9.0,Core Central Region,20,12,6,10,1,9999,0,9999,0,0.0,0,0,0,4,-2.4492935982947064e-16,1.0,2706204.0603994327
NORWOOD GRAND,904.18,CHAMPIONS WAY,New Sale,Strata,Apartment,1.0,25.0,Outside Central Region,24,10,1,5,0,99,2023,98,1,0.010101010101010102,1,1,0,4,-0.8660254037844386,0.5000000000000001,1850156.3881843765
THE GLADES,1022.58,BEDOK RISE,Resale,Strata,Condominium,1.0,16.0,Outside Central Region,23,5,1,5,0,99,2013,89,10,0.10101010101010101,1,0,0,2,0.49999999999999994,-0.8660254037844387,1595871.4851890828
THE HILLIER,516.67,HILLVIEW RISE,Resale,Strata,Apartment,1.0,23.0,Outside Central Region,22,7,11,15,0,99,2011,88,11,0.1111111111111111,1,0,0,3,-0.4999999999999998,-0.8660254037844388,795179.817701658
NV RESIDENCES,1108.69,PASIR RIS GROVE,Resale,Strata,Condominium,1.0,18.0,Outside Central Region,22,6,6,10,0,99,2008,85,14,0.1414141414141414,1,0,0,2,1.2246467991473532e-16,-1.0,1267979.7168186293
SAVANNAH CONDOPARK,1227.1,SIMEI RISE,Resale,Strata,Condominium,1.0,18.0,Outside Central Region,23,6,1,5,0,99,2000,76,23,0.23232323232323232,2,0,0,2,1.2246467991473532e-16,-1.0,1273347.0486754794
RIVIERE,839.59,JIAK KIM STREET,New Sale,Strata,Apartment,1.0,3.0,Rest of Central Region,22,2,16,20,0,99,2018,95,4,0.04040404040404041,1,0,0,1,0.8660254037844386,0.5000000000000001,2313754.654977379
IRWELL HILL RESIDENCES,624.31,IRWELL HILL,New Sale,Strata,Apartment,1.0,9.0,Core Central Region,21,4,1,5,0,99,2020,98,1,0.010101010101010102,1,0,0,2,0.8660254037844387,-0.49999999999999983,1586405.2615422457
GUILIN VIEW,1259.39,BUKIT BATOK STREET 52,Resale,Strata,Condominium,1.0,23.0,Outside Central Region,23,7,21,25,0,99,1996,72,27,0.2727272727272727,2,0,0,3,-0.4999999999999998,-0.8660254037844388,1472390.008167125
NORMANTON PARK,516.67,NORMANTON PARK,New Sale,Strata,Apartment,1.0,5.0,Rest of Central Region,21,1,11,15,0,99,2019,97,2,0.020202020202020204,1,0,0,1,0.49999999999999994,0.8660254037844387,917039.5407600567
THE GLACIER,1388.56,JOO CHIAT PLACE,Resale,Strata,Apartment,1.0,15.0,Outside Central Region,21,3,1,5,1,9999,0,9999,0,0.0,0,0,0,1,1.0,6.123233995736766e-17,1547643.7843626088
ROSEWOOD,1431.61,ROSEWOOD DRIVE,Resale,Strata,Condominium,1.0,25.0,Outside Central Region,23,4,11,15,0,99,2000,76,23,0.23232323232323232,2,0,0,2,0.8660254037844387,-0.49999999999999983,1430283.7018168047
THE HILLIER,516.67,HILLVIEW RISE,Resale,Strata,Apartment,1.0,23.0,Outside Central Region,22,5,16,20,0,99,2011,88,11,0.1111111111111111,1,0,0,2,0.49999999999999994,-0.8660254037844387,800485.3613395088
MIDWOOD,904.18,HILLVIEW RISE,New Sale,Strata,Condominium,1.0,23.0,Outside Central Region,21,6,6,10,0,99,2018,96,3,0.030303030303030304,1,0,0,2,1.2246467991473532e-16,-1.0,1400874.6950863034
LENTOR MANSION,861.12,LENTOR GARDENS,New Sale,Strata,Apartment,1.0,26.0,Outside Central Region,24,3,1,5,0,99,2023,98,1,0.010101010101010102,1,0,0,1,1.0,6.123233995736766e-17,1846881.8822378102
LEEDON GREEN,710.42,LEEDON HEIGHTS,New Sale,Strata,Condominium,1.0,10.0,Core Central Region,22,10,6,10,1,9999,0,9999,0,0.0,0,1,0,4,-0.8660254037844386,0.5000000000000001,1989386.6492428968
REFLECTIONS AT KEPPEL BAY,3283.02,KEPPEL BAY VIEW,Resale,Strata,Condominium,1.0,4.0,Rest of Central Region,22,10,1,5,0,99,2006,83,16,0.16161616161616163,1,1,0,4,-0.8660254037844386,0.5000000000000001,6446615.071206758
HILLHAVEN,1377.79,HILLVIEW RISE,New Sale,Strata,Condominium,1.0,23.0,Outside Central Region,24,10,1,5,0,99,2023,98,1,0.010101010101010102,1,1,0,4,-0.8660254037844386,0.5000000000000001,2598368.558734661
THE INSPIRA,2185.09,ARNASALAM CHETTY ROAD,Resale,Strata,Condominium,1.0,9.0,Core Central Region,22,2,11,15,1,9999,0,9999,0,0.0,0,0,0,1,0.8660254037844386,0.5000000000000001,4288997.651314062
THE VERTE,1657.66,LORONG H TELOK KURAU,Resale,Strata,Apartment,1.0,15.0,Outside Central Region,22,1,1,5,1,9999,0,9999,0,0.0,0,0,0,1,0.49999999999999994,0.8660254037844387,2052528.4795462715
GUILIN VIEW,1259.39,BUKIT BATOK STREET 52,Resale,Strata,Condominium,1.0,23.0,Outside Central Region,22,10,26,30,0,99,1996,73,26,0.26262626262626265,2,1,0,4,-0.8660254037844386,0.5000000000000001,1436827.8092481056
TERRASSE,1883.7,TERRASSE LANE,Resale,Strata,Condominium,1.0,19.0,Outside Central Region,24,5,1,5,0,99,2010,85,14,0.1414141414141414,1,0,0,2,0.49999999999999994,-0.8660254037844387,2327300.112388549
GEMS VILLE,516.67,LORONG 13 GEYLANG,New Sale,Strata,Apartment,1.0,14.0,Rest of Central Region,23,11,1,5,1,9999,0,9999,0,0.0,0,1,1,4,-0.5000000000000004,0.8660254037844384,1078055.714600716
3 ORCHARD BY-THE-PARK,1862.17,ORCHARD BOULEVARD,Resale,Strata,Condominium,1.0,10.0,Core Central Region,22,3,11,15,1,9999,0,9999,0,0.0,0,0,0,1,1.0,6.123233995736766e-17,6032137.658817447
RIVERFRONT RESIDENCES,1410.08,HOUGANG AVENUE 7,New Sale,Strata,Apartment,1.0,19.0,Outside Central Region,21,4,1,5,0,99,2018,96,3,0.030303030303030304,1,0,0,2,0.8660254037844387,-0.49999999999999983,1890228.9409933726
WATERMARK ROBERTSON QUAY,1054.87,RODYK STREET,Resale,Strata,Apartment,1.0,9.0,Core Central Region,22,9,6,10,1,9999,0,9999,0,0.0,0,0,0,3,-1.0,-1.8369701987210297e-16,2356067.8451236337
HIGHLINE RESIDENCES,505.91,KIM TIAN ROAD,Resale,Strata,Condominium,1.0,3.0,Rest of Central Region,23,7,26,30,0,99,2013,89,10,0.10101010101010101,1,0,0,3,-0.4999999999999998,-0.8660254037844388,1190699.2889071684
VERTICUS,635.08,JALAN KEMAMAN,New Sale,Strata,Apartment,1.0,12.0,Rest of Central Region,22,4,21,25,1,9999,0,9999,0,0.0,0,0,0,2,0.8660254037844387,-0.49999999999999983,1407900.7963195927
MIDTOWN MODERN,409.03,TAN QUEE LAN STREET,New Sale,Strata,Apartment,1.0,7.0,Core Central Region,21,3,16,20,0,99,2019,97,2,0.020202020202020204,1,0,0,1,1.0,6.123233995736766e-17,1285183.3438465667
WATERTOWN,527.44,PUNGGOL CENTRAL,Resale,Strata,Apartment,1.0,19.0,Outside Central Region,21,8,6,10,0,99,2011,89,10,0.10101010101010101,1,0,0,3,-0.8660254037844384,-0.5000000000000004,762759.3218428723
CASABLANCA,893.41,ROSEWOOD DRIVE,Resale,Strata,Condominium,1.0,25.0,Outside Central Region,21,3,11,15,0,99,2001,79,20,0.20202020202020202,2,0,0,1,1.0,6.123233995736766e-17,743962.991402325
AMO RESIDENCE,678.13,ANG MO KIO RISE,New Sale,Strata,Apartment,1.0,20.0,Outside Central Region,22,7,21,25,0,99,2021,98,1,0.010101010101010102,1,0,0,3,-0.4999999999999998,-0.8660254037844388,1502916.049136031
GARDENVISTA,1173.28,DUNEARN ROAD,Resale,Strata,Condominium,1.0,21.0,Rest of Central Region,20,10,6,10,0,99,1999,78,21,0.21212121212121213,2,1,0,4,-0.8660254037844386,0.5000000000000001,1642345.483307494
SIMS URBAN OASIS,958.0,SIMS DRIVE,Resale,Strata,Condominium,1.0,14.0,Rest of Central Region,23,3,16,20,0,99,2014,90,9,0.09090909090909091,1,0,0,1,1.0,6.123233995736766e-17,1737750.4181845908
BLOSSOMS BY THE PARK,914.94,SLIM BARRACKS RISE,New Sale,Strata,Apartment,1.0,5.0,Rest of Central Region,23,11,21,25,0,99,2022,98,1,0.010101010101010102,1,1,1,4,-0.5000000000000004,0.8660254037844384,2266654.226465169
ESTELLA GARDENS,1291.68,FLORA ROAD,Resale,Strata,Condominium,1.0,17.0,Outside Central Region,21,5,6,10,1,9999,0,9999,0,0.0,0,0,0,2,0.49999999999999994,-0.8660254037844387,1129455.8367361615
LENTOR MODERN,731.95,LENTOR CENTRAL,New Sale,Strata,Apartment,1.0,26.0,Outside Central Region,22,9,21,25,0,99,2021,98,1,0.010101010101010102,1,0,0,3,-1.0,-1.8369701987210297e-16,1670757.6325246075
ONE SHENTON,1894.46,SHENTON WAY,Resale,Strata,Apartment,1.0,1.0,Core Central Region,24,8,31,35,0,99,2005,80,19,0.1919191919191919,1,0,0,3,-0.8660254037844384,-0.5000000000000004,3099185.560216923
THE COMMODORE,742.72,CANBERRA DRIVE,New Sale,Strata,Condominium,1.0,27.0,Outside Central Region,21,11,1,5,0,99,2020,98,1,0.010101010101010102,1,1,1,4,-0.5000000000000004,0.8660254037844384,1130114.695947441
THE RESERVE RESIDENCES,721.19,JALAN ANAK BUKIT,New Sale,Strata,Apartment,1.0,21.0,Rest of Central Region,23,6,26,30,0,99,2021,97,2,0.020202020202020204,1,0,0,2,1.2246467991473532e-16,-1.0,1931662.1158049412
THE ANTARES,731.95,MATTAR ROAD,New Sale,Strata,Apartment,1.0,14.0,Rest of Central Region,21,6,16,20,0,99,2018,96,3,0.030303030303030304,1,0,0,2,1.2246467991473532e-16,-1.0,1356393.698085242
OASIS @ ELIAS,1496.2,ELIAS ROAD,Resale,Strata,Condominium,1.0,18.0,Outside Central Region,23,3,11,15,0,99,2008,84,15,0.15151515151515152,1,0,0,1,1.0,6.123233995736766e-17,1662677.458432531
CORALS AT KEPPEL BAY,968.76,KEPPEL BAY DRIVE,Resale,Strata,Condominium,1.0,4.0,Rest of Central Region,20,12,1,5,0,99,2007,86,13,0.13131313131313133,1,0,0,4,-2.4492935982947064e-16,1.0,1842266.7888498746
THE EQUATORIAL,1377.79,STEVENS ROAD,Resale,Strata,Condominium,1.0,10.0,Core Central Region,21,9,11,15,1,9999,0,9999,0,0.0,0,0,0,3,-1.0,-1.8369701987210297e-16,2383776.5775301144
TREASURE AT TAMPINES,850.36,TAMPINES LANE,New Sale,Strata,Condominium,1.0,18.0,Outside Central Region,21,2,11,15,0,99,2018,96,3,0.030303030303030304,1,0,0,1,0.8660254037844386,0.5000000000000001,1191315.07757066
STIRLING RESIDENCES,764.24,STIRLING ROAD,Resale,Strata,Apartment,1.0,3.0,Rest of Central Region,23,12,11,15,0,99,2017,93,6,0.06060606060606061,1,0,0,4,-2.4492935982947064e-16,1.0,1626575.0477429023
THE JOVELL,721.19,FLORA DRIVE,New Sale,Strata,Condominium,1.0,17.0,Outside Central Region,21,1,1,5,0,99,2018,96,3,0.030303030303030304,1,0,0,1,0.49999999999999994,0.8660254037844387,935526.7547274499
NASSIM PARK RESIDENCES,3476.77,NASSIM ROAD,Resale,Strata,Condominium,1.0,10.0,Core Central Region,21,3,1,5,1,9999,0,9999,0,0.0,0,0,0,1,1.0,6.123233995736766e-17,12079994.859498838
WATERSCAPE AT CAVENAGH,592.02,CAVENAGH ROAD,Resale,Strata,Apartment,1.0,9.0,Core Central Region,22,10,1,5,1,9999,0,9999,0,0.0,0,1,0,4,-0.8660254037844386,0.5000000000000001,1279790.6764441412
GRANDEUR 8,1227.1,ANG MO KIO CENTRAL 3,Resale,Strata,Condominium,1.0,20.0,Outside Central Region,23,9,11,15,0,99,2002,78,21,0.21212121212121213,2,0,0,3,-1.0,-1.8369701987210297e-16,1743822.9791519037
THE LANDMARK,1140.98,CHIN SWEE ROAD,New Sale,Strata,Condominium,1.0,3.0,Rest of Central Region,22,10,11,15,0,99,2020,97,2,0.020202020202020204,1,1,0,4,-0.8660254037844386,0.5000000000000001,2560814.0439835815
COMMONWEALTH TOWERS,473.62,COMMONWEALTH AVENUE,Resale,Strata,Condominium,1.0,3.0,Rest of Central Region,20,10,21,25,0,99,2013,92,7,0.0707070707070707,1,1,0,4,-0.8660254037844386,0.5000000000000001,858490.4409455863
HIGH PARK RESIDENCES,570.49,FERNVALE ROAD,Resale,Strata,Apartment,1.0,28.0,Outside Central Region,21,11,1,5,0,99,2014,92,7,0.0707070707070707,1,1,1,4,-0.5000000000000004,0.8660254037844384,744481.265990541
THE LAKEGARDEN RESIDENCES,893.41,YUAN CHING ROAD,New Sale,Strata,Apartment,1.0,22.0,Outside Central Region,23,8,16,20,0,99,2023,99,0,0.0,1,0,0,3,-0.8660254037844384,-0.5000000000000004,1848472.3564998924
TREASURE AT TAMPINES,914.94,TAMPINES LANE,New Sale,Strata,Condominium,1.0,18.0,Outside Central Region,21,5,11,15,0,99,2018,96,3,0.030303030303030304,1,0,0,2,0.49999999999999994,-0.8660254037844387,1312272.9162020562
THE INFINITI,1270.15,WEST COAST PARK,Resale,Strata,Condominium,1.0,5.0,Outside Central Region,21,1,6,10,1,9999,0,9999,0,0.0,0,0,0,1,0.49999999999999994,0.8660254037844387,1455143.9685927709
77 @ EAST COAST,635.08,UPPER EAST COAST ROAD,New Sale,Strata,Apartment,1.0,15.0,Outside Central Region,22,6,1,5,1,9999,0,9999,0,0.0,0,0,0,2,1.2246467991473532e-16,-1.0,1139296.1207674097
FLORIDIAN,1657.66,BUKIT TIMAH ROAD,Resale,Strata,Condominium,1.0,21.0,Rest of Central Region,23,8,1,5,1,9999,0,9999,0,0.0,0,0,0,3,-0.8660254037844384,-0.5000000000000004,3718226.7314543286
HAIG COURT,1399.32,HAIG ROAD,Resale,Strata,Condominium,1.0,15.0,Rest of Central Region,24,9,6,10,1,9999,0,9999,0,0.0,0,0,0,3,-1.0,-1.8369701987210297e-16,2600936.056619935
NORMANTON PARK,1313.21,NORMANTON PARK,New Sale,Strata,Apartment,1.0,5.0,Rest of Central Region,22,1,1,5,0,99,2019,96,3,0.030303030303030304,1,0,0,1,0.49999999999999994,0.8660254037844387,2387025.5349249393
PARC CENTROS,473.62,PUNGGOL CENTRAL,Resale,Strata,Condominium,1.0,19.0,Outside Central Region,21,1,11,15,0,99,2012,90,9,0.09090909090909091,1,0,0,1,0.49999999999999994,0.8660254037844387,641393.5971047309
NORMANTON PARK,1313.21,NORMANTON PARK,New Sale,Strata,Apartment,1.0,5.0,Rest of Central Region,21,1,21,25,0,99,2019,97,2,0.020202020202020204,1,0,0,1,0.49999999999999994,0.8660254037844387,2369274.6427714415
TEMBUSU GRAND,1173.28,JALAN TEMBUSU,New Sale,Strata,Condominium,1.0,15.0,Rest of Central Region,23,4,6,10,0,99,2022,98,1,0.010101010101010102,1,0,0,2,0.8660254037844387,-0.49999999999999983,2778278.0689582746
THE STELLAR,1356.26,WEST COAST ROAD,Resale,Strata,Condominium,1.0,5.0,Outside Central Region,20,11,1,5,1,9999,0,9999,0,0.0,0,1,1,4,-0.5000000000000004,0.8660254037844384,1578720.3338830236
CLAVON,1130.22,CLEMENTI AVENUE 1,New Sale,Strata,Apartment,1.0,5.0,Outside Central Region,20,12,6,10,0,99,2019,98,1,0.010101010101010102,1,0,0,4,-2.4492935982947064e-16,1.0,1799405.4756799322
THE CENTRIS,1237.86,JURONG WEST CENTRAL 3,Resale,Strata,Apartment,1.0,22.0,Outside Central Region,24,9,6,10,0,99,2006,81,18,0.18181818181818182,1,0,0,3,-1.0,-1.8369701987210297e-16,1861750.4621903875
BLOSSOMS BY THE PARK,914.94,SLIM BARRACKS RISE,New Sale,Strata,Apartment,1.0,5.0,Rest of Central Region,23,4,1,5,0,99,2022,98,1,0.010101010101010102,1,0,0,2,0.8660254037844387,-0.49999999999999983,2121156.354067424
CUSCADEN RESERVE,936.47,CUSCADEN ROAD,Resale,Strata,Condominium,1.0,10.0,Core Central Region,24,3,6,10,0,99,2018,93,6,0.06060606060606061,1,0,0,1,1.0,6.123233995736766e-17,2690486.338232188
IVORY HEIGHTS,1700.71,JURONG EAST STREET 13,Resale,Strata,Condominium,1.0,22.0,Outside Central Region,20,12,21,25,0,100,1986,66,34,0.34,2,0,0,4,-2.4492935982947064e-16,1.0,1631876.8573657374
ONE AMBER,1377.79,AMBER GARDENS,Resale,Strata,Condominium,1.0,15.0,Rest of Central Region,21,6,1,5,1,9999,0,9999,0,0.0,0,0,0,2,1.2246467991473532e-16,-1.0,2200806.0458433656
PINETREE HILL,764.24,PINE GROVE,New Sale,Strata,Condominium,1.0,21.0,Rest of Central Region,24,9,6,10,0,99,2022,97,2,0.020202020202020204,1,0,0,3,-1.0,-1.8369701987210297e-16,1884132.9277230673
MIDWOOD,484.38,HILLVIEW RISE,New Sale,Strata,Condominium,1.0,23.0,Outside Central Region,21,8,21,25,0,99,2018,96,3,0.030303030303030304,1,0,0,3,-0.8660254037844384,-0.5000000000000004,861802.5552933845
WHISTLER GRAND,1065.64,WEST COAST VALE,Sub Sale,Strata,Apartment,1.0,5.0,Outside Central Region,23,4,1,5,0,99,2018,94,5,0.050505050505050504,1,0,0,2,0.8660254037844387,-0.49999999999999983,1778587.6118743042
JERVOIS LODGE,1237.86,JERVOIS ROAD,Resale,Strata,Condominium,1.0,10.0,Core Central Region,23,2,1,5,1,9999,0,9999,0,0.0,0,0,0,1,0.8660254037844386,0.5000000000000001,2397403.4312406546
CASUARINA COVE,1388.56,TANJONG RHU ROAD,Resale,Strata,Condominium,1.0,15.0,Rest of Central Region,24,2,1,5,0,99,1993,68,31,0.31313131313131315,2,0,0,1,0.8660254037844386,0.5000000000000001,2145793.1571025723
THE GARDEN RESIDENCES,688.9,SERANGOON NORTH VIEW,New Sale,Strata,Apartment,1.0,19.0,Outside Central Region,20,10,11,15,0,99,2017,96,3,0.030303030303030304,1,1,0,4,-0.8660254037844386,0.5000000000000001,1141990.8354752285
JUNIPER HILL,699.66,EWE BOON ROAD,New Sale,Strata,Apartment,1.0,10.0,Core Central Region,21,12,1,5,1,9999,0,9999,0,0.0,0,0,0,4,-2.4492935982947064e-16,1.0,1915595.7253453892
PENROSE,958.0,SIMS DRIVE,New Sale,Strata,Apartment,1.0,14.0,Rest of Central Region,20,9,6,10,0,99,2019,98,1,0.010101010101010102,1,0,0,3,-1.0,-1.8369701987210297e-16,1458927.2336312686
THE DAIRY FARM,1280.92,DAIRY FARM ROAD,Resale,Strata,Condominium,1.0,23.0,Outside Central Region,23,2,6,10,1,9999,0,9999,0,0.0,0,0,0,1,0.8660254037844386,0.5000000000000001,2128371.847247882
SENGKANG GRAND RESIDENCES,1011.82,COMPASSVALE BOW,New Sale,Strata,Apartment,1.0,19.0,Outside Central Region,21,1,6,10,0,99,2018,96,3,0.030303030303030304,1,0,0,1,0.49999999999999994,0.8660254037844387,1689058.5693154896
CAPE ROYALE,1905.23,COVE WAY,Resale,Strata,Condominium,1.0,4.0,Core Central Region,22,6,16,20,0,99,2008,85,14,0.1414141414141414,1,0,0,2,1.2246467991473532e-16,-1.0,4310032.87485645
ONE PEARL BANK,1097.93,PEARL BANK,New Sale,Strata,Apartment,1.0,3.0,Rest of Central Region,22,6,21,25,0,99,2019,96,3,0.030303030303030304,1,0,0,2,1.2246467991473532e-16,-1.0,2757561.0321994643
LENTOR MODERN,968.76,LENTOR CENTRAL,New Sale,Strata,Apartment,1.0,26.0,Outside Central Region,22,9,11,15,0,99,2021,98,1,0.010101010101010102,1,0,0,3,-1.0,-1.8369701987210297e-16,1984120.9218691976
KI RESIDENCES AT BROOKVALE,871.88,BROOKVALE DRIVE,New Sale,Strata,Condominium,1.0,21.0,Outside Central Region,22,4,11,15,0,999,1885,862,137,0.13713713713713713,1,0,0,2,0.8660254037844387,-0.49999999999999983,1767335.3073243438
SKIES MILTONIA,742.72,MILTONIA CLOSE,Resale,Strata,Condominium,1.0,27.0,Outside Central Region,21,2,1,5,0,99,2012,90,9,0.09090909090909091,1,0,0,1,0.8660254037844386,0.5000000000000001,763821.3202968363
FORETT@BUKIT TIMAH,731.95,TOH TUCK ROAD,New Sale,Strata,Apartment,1.0,21.0,Rest of Central Region,20,8,1,5,1,9999,0,9999,0,0.0,0,0,0,3,-0.8660254037844384,-0.5000000000000004,1410958.9543133313
MARINA ONE RESIDENCES,699.66,MARINA WAY,Resale,Strata,Apartment,1.0,1.0,Core Central Region,22,4,26,30,0,99,2011,88,11,0.1111111111111111,1,0,0,2,0.8660254037844387,-0.49999999999999983,1629227.918924343
ONE ST MICHAEL'S,1184.04,ST. MICHAEL'S ROAD,Resale,Strata,Condominium,1.0,12.0,Rest of Central Region,24,10,1,5,1,9999,0,9999,0,0.0,0,1,0,4,-0.8660254037844386,0.5000000000000001,1907925.6366395464
LAKEVILLE,635.08,JURONG LAKE LINK,Resale,Strata,Condominium,1.0,22.0,Outside Central Region,21,11,6,10,0,99,2013,91,8,0.08080808080808081,1,1,1,4,-0.5000000000000004,0.8660254037844384,987874.2078389579
PALM GARDENS,1216.33,HONG SAN WALK,Resale,Strata,Condominium,1.0,23.0,Outside Central Region,24,1,11,15,0,99,1996,71,28,0.2828282828282828,2,0,0,1,0.49999999999999994,0.8660254037844387,1215658.4170653252
WATERTOWN,958.0,PUNGGOL CENTRAL,Resale,Strata,Apartment,1.0,19.0,Outside Central Region,21,1,6,10,0,99,2011,89,10,0.10101010101010101,1,0,0,1,0.49999999999999994,0.8660254037844387,1209694.9840117223
THE HYDE,678.13,BALMORAL ROAD,New Sale,Strata,Condominium,1.0,10.0,Core Central Region,22,8,6,10,1,9999,0,9999,0,0.0,0,0,0,3,-0.8660254037844384,-0.5000000000000004,2008540.242518983
THE ELEGANCE @ CHANGI,1948.28,LORONG 107 CHANGI,Resale,Strata,Apartment,1.0,15.0,Rest of Central Region,24,4,1,5,1,9999,0,9999,0,0.0,0,0,0,2,0.8660254037844387,-0.49999999999999983,2411878.5730795437
D'NEST,1237.86,PASIR RIS GROVE,Resale,Strata,Condominium,1.0,18.0,Outside Central Region,24,12,1,5,0,99,2010,85,14,0.1414141414141414,1,0,0,4,-2.4492935982947064e-16,1.0,1690369.3755619598
MY MANHATTAN,559.73,SIMEI STREET 3,Resale,Strata,Condominium,1.0,18.0,Outside Central Region,23,8,1,5,0,99,2010,86,13,0.13131313131313133,1,0,0,3,-0.8660254037844384,-0.5000000000000004,850880.4860227637
YONG AN PARK,3229.2,RIVER VALLEY ROAD,Resale,Strata,Condominium,1.0,9.0,Core Central Region,21,8,11,15,1,9999,0,9999,0,0.0,0,0,0,3,-0.8660254037844384,-0.5000000000000004,6415073.605183979
ROSEWOOD,1022.58,ROSEWOOD DRIVE,Resale,Strata,Condominium,1.0,25.0,Outside Central Region,22,12,16,20,0,99,2000,77,22,0.2222222222222222,2,0,0,4,-2.4492935982947064e-16,1.0,932491.6674108222
CAPE ROYALE,1679.18,COVE WAY,Resale,Strata,Condominium,1.0,4.0,Core Central Region,22,8,11,15,0,99,2008,85,14,0.1414141414141414,1,0,0,3,-0.8660254037844384,-0.5000000000000004,3688696.431259595
KILLINEY 118,624.31,KILLINEY ROAD,Resale,Strata,Apartment,1.0,9.0,Core Central Region,20,9,1,5,1,9999,0,9999,0,0.0,0,0,0,3,-1.0,-1.8369701987210297e-16,1121365.169584901
THE TRE VER,635.08,POTONG PASIR AVENUE 1,Sub Sale,Strata,Condominium,1.0,13.0,Rest of Central Region,22,10,6,10,0,99,2018,95,4,0.04040404040404041,1,1,0,4,-0.8660254037844386,0.5000000000000001,1184797.2392760483
TREE HOUSE,796.54,CHESTNUT AVENUE,Resale,Strata,Condominium,1.0,23.0,Outside Central Region,22,2,11,15,0,99,2009,86,13,0.13131313131313133,1,0,0,1,0.8660254037844386,0.5000000000000001,1018507.430065149
THE CASCADIA,882.65,BUKIT TIMAH ROAD,Resale,Strata,Condominium,1.0,21.0,Rest of Central Region,22,5,1,5,1,9999,0,9999,0,0.0,0,0,0,2,0.49999999999999994,-0.8660254037844387,1626262.6539301071
CANNINGHILL PIERS,462.85,CLARKE QUAY,New Sale,Strata,Apartment,1.0,6.0,Rest of Central Region,21,11,16,20,0,99,2021,99,0,0.0,1,1,1,4,-0.5000000000000004,0.8660254037844384,1364126.1259638637
E MAISON,828.83,BRADDELL ROAD,Resale,Strata,Apartment,1.0,13.0,Outside Central Region,24,10,1,5,1,9999,0,9999,0,0.0,0,1,0,4,-0.8660254037844386,0.5000000000000001,1329517.476820517
NAVA GROVE,624.31,PINE GROVE,New Sale,Strata,Condominium,1.0,21.0,Rest of Central Region,24,11,6,10,0,99,2024,99,0,0.0,1,1,1,4,-0.5000000000000004,0.8660254037844384,1521889.253227633
THE CONTINUUM,667.37,THIAM SIEW AVENUE,New Sale,Strata,Apartment,1.0,15.0,Rest of Central Region,23,8,11,15,1,9999,0,9999,0,0.0,0,0,0,3,-0.8660254037844384,-0.5000000000000004,1868957.6101565522
EIGHT COURTYARDS,893.41,CANBERRA DRIVE,Resale,Strata,Condominium,1.0,27.0,Outside Central Region,21,5,11,15,0,99,2010,88,11,0.1111111111111111,1,0,0,2,0.49999999999999994,-0.8660254037844387,906990.6076186594
BOTANIQUE AT BARTLEY,495.14,UPPER PAYA LEBAR ROAD,Resale,Strata,Condominium,1.0,19.0,Outside Central Region,21,3,6,10,0,99,2014,92,7,0.0707070707070707,1,0,0,1,1.0,6.123233995736766e-17,740073.5455847582
CAPE ROYALE,2529.54,COVE WAY,Resale,Strata,Condominium,1.0,4.0,Core Central Region,22,11,1,5,0,99,2008,85,14,0.1414141414141414,1,1,1,4,-0.5000000000000004,0.8660254037844384,5507642.47979172
NORMANTON PARK,1313.21,NORMANTON PARK,New Sale,Strata,Apartment,1.0,5.0,Rest of Central Region,21,2,16,20,0,99,2019,97,2,0.020202020202020204,1,0,0,1,0.8660254037844386,0.5000000000000001,2335365.446186268
PARC OLYMPIA,1140.98,FLORA DRIVE,Resale,Strata,Condominium,1.0,17.0,Outside Central Region,24,7,6,10,0,99,2012,87,12,0.12121212121212122,1,0,0,3,-0.4999999999999998,-0.8660254037844388,1360707.4206886
R MAISON,1485.43,SOMMERVILLE WALK,Resale,Strata,Apartment,1.0,13.0,Outside Central Region,24,7,1,5,1,9999,0,9999,0,0.0,0,0,0,3,-0.4999999999999998,-0.8660254037844388,2157425.9096649457
HYLL ON HOLLAND,699.66,HOLLAND ROAD,New Sale,Strata,Condominium,1.0,10.0,Core Central Region,23,3,6,10,1,9999,0,9999,0,0.0,0,0,0,1,1.0,6.123233995736766e-17,1984391.4387249057
MAYFAIR GARDENS,645.84,RIFLE RANGE ROAD,New Sale,Strata,Condominium,1.0,21.0,Rest of Central Region,21,11,1,5,0,99,2018,96,3,0.030303030303030304,1,1,1,4,-0.5000000000000004,0.8660254037844384,1265595.9009450916
THE BOTANY AT DAIRY FARM,742.72,DAIRY FARM WALK,New Sale,Strata,Condominium,1.0,23.0,Outside Central Region,23,3,6,10,0,99,2022,98,1,0.010101010101010102,1,0,0,1,1.0,6.123233995736766e-17,1526496.6626970307
HAIG RESIDENCES,452.09,HAIG ROAD,Resale,Strata,Apartment,1.0,15.0,Rest of Central Region,23,7,1,5,1,9999,0,9999,0,0.0,0,0,0,3,-0.4999999999999998,-0.8660254037844388,775073.9982380277
VERDALE,731.95,DE SOUZA AVENUE,New Sale,Strata,Apartment,1.0,21.0,Rest of Central Region,21,5,1,5,0,99,2018,96,3,0.030303030303030304,1,0,0,2,0.49999999999999994,-0.8660254037844387,1296898.1978313432
PARC CLEMATIS,1291.68,JALAN LEMPENG,New Sale,Strata,Apartment,1.0,5.0,Outside Central Region,21,6,1,5,0,99,2019,97,2,0.020202020202020204,1,0,0,2,1.2246467991473532e-16,-1.0,2107108.4630633853
KOPAR AT NEWTON,3250.73,MAKEWAY AVENUE,New Sale,Strata,Apartment,1.0,9.0,Core Central Region,21,11,21,25,0,99,2019,97,2,0.020202020202020204,1,1,1,4,-0.5000000000000004,0.8660254037844384,8498409.624900721
THE FLORENCE RESIDENCES,1011.82,HOUGANG AVENUE 2,Sub Sale,Strata,Apartment,1.0,19.0,Outside Central Region,24,4,1,5,0,99,2018,93,6,0.06060606060606061,1,0,0,2,0.8660254037844387,-0.49999999999999983,1770027.0286049708
SPOTTISWOODE PARK,1270.15,SPOTTISWOODE PARK ROAD,Resale,Strata,Apartment,1.0,2.0,Rest of Central Region,23,3,16,20,0,99,1976,52,47,0.47474747474747475,3,0,0,1,1.0,6.123233995736766e-17,1164053.7091346213
THE GARDEN RESIDENCES,1162.51,SERANGOON NORTH VIEW,New Sale,Strata,Apartment,1.0,19.0,Outside Central Region,20,11,1,5,0,99,2017,96,3,0.030303030303030304,1,1,1,4,-0.5000000000000004,0.8660254037844384,1755125.0341602603
CASABLANCA,1119.46,ROSEWOOD DRIVE,Resale,Strata,Condominium,1.0,25.0,Outside Central Region,22,8,11,15,0,99,2001,78,21,0.21212121212121213,2,0,0,3,-0.8660254037844384,-0.5000000000000004,1068126.0755380027
ONE-NORTH EDEN,764.24,SLIM BARRACKS RISE,New Sale,Strata,Apartment,1.0,5.0,Rest of Central Region,21,4,6,10,0,99,2019,97,2,0.020202020202020204,1,0,0,2,0.8660254037844387,-0.49999999999999983,1528680.6218097382
THE ALPS RESIDENCES,699.66,TAMPINES STREET 86,Sub Sale,Strata,Condominium,1.0,18.0,Outside Central Region,22,2,1,5,0,99,2015,92,7,0.0707070707070707,1,0,0,1,0.8660254037844386,0.5000000000000001,895013.2085537263
SORA,667.37,YUAN CHING ROAD,New Sale,Strata,Apartment,1.0,22.0,Outside Central Region,24,7,1,5,0,99,2023,98,1,0.010101010101010102,1,0,0,3,-0.4999999999999998,-0.8660254037844388,1365461.3089783753
1953,1130.22,TESSENSOHN ROAD,New Sale,Strata,Apartment,1.0,8.0,Rest of Central Region,23,1,6,10,1,9999,0,9999,0,0.0,0,0,0,1,0.49999999999999994,0.8660254037844387,2148003.6923199864
FYVE DERBYSHIRE,796.54,DERBYSHIRE ROAD,New Sale,Strata,Apartment,1.0,11.0,Core Central Region,21,1,1,5,1,9999,0,9999,0,0.0,0,0,0,1,0.49999999999999994,0.8660254037844387,1860052.4877637017
LAKE GRANDE,667.37,JURONG LAKE LINK,Resale,Strata,Condominium,1.0,22.0,Outside Central Region,23,10,1,5,0,99,2015,91,8,0.08080808080808081,1,1,0,4,-0.8660254037844386,0.5000000000000001,1168744.4398243548
IRWELL HILL RESIDENCES,398.27,IRWELL HILL,New Sale,Strata,Apartment,1.0,9.0,Core Central Region,21,4,11,15,0,99,2020,98,1,0.010101010101010102,1,0,0,2,0.8660254037844387,-0.49999999999999983,1057344.1075532825
GAIA,914.94,JALAN DUSUN,Resale,Strata,Apartment,1.0,12.0,Rest of Central Region,21,4,6,10,1,9999,0,9999,0,0.0,0,0,0,2,0.8660254037844387,-0.49999999999999983,1229937.367667776
THE ARDEN,721.19,PHOENIX ROAD,New Sale,Strata,Apartment,1.0,23.0,Outside Central Region,23,10,1,5,0,99,2023,99,0,0.0,1,1,0,4,-0.8660254037844386,0.5000000000000001,1263470.7109638765
HILLVIEW GREEN,1001.05,HUME AVENUE,Resale,Strata,Condominium,1.0,21.0,Outside Central Region,21,5,1,5,0,999,1883,861,138,0.13813813813813813,1,0,0,2,0.49999999999999994,-0.8660254037844387,1262753.130316148
PARC BOTANNIA,699.66,FERNVALE STREET,Resale,Strata,Condominium,1.0,28.0,Outside Central Region,24,4,21,25,0,99,2016,91,8,0.08080808080808081,1,0,0,2,0.8660254037844387,-0.49999999999999983,1161020.6135081192
WHISTLER GRAND,1270.15,WEST COAST VALE,New Sale,Strata,Apartment,1.0,5.0,Outside Central Region,20,11,31,35,0,99,2018,97,2,0.020202020202020204,1,1,1,4,-0.5000000000000004,0.8660254037844384,1843434.6101040223
THE CENTRIS,1065.64,JURONG WEST CENTRAL 3,Resale,Strata,Apartment,1.0,22.0,Outside Central Region,24,3,11,15,0,99,2006,81,18,0.18181818181818182,1,0,0,1,1.0,6.123233995736766e-17,1644481.3522042942
THE MONTAGE,635.08,LORONG M TELOK KURAU,Resale,Strata,Apartment,1.0,15.0,Outside Central Region,21,4,1,5,1,9999,0,9999,0,0.0,0,0,0,2,0.8660254037844387,-0.49999999999999983,878304.9455985188
COSTA RHU,990.29,RHU CROSS,Resale,Strata,Condominium,1.0,15.0,Rest of Central Region,23,9,1,5,0,99,1994,70,29,0.29292929292929293,2,0,0,3,-1.0,-1.8369701987210297e-16,1640677.4721382102
YISHUN SAPPHIRE,1345.5,CANBERRA DRIVE,Resale,Strata,Condominium,1.0,27.0,Outside Central Region,21,4,6,10,0,99,1998,76,23,0.23232323232323232,2,0,0,2,0.8660254037844387,-0.49999999999999983,1077399.618797292
TEMBUSU GRAND,1173.28,JALAN TEMBUSU,New Sale,Strata,Condominium,1.0,15.0,Rest of Central Region,24,9,16,20,0,99,2022,97,2,0.020202020202020204,1,0,0,3,-1.0,-1.8369701987210297e-16,2953235.83005757
THE ARCADY AT BOON KENG,678.13,SAINT BARNABAS LANE,New Sale,Strata,Apartment,1.0,12.0,Rest of Central Region,24,1,16,20,1,9999,0,9999,0,0.0,0,0,0,1,0.49999999999999994,0.8660254037844387,1830856.8451468141
THE ROCHESTER RESIDENCES,1679.18,ROCHESTER DRIVE,Resale,Strata,Apartment,1.0,5.0,Rest of Central Region,23,8,21,25,0,99,2005,81,18,0.18181818181818182,1,0,0,3,-0.8660254037844384,-0.5000000000000004,2793849.4270177283
THE RESIDENCES AT W SINGAPORE SENTOSA COVE,1657.66,OCEAN WAY,Resale,Strata,Condominium,1.0,4.0,Core Central Region,24,4,1,5,0,99,2006,81,18,0.18181818181818182,1,0,0,2,0.8660254037844387,-0.49999999999999983,2942103.75465918
QUESTA @ DUNMAN,753.48,DUNMAN ROAD,Resale,Strata,Apartment,1.0,15.0,Rest of Central Region,21,9,16,20,1,9999,0,9999,0,0.0,0,0,0,3,-1.0,-1.8369701987210297e-16,1341112.611887565
HERITAGE VIEW,968.76,DOVER RISE,Resale,Strata,Condominium,1.0,5.0,Rest of Central Region,22,12,6,10,0,99,1996,73,26,0.26262626262626265,2,0,0,4,-2.4492935982947064e-16,1.0,1475570.4846121033
MARTIN MODERN,1733.0,MARTIN PLACE,New Sale,Strata,Condominium,1.0,9.0,Core Central Region,21,4,26,30,0,99,2016,94,5,0.050505050505050504,1,0,0,2,0.8660254037844387,-0.49999999999999983,5156779.548008206
THE POIZ RESIDENCES,1205.57,MEYAPPA CHETTIAR ROAD,Resale,Strata,Apartment,1.0,13.0,Rest of Central Region,22,2,6,10,0,99,2014,91,8,0.08080808080808081,1,0,0,1,0.8660254037844386,0.5000000000000001,2001392.2589581504
ORCHID APARTMENTS,1356.26,ENG NEO AVENUE,Resale,Strata,Apartment,1.0,11.0,Core Central Region,21,5,1,5,1,9999,0,9999,0,0.0,0,0,0,2,0.49999999999999994,-0.8660254037844387,1977168.8380970925
MONT BOTANIK RESIDENCE,688.9,JALAN REMAJA,New Sale,Strata,Condominium,1.0,23.0,Outside Central Region,21,8,1,5,1,9999,0,9999,0,0.0,0,0,0,3,-0.8660254037844384,-0.5000000000000004,1130624.296762253
LA MAISON,1302.44,MOULMEIN RISE,Resale,Strata,Apartment,1.0,11.0,Core Central Region,23,12,1,5,1,9999,0,9999,0,0.0,0,0,0,4,-2.4492935982947064e-16,1.0,2510266.4692841405
CLAVON,958.0,CLEMENTI AVENUE 1,New Sale,Strata,Apartment,1.0,5.0,Outside Central Region,20,12,21,25,0,99,2019,98,1,0.010101010101010102,1,0,0,4,-2.4492935982947064e-16,1.0,1599196.8295410355
MORI,484.38,GUILLEMARD ROAD,New Sale,Strata,Apartment,1.0,14.0,Rest of Central Region,21,12,6,10,1,9999,0,9999,0,0.0,0,0,0,4,-2.4492935982947064e-16,1.0,957918.8633990632
NORWOOD GRAND,495.14,CHAMPIONS WAY,New Sale,Strata,Apartment,1.0,25.0,Outside Central Region,24,10,6,10,0,99,2023,98,1,0.010101010101010102,1,1,0,4,-0.8660254037844386,0.5000000000000001,1071186.9622153754
MIDTOWN MODERN,1463.9,TAN QUEE LAN STREET,New Sale,Strata,Apartment,1.0,7.0,Core Central Region,22,10,1,5,0,99,2019,96,3,0.030303030303030304,1,1,0,4,-0.8660254037844386,0.5000000000000001,3760061.0903849383
STARS OF KOVAN,947.23,UPPER SERANGOON ROAD,Resale,Strata,Apartment,1.0,19.0,Outside Central Region,22,1,6,10,0,99,2015,92,7,0.0707070707070707,1,0,0,1,0.49999999999999994,0.8660254037844387,1374315.660070947
PULLMAN RESIDENCES NEWTON,462.85,DUNEARN ROAD,New Sale,Strata,Apartment,1.0,11.0,Core Central Region,23,4,16,20,1,9999,0,9999,0,0.0,0,0,0,2,0.8660254037844387,-0.49999999999999983,1480933.8176913327
ORCHARD BEL AIR,3229.2,ORCHARD BOULEVARD,Resale,Strata,Condominium,1.0,10.0,Core Central Region,23,6,11,15,0,99,1980,56,43,0.43434343434343436,3,0,0,2,1.2246467991473532e-16,-1.0,6131541.488690789
CENTURY MANSIONS,1011.82,JALAN REMAJA,Resale,Strata,Apartment,1.0,23.0,Outside Central Region,20,11,6,10,1,9999,0,9999,0,0.0,0,1,1,4,-0.5000000000000004,0.8660254037844384,1083130.20734057
PARC ELEGANCE,473.62,TELOK KURAU ROAD,Resale,Strata,Apartment,1.0,15.0,Outside Central Region,22,9,1,5,1,9999,0,9999,0,0.0,0,0,0,3,-1.0,-1.8369701987210297e-16,704897.8548327676
1953,570.49,TESSENSOHN ROAD,New Sale,Strata,Apartment,1.0,8.0,Rest of Central Region,21,4,1,5,1,9999,0,9999,0,0.0,0,0,0,2,0.8660254037844387,-0.49999999999999983,1096654.5761226362
LA FIESTA,839.59,SENGKANG SQUARE,Resale,Strata,Condominium,1.0,19.0,Outside Central Region,22,2,1,5,0,99,2012,89,10,0.10101010101010101,1,0,0,1,0.8660254037844386,0.5000000000000001,1051866.3530718822
PARK COLONIAL,678.13,WOODLEIGH LANE,New Sale,Strata,Condominium,1.0,13.0,Rest of Central Region,21,1,1,5,0,99,2017,95,4,0.04040404040404041,1,0,0,1,0.49999999999999994,0.8660254037844387,1347844.0188358992
LA FIESTA,753.48,SENGKANG SQUARE,Resale,Strata,Condominium,1.0,19.0,Outside Central Region,23,2,1,5,0,99,2012,88,11,0.1111111111111111,1,0,0,1,0.8660254037844386,0.5000000000000001,1062476.0502997297
THE GARDEN RESIDENCES,904.18,SERANGOON NORTH VIEW,New Sale,Strata,Apartment,1.0,19.0,Outside Central Region,20,11,6,10,0,99,2017,96,3,0.030303030303030304,1,1,1,4,-0.5000000000000004,0.8660254037844384,1477348.505887432
D'NEST,484.38,PASIR RIS GROVE,Resale,Strata,Condominium,1.0,18.0,Outside Central Region,21,6,6,10,0,99,2010,88,11,0.1111111111111111,1,0,0,2,1.2246467991473532e-16,-1.0,610596.2857863348
NOMA,462.85,GUILLEMARD ROAD,New Sale,Strata,Apartment,1.0,14.0,Rest of Central Region,20,8,1,5,1,9999,0,9999,0,0.0,0,0,0,3,-0.8660254037844384,-0.5000000000000004,772484.8976962372
ONE PEARL BANK,1151.75,PEARL BANK,New Sale,Strata,Apartment,1.0,3.0,Rest of Central Region,23,3,26,30,0,99,2019,95,4,0.04040404040404041,1,0,0,1,1.0,6.123233995736766e-17,3082269.5124826166
THE TROPICA,1517.72,TAMPINES AVENUE 1,Resale,Strata,Condominium,1.0,18.0,Outside Central Region,20,8,11,15,0,99,1996,75,24,0.24242424242424243,2,0,0,3,-0.8660254037844384,-0.5000000000000004,1332093.2746869929
KENT RIDGE HILL RESIDENCES,882.65,SOUTH BUONA VISTA ROAD,New Sale,Strata,Apartment,1.0,5.0,Rest of Central Region,22,3,1,5,0,99,2018,95,4,0.04040404040404041,1,0,0,1,1.0,6.123233995736766e-17,1727083.3449860793
CITY SQUARE RESIDENCES,871.88,KITCHENER LINK,Resale,Strata,Condominium,1.0,8.0,Rest of Central Region,20,12,21,25,1,9999,0,9999,0,0.0,0,0,0,4,-2.4492935982947064e-16,1.0,1448262.9657215392
GRANDEUR PARK RESIDENCES,419.8,BEDOK SOUTH AVENUE 3,Sub Sale,Strata,Condominium,1.0,16.0,Outside Central Region,21,8,6,10,0,99,2016,94,5,0.050505050505050504,1,0,0,3,-0.8660254037844384,-0.5000000000000004,709512.5635196988
DAINTREE RESIDENCE,548.96,TOH TUCK ROAD,New Sale,Strata,Condominium,1.0,21.0,Rest of Central Region,21,2,1,5,0,99,2017,95,4,0.04040404040404041,1,0,0,1,0.8660254037844386,0.5000000000000001,1055816.9621176417
THE WATERSIDE,2400.37,TANJONG RHU ROAD,Resale,Strata,Condominium,1.0,15.0,Rest of Central Region,22,5,1,5,1,9999,0,9999,0,0.0,0,0,0,2,0.49999999999999994,-0.8660254037844387,4196131.983354802
KI RESIDENCES AT BROOKVALE,936.47,BROOKVALE DRIVE,New Sale,Strata,Condominium,1.0,21.0,Outside Central Region,21,5,1,5,0,999,1885,863,136,0.13613613613613615,1,0,0,2,0.49999999999999994,-0.8660254037844387,1670898.3088986396
ROBINSON SUITES,1410.08,ROBINSON ROAD,Resale,Strata,Apartment,1.0,1.0,Core Central Region,22,5,41,45,1,9999,0,9999,0,0.0,0,0,0,2,0.49999999999999994,-0.8660254037844387,2164962.3179340065
SUMMER SCENT,1711.48,KANG CHOO BIN ROAD,Resale,Strata,Apartment,1.0,19.0,Outside Central Region,22,5,1,5,0,999,1883,860,139,0.13913913913913914,1,0,0,2,0.49999999999999994,-0.8660254037844387,1694343.5882402174
PARADISE PALMS,914.94,DUNMAN ROAD,Resale,Strata,Apartment,1.0,15.0,Rest of Central Region,22,8,11,15,1,9999,0,9999,0,0.0,0,0,0,3,-0.8660254037844384,-0.5000000000000004,1656638.0395768152
GRANDEUR PARK RESIDENCES,1453.14,BEDOK SOUTH AVENUE 3,New Sale,Strata,Condominium,1.0,16.0,Outside Central Region,20,12,1,5,0,99,2016,95,4,0.04040404040404041,1,0,0,4,-2.4492935982947064e-16,1.0,2301525.0558812823
PHOENIX RESIDENCES,861.12,PHOENIX AVENUE,New Sale,Strata,Apartment,1.0,23.0,Outside Central Region,21,10,1,5,0,99,2019,97,2,0.020202020202020204,1,1,0,4,-0.8660254037844386,0.5000000000000001,1277310.114227082
THE TIER,538.2,PEGU ROAD,Resale,Strata,Apartment,1.0,12.0,Rest of Central Region,22,6,6,10,1,9999,0,9999,0,0.0,0,0,0,2,1.2246467991473532e-16,-1.0,831285.9685192809
THE METROPOLITAN CONDOMINIUM,1399.32,ALEXANDRA VIEW,Resale,Strata,Condominium,1.0,3.0,Rest of Central Region,21,4,21,25,0,99,2006,84,15,0.15151515151515152,1,0,0,2,0.8660254037844387,-0.49999999999999983,2135827.8853100142
LENTOR MANSION,656.6,LENTOR GARDENS,New Sale,Strata,Apartment,1.0,26.0,Outside Central Region,24,3,16,20,0,99,2023,98,1,0.010101010101010102,1,0,0,1,1.0,6.123233995736766e-17,1568203.6989194958
CARISSA PARK CONDOMINIUM,1323.97,FLORA DRIVE,Resale,Strata,Condominium,1.0,17.0,Outside Central Region,24,8,1,5,1,9999,0,9999,0,0.0,0,0,0,3,-0.8660254037844384,-0.5000000000000004,1588710.3057195758
PULLMAN RESIDENCES NEWTON,462.85,DUNEARN ROAD,New Sale,Strata,Apartment,1.0,11.0,Core Central Region,22,9,11,15,1,9999,0,9999,0,0.0,0,0,0,3,-1.0,-1.8369701987210297e-16,1416605.2975392446
THE PANORAMA,699.66,ANG MO KIO AVENUE 2,Resale,Strata,Condominium,1.0,20.0,Outside Central Region,22,4,16,20,0,99,2013,90,9,0.09090909090909091,1,0,0,2,0.8660254037844387,-0.49999999999999983,1217029.5640217585
THE PALETTE,882.65,PASIR RIS GROVE,Resale,Strata,Condominium,1.0,18.0,Outside Central Region,22,12,11,15,0,99,2010,87,12,0.12121212121212122,1,0,0,4,-2.4492935982947064e-16,1.0,1115793.2989059982
PARC ROSEWOOD,602.78,ROSEWOOD DRIVE,Resale,Strata,Condominium,1.0,25.0,Outside Central Region,22,1,1,5,0,99,2011,88,11,0.1111111111111111,1,0,0,1,0.49999999999999994,0.8660254037844387,671259.841267128
SKIES MILTONIA,742.72,MILTONIA CLOSE,Resale,Strata,Condominium,1.0,27.0,Outside Central Region,21,11,1,5,0,99,2012,90,9,0.09090909090909091,1,1,1,4,-0.5000000000000004,0.8660254037844384,815005.1946834078
THE LAKESHORE,1108.69,JURONG WEST STREET 41,Resale,Strata,Condominium,1.0,22.0,Outside Central Region,21,4,1,5,0,99,2002,80,19,0.1919191919191919,1,0,0,2,0.8660254037844387,-0.49999999999999983,1165956.4165251118
THOMSON EURO-ASIA,1130.22,THOMSON ROAD,Resale,Strata,Condominium,1.0,11.0,Core Central Region,21,10,16,20,1,9999,0,9999,0,0.0,0,1,0,4,-0.8660254037844386,0.5000000000000001,2084114.5769212134
ORCHARD VIEW,2529.54,ANGULLIA PARK,Resale,Strata,Apartment,1.0,9.0,Core Central Region,22,9,16,20,1,9999,0,9999,0,0.0,0,0,0,3,-1.0,-1.8369701987210297e-16,6452530.2390311975
MEYER BLUE,710.42,MEYER ROAD,New Sale,Strata,Apartment,1.0,15.0,Rest of Central Region,24,10,6,10,1,9999,0,9999,0,0.0,0,1,0,4,-0.8660254037844386,0.5000000000000001,2247251.8827024144
FLO RESIDENCE,1011.82,PUNGGOL FIELD WALK,Resale,Strata,Condominium,1.0,19.0,Outside Central Region,20,8,11,15,0,99,2011,90,9,0.09090909090909091,1,0,0,3,-0.8660254037844384,-0.5000000000000004,985843.738360637
THE ESTUARY,1302.44,YISHUN AVENUE 1,Resale,Strata,Condominium,1.0,27.0,Outside Central Region,21,12,1,5,0,99,2008,86,13,0.13131313131313133,1,0,0,4,-2.4492935982947064e-16,1.0,1275237.5051334682
LENTOR MODERN,731.95,LENTOR CENTRAL,New Sale,Strata,Apartment,1.0,26.0,Outside Central Region,22,9,16,20,0,99,2021,98,1,0.010101010101010102,1,0,0,3,-1.0,-1.8369701987210297e-16,1644049.6473756272
SKY EDEN@BEDOK,1087.16,BEDOK CENTRAL,New Sale,Strata,Apartment,1.0,16.0,Outside Central Region,22,10,11,15,0,99,2022,99,0,0.0,1,1,0,4,-0.8660254037844386,0.5000000000000001,2324949.571177211
10 EVELYN,731.95,EVELYN ROAD,New Sale,Strata,Apartment,1.0,11.0,Core Central Region,24,9,1,5,1,9999,0,9999,0,0.0,0,0,0,3,-1.0,-1.8369701987210297e-16,1998902.1367110505
FLAMINGO VALLEY,1216.33,SIGLAP ROAD,Resale,Strata,Condominium,1.0,15.0,Outside Central Region,23,11,1,5,1,9999,0,9999,0,0.0,0,1,1,4,-0.5000000000000004,0.8660254037844384,2128536.8402905427
RIVERSAILS,1108.69,UPPER SERANGOON CRESCENT,Resale,Strata,Condominium,1.0,19.0,Outside Central Region,23,9,16,20,0,99,2011,87,12,0.12121212121212122,1,0,0,3,-1.0,-1.8369701987210297e-16,1548291.2955225464
MERAPRIME,1097.93,JALAN BUKIT HO SWEE,Resale,Strata,Condominium,1.0,3.0,Rest of Central Region,22,7,16,20,0,99,2003,80,19,0.1919191919191919,1,0,0,3,-0.4999999999999998,-0.8660254037844388,1981028.0492414124
GUILLEMARD SUITES,635.08,GUILLEMARD ROAD,Resale,Strata,Apartment,1.0,14.0,Rest of Central Region,22,3,1,5,1,9999,0,9999,0,0.0,0,0,0,1,1.0,6.123233995736766e-17,899786.7584055891
CARISSA PARK CONDOMINIUM,1474.67,FLORA DRIVE,Resale,Strata,Condominium,1.0,17.0,Outside Central Region,22,9,1,5,1,9999,0,9999,0,0.0,0,0,0,3,-1.0,-1.8369701987210297e-16,1622725.4075814316
THE INTERLACE,3853.51,DEPOT ROAD,Resale,Strata,Condominium,1.0,4.0,Rest of Central Region,20,9,11,15,0,99,2009,88,11,0.1111111111111111,1,0,0,3,-1.0,-1.8369701987210297e-16,3206904.938360483
ST MICHAEL REGENCY,1237.86,ST. MICHAEL'S ROAD,Resale,Strata,Apartment,1.0,12.0,Rest of Central Region,21,4,11,15,1,9999,0,9999,0,0.0,0,0,0,2,0.8660254037844387,-0.49999999999999983,1454054.3798294975
GRAND DUNMAN,667.37,DUNMAN ROAD,New Sale,Strata,Apartment,1.0,15.0,Rest of Central Region,23,7,6,10,0,99,2022,98,1,0.010101010101010102,1,0,0,3,-0.4999999999999998,-0.8660254037844388,1700729.7024704074
STURDEE RESIDENCES,828.83,BEATTY ROAD,Resale,Strata,Condominium,1.0,8.0,Rest of Central Region,23,5,11,15,0,99,2015,91,8,0.08080808080808081,1,0,0,2,0.49999999999999994,-0.8660254037844387,1525565.5618266952
WATERBANK AT DAKOTA,624.31,DAKOTA CRESCENT,Resale,Strata,Condominium,1.0,14.0,Rest of Central Region,21,4,16,20,0,99,2009,87,12,0.12121212121212122,1,0,0,2,0.8660254037844387,-0.49999999999999983,1101152.4352599252
EIGHT COURTYARDS,1227.1,CANBERRA DRIVE,Resale,Strata,Condominium,1.0,27.0,Outside Central Region,24,6,11,15,0,99,2010,85,14,0.1414141414141414,1,0,0,2,1.2246467991473532e-16,-1.0,1482450.6066196458
LAKEVILLE,1280.92,JURONG LAKE LINK,Resale,Strata,Condominium,1.0,22.0,Outside Central Region,24,5,1,5,0,99,2013,88,11,0.1111111111111111,1,0,0,2,0.49999999999999994,-0.8660254037844387,1966043.9832309785
PARC ESTA,958.0,SIMS AVENUE,Resale,Strata,Apartment,1.0,14.0,Rest of Central Region,24,8,11,15,0,99,2018,93,6,0.06060606060606061,1,0,0,3,-0.8660254037844384,-0.5000000000000004,2186384.9321597256
ONE-NORTH EDEN,764.24,SLIM BARRACKS RISE,New Sale,Strata,Apartment,1.0,5.0,Rest of Central Region,21,4,1,5,0,99,2019,97,2,0.020202020202020204,1,0,0,2,0.8660254037844387,-0.49999999999999983,1515754.0768511337
THE SIXTH AVENUE RESIDENCES,2604.89,SIXTH AVENUE,Resale,Strata,Condominium,1.0,10.0,Core Central Region,23,3,1,5,1,9999,0,9999,0,0.0,0,0,0,1,1.0,6.123233995736766e-17,4576813.04450855
MANDARIN GARDENS,1001.05,SIGLAP ROAD,Resale,Strata,Condominium,1.0,15.0,Outside Central Region,24,6,1,5,0,99,1982,57,42,0.42424242424242425,3,0,0,2,1.2246467991473532e-16,-1.0,1535612.921606564
AZALEA PARK CONDOMINIUM,850.36,FLORA ROAD,Resale,Strata,Condominium,1.0,17.0,Outside Central Region,22,7,1,5,0,999,1885,862,137,0.13713713713713713,1,0,0,3,-0.4999999999999998,-0.8660254037844388,854437.3483718884
ECHELON,731.95,ALEXANDRA VIEW,Resale,Strata,Condominium,1.0,3.0,Rest of Central Region,21,12,1,5,0,99,2012,90,9,0.09090909090909091,1,0,0,4,-2.4492935982947064e-16,1.0,1346536.805190531
D'LEEDON,635.08,LEEDON HEIGHTS,Resale,Strata,Condominium,1.0,10.0,Core Central Region,22,7,21,25,0,99,2010,87,12,0.12121212121212122,1,0,0,3,-0.4999999999999998,-0.8660254037844388,1185833.678770254
UNION SQUARE RESIDENCES,462.85,HAVELOCK ROAD,New Sale,Strata,Apartment,1.0,1.0,Rest of Central Region,24,12,16,20,0,99,2024,99,0,0.0,1,0,0,4,-2.4492935982947064e-16,1.0,1506279.6318530287
CANNINGHILL PIERS,462.85,CLARKE QUAY,New Sale,Strata,Apartment,1.0,6.0,Rest of Central Region,21,11,31,35,0,99,2021,99,0,0.0,1,1,1,4,-0.5000000000000004,0.8660254037844384,1485119.1792468207
SENNETT RESIDENCE,893.41,PHENG GECK AVENUE,Resale,Strata,Condominium,1.0,13.0,Rest of Central Region,22,3,1,5,0,99,2011,88,11,0.1111111111111111,1,0,0,1,1.0,6.123233995736766e-17,1283221.421151987
PENROSE,947.23,SIMS DRIVE,Sub Sale,Strata,Apartment,1.0,14.0,Rest of Central Region,24,11,11,15,0,99,2019,94,5,0.050505050505050504,1,1,1,4,-0.5000000000000004,0.8660254037844384,1901872.0839345548
THE SPECTRUM,1883.7,PASIR PANJANG ROAD,Resale,Strata,Condominium,1.0,5.0,Rest of Central Region,23,2,1,5,1,9999,0,9999,0,0.0,0,0,0,1,0.8660254037844386,0.5000000000000001,2388769.078795226
ECHELON,1313.21,ALEXANDRA VIEW,Resale,Strata,Condominium,1.0,3.0,Rest of Central Region,21,9,21,25,0,99,2012,90,9,0.09090909090909091,1,0,0,3,-1.0,-1.8369701987210297e-16,2165962.5880802236
THE BOTANY AT DAIRY FARM,678.13,DAIRY FARM WALK,New Sale,Strata,Condominium,1.0,23.0,Outside Central Region,23,3,11,15,0,99,2022,98,1,0.010101010101010102,1,0,0,1,1.0,6.123233995736766e-17,1429048.7868801742
AVENUE SOUTH RESIDENCE,1496.2,SILAT AVENUE,New Sale,Strata,Apartment,1.0,3.0,Rest of Central Region,21,10,46,50,0,99,2018,96,3,0.030303030303030304,1,1,0,4,-0.8660254037844386,0.5000000000000001,3188852.4710139018
PEAK RESIDENCE,1087.16,THOMSON ROAD,New Sale,Strata,Condominium,1.0,11.0,Core Central Region,23,1,1,5,1,9999,0,9999,0,0.0,0,0,0,1,0.49999999999999994,0.8660254037844387,2787955.7994292625
PARC OLYMPIA,645.84,FLORA DRIVE,Resale,Strata,Condominium,1.0,17.0,Outside Central Region,24,3,1,5,0,99,2012,87,12,0.12121212121212122,1,0,0,1,1.0,6.123233995736766e-17,779434.1489601113
ORCHARD SCOTTS,2174.33,ANTHONY ROAD,Resale,Strata,Condominium,1.0,9.0,Core Central Region,22,7,6,10,0,99,2001,78,21,0.21212121212121213,2,0,0,3,-0.4999999999999998,-0.8660254037844388,4116677.4489800525
THE GARDENS AT BISHAN,1700.71,SIN MING WALK,Resale,Strata,Condominium,1.0,20.0,Rest of Central Region,20,12,16,20,0,99,1997,76,23,0.23232323232323232,2,0,0,4,-2.4492935982947064e-16,1.0,1976880.6858390155
CHANGI COURT,1097.93,UPPER CHANGI ROAD EAST,Resale,Strata,Condominium,1.0,16.0,Outside Central Region,20,12,6,10,1,9999,0,9999,0,0.0,0,0,0,4,-2.4492935982947064e-16,1.0,1196918.204308651
THE LAKEGARDEN RESIDENCES,678.13,YUAN CHING ROAD,New Sale,Strata,Apartment,1.0,22.0,Outside Central Region,23,8,6,10,0,99,2023,99,0,0.0,1,0,0,3,-0.8660254037844384,-0.5000000000000004,1429235.3300427566
COMPASS HEIGHTS,1323.97,SENGKANG SQUARE,Resale,Strata,Apartment,1.0,19.0,Outside Central Region,23,4,6,10,0,99,2000,76,23,0.23232323232323232,2,0,0,2,0.8660254037844387,-0.49999999999999983,1491693.8529051675
AMO RESIDENCE,613.55,ANG MO KIO RISE,New Sale,Strata,Apartment,1.0,20.0,Outside Central Region,22,7,1,5,0,99,2021,98,1,0.010101010101010102,1,0,0,3,-0.4999999999999998,-0.8660254037844388,1303324.6443329747
HUME PARK II,1474.67,HUME AVENUE,Resale,Strata,Condominium,1.0,21.0,Outside Central Region,22,10,6,10,1,9999,0,9999,0,0.0,0,1,0,4,-0.8660254037844386,0.5000000000000001,2174343.2751510376
THOMSON IMPRESSIONS,764.24,LORONG PUNTONG,Resale,Strata,Apartment,1.0,20.0,Rest of Central Region,24,8,16,20,0,99,2015,90,9,0.09090909090909091,1,0,0,3,-0.8660254037844384,-0.5000000000000004,1455252.6644826038
WATERSCAPE AT CAVENAGH,1033.34,CAVENAGH ROAD,Resale,Strata,Apartment,1.0,9.0,Core Central Region,21,12,6,10,1,9999,0,9999,0,0.0,0,0,0,4,-2.4492935982947064e-16,1.0,2164710.1868872927
PARC RIVIERA,710.42,WEST COAST VALE,Resale,Strata,Condominium,1.0,5.0,Outside Central Region,21,8,26,30,0,99,2015,93,6,0.06060606060606061,1,0,0,3,-0.8660254037844384,-0.5000000000000004,1007034.2662621842
THE LANDMARK,516.67,CHIN SWEE ROAD,New Sale,Strata,Condominium,1.0,3.0,Rest of Central Region,20,11,6,10,0,99,2020,99,0,0.0,1,1,1,4,-0.5000000000000004,0.8660254037844384,1072424.9894604029
HILLVIEW REGENCY,1173.28,BUKIT BATOK EAST AVENUE 2,Resale,Strata,Condominium,1.0,23.0,Outside Central Region,21,6,6,10,0,99,2000,78,21,0.21212121212121213,2,0,0,2,1.2246467991473532e-16,-1.0,1025215.5693027183
ONE PEARL BANK,807.3,PEARL BANK,New Sale,Strata,Apartment,1.0,3.0,Rest of Central Region,21,4,11,15,0,99,2019,97,2,0.020202020202020204,1,0,0,2,0.8660254037844387,-0.49999999999999983,1911278.4723847106
TURQUOISE,2142.04,COVE DRIVE,Resale,Strata,Condominium,1.0,4.0,Core Central Region,21,11,1,5,0,99,2007,85,14,0.1414141414141414,1,1,1,4,-0.5000000000000004,0.8660254037844384,3255814.5642171013
FOREST WOODS,742.72,LORONG LEW LIAN,Sub Sale,Strata,Condominium,1.0,19.0,Outside Central Region,21,5,11,15,0,99,2016,94,5,0.050505050505050504,1,0,0,2,0.49999999999999994,-0.8660254037844387,1220456.797972506
NORMANTON PARK,527.44,NORMANTON PARK,New Sale,Strata,Apartment,1.0,5.0,Rest of Central Region,21,9,11,15,0,99,2019,97,2,0.020202020202020204,1,0,0,3,-1.0,-1.8369701987210297e-16,989574.9238986879
THE FLORENCE RESIDENCES,635.08,HOUGANG AVENUE 2,New Sale,Strata,Apartment,1.0,19.0,Outside Central Region,22,3,11,15,0,99,2018,95,4,0.04040404040404041,1,0,0,1,1.0,6.123233995736766e-17,1166617.3618383063
VENEZIO,1453.14,UPPER EAST COAST ROAD,Resale,Strata,Apartment,1.0,16.0,Outside Central Region,22,4,1,5,1,9999,0,9999,0,0.0,0,0,0,2,0.8660254037844387,-0.49999999999999983,1934070.889582152
PENROSE,1044.11,SIMS DRIVE,New Sale,Strata,Apartment,1.0,14.0,Rest of Central Region,20,9,6,10,0,99,2019,98,1,0.010101010101010102,1,0,0,3,-1.0,-1.8369701987210297e-16,1570771.9218333522
CANNINGHILL PIERS,861.12,CLARKE QUAY,New Sale,Strata,Apartment,1.0,6.0,Rest of Central Region,21,11,6,10,0,99,2021,99,0,0.0,1,1,1,4,-0.5000000000000004,0.8660254037844384,2354336.542916104
NORTH PARK RESIDENCES,871.88,YISHUN CENTRAL 1,Sub Sale,Strata,Apartment,1.0,27.0,Outside Central Region,22,2,1,5,0,99,2015,92,7,0.0707070707070707,1,0,0,1,0.8660254037844386,0.5000000000000001,1364531.042549765
SIMS URBAN OASIS,409.03,SIMS DRIVE,Resale,Strata,Condominium,1.0,14.0,Rest of Central Region,20,8,6,10,0,99,2014,93,6,0.06060606060606061,1,0,0,3,-0.8660254037844384,-0.5000000000000004,676108.8756344419
IRWELL HILL RESIDENCES,667.37,IRWELL HILL,New Sale,Strata,Apartment,1.0,9.0,Core Central Region,22,1,26,30,0,99,2020,97,2,0.020202020202020204,1,0,0,1,0.49999999999999994,0.8660254037844387,1925118.5672179684
VIENTO,430.56,LORONG 30 GEYLANG,Resale,Strata,Apartment,1.0,14.0,Rest of Central Region,23,11,6,10,1,9999,0,9999,0,0.0,0,1,1,4,-0.5000000000000004,0.8660254037844384,650829.0907986566
AFFINITY AT SERANGOON,538.2,SERANGOON NORTH AVENUE 1,Sub Sale,Strata,Apartment,1.0,19.0,Outside Central Region,23,5,11,15,0,99,2018,94,5,0.050505050505050504,1,0,0,2,0.49999999999999994,-0.8660254037844387,935349.9581464035
THE CALLISTA,1334.74,MAR THOMA ROAD,Resale,Strata,Apartment,1.0,12.0,Rest of Central Region,22,11,1,5,0,999,1882,859,140,0.14014014014014015,1,1,1,4,-0.5000000000000004,0.8660254037844384,1507163.0576590754
GRAND DUNMAN,958.0,DUNMAN ROAD,New Sale,Strata,Apartment,1.0,15.0,Rest of Central Region,23,7,11,15,0,99,2022,98,1,0.010101010101010102,1,0,0,3,-0.4999999999999998,-0.8660254037844388,2392133.046844085
JADESCAPE,2098.98,SHUNFU ROAD,New Sale,Strata,Condominium,1.0,20.0,Rest of Central Region,22,9,16,20,0,99,2018,95,4,0.04040404040404041,1,0,0,3,-1.0,-1.8369701987210297e-16,3791085.783541444
PARC OLYMPIA,1022.58,FLORA DRIVE,Resale,Strata,Condominium,1.0,17.0,Outside Central Region,22,9,1,5,0,99,2012,89,10,0.10101010101010101,1,0,0,3,-1.0,-1.8369701987210297e-16,1109545.1266687724
EAST PALM,1162.51,PALM ROAD,Resale,Strata,Apartment,1.0,15.0,Outside Central Region,21,9,1,5,1,9999,0,9999,0,0.0,0,0,0,3,-1.0,-1.8369701987210297e-16,1598601.0821339688
ASPEN HEIGHTS,1323.97,RIVER VALLEY ROAD,Resale,Strata,Condominium,1.0,9.0,Core Central Region,23,11,1,5,0,999,1841,817,182,0.18218218218218218,1,1,1,4,-0.5000000000000004,0.8660254037844384,2777595.060272781
TREASURE AT TAMPINES,678.13,TAMPINES LANE,Sub Sale,Strata,Condominium,1.0,18.0,Outside Central Region,23,10,1,5,0,99,2018,94,5,0.050505050505050504,1,1,0,4,-0.8660254037844386,0.5000000000000001,1118619.0996037105
BALLOTA PARK CONDOMINIUM,1862.17,MARIAM WAY,Resale,Strata,Condominium,1.0,17.0,Outside Central Region,21,10,1,5,1,9999,0,9999,0,0.0,0,1,0,4,-0.8660254037844386,0.5000000000000001,1447893.4588912136
MIDTOWN RESIDENCES,1248.62,UPPER SERANGOON ROAD,Resale,Strata,Apartment,1.0,19.0,Outside Central Region,21,8,11,15,0,99,2013,91,8,0.08080808080808081,1,0,0,3,-0.8660254037844384,-0.5000000000000004,1297415.9040610017
HILBRE28,2034.4,HILLSIDE DRIVE,Resale,Strata,Apartment,1.0,19.0,Outside Central Region,22,1,1,5,0,999,1876,853,146,0.14614614614614616,1,0,0,1,0.49999999999999994,0.8660254037844387,2033956.0806817857
STIRLING RESIDENCES,678.13,STIRLING ROAD,Sub Sale,Strata,Apartment,1.0,3.0,Rest of Central Region,23,1,16,20,0,99,2017,93,6,0.06060606060606061,1,0,0,1,0.49999999999999994,0.8660254037844387,1551320.0516644828
CENTRA HEIGHTS,570.49,SIMS AVENUE,Resale,Strata,Apartment,1.0,14.0,Rest of Central Region,20,10,6,10,1,9999,0,9999,0,0.0,0,1,0,4,-0.8660254037844386,0.5000000000000001,821662.3457714426
THE MARQ ON PATERSON HILL,6307.7,PATERSON HILL,Resale,Strata,Condominium,1.0,9.0,Core Central Region,21,8,11,15,1,9999,0,9999,0,0.0,0,0,0,3,-0.8660254037844384,-0.5000000000000004,21988937.248446673
DAIRY FARM RESIDENCES,710.42,DAIRY FARM LANE,New Sale,Strata,Apartment,1.0,23.0,Outside Central Region,21,10,6,10,0,99,2018,96,3,0.030303030303030304,1,1,0,4,-0.8660254037844386,0.5000000000000001,1206487.8338777644
OLA RESIDENCES,3229.2,MOUNTBATTEN ROAD,Resale,Strata,Condominium,1.0,15.0,Rest of Central Region,21,4,1,5,1,9999,0,9999,0,0.0,0,0,0,2,0.8660254037844387,-0.49999999999999983,3573316.489439729
VERDALE,1011.82,DE SOUZA AVENUE,New Sale,Strata,Apartment,1.0,21.0,Rest of Central Region,20,12,1,5,0,99,2018,97,2,0.020202020202020204,1,0,0,4,-2.4492935982947064e-16,1.0,1739023.0765136366
J GATEWAY,495.14,GATEWAY DRIVE,Resale,Strata,Condominium,1.0,22.0,Outside Central Region,22,1,11,15,0,99,2012,89,10,0.10101010101010101,1,0,0,1,0.49999999999999994,0.8660254037844387,875525.4755216204
GUILIN VIEW,1259.39,BUKIT BATOK STREET 52,Resale,Strata,Condominium,1.0,23.0,Outside Central Region,24,1,6,10,0,99,1996,71,28,0.2828282828282828,2,0,0,1,0.49999999999999994,0.8660254037844387,1420534.7437901776
ASTRID MEADOWS,2045.16,CORONATION ROAD WEST,Resale,Strata,Condominium,1.0,10.0,Core Central Region,21,7,1,5,1,9999,0,9999,0,0.0,0,0,0,3,-0.4999999999999998,-0.8660254037844388,4047646.1044897423
PULLMAN RESIDENCES NEWTON,1162.51,DUNEARN ROAD,New Sale,Strata,Apartment,1.0,11.0,Core Central Region,23,8,26,30,1,9999,0,9999,0,0.0,0,0,0,3,-0.8660254037844384,-0.5000000000000004,3652619.5584313865
WATERFRONT WAVES,1377.79,BEDOK RESERVOIR ROAD,Resale,Strata,Condominium,1.0,16.0,Outside Central Region,21,4,1,5,0,99,2007,85,14,0.1414141414141414,1,0,0,2,0.8660254037844387,-0.49999999999999983,1591975.2787881386
SUNGLADE,1044.11,SERANGOON AVENUE 2,Resale,Strata,Condominium,1.0,19.0,Outside Central Region,21,2,1,5,0,99,2000,78,21,0.21212121212121213,2,0,0,1,0.8660254037844386,0.5000000000000001,1181969.0687974887
THE MYST,678.13,UPPER BUKIT TIMAH ROAD,New Sale,Strata,Condominium,1.0,23.0,Outside Central Region,23,7,6,10,0,99,2023,99,0,0.0,1,0,0,3,-0.4999999999999998,-0.8660254037844388,1436068.882511428
HARBOUR SUITES,527.44,KAMPONG BAHRU ROAD,Resale,Strata,Apartment,1.0,4.0,Rest of Central Region,22,11,1,5,1,9999,0,9999,0,0.0,0,1,1,4,-0.5000000000000004,0.8660254037844384,874032.3375708057
THE AVENIR,1140.98,RIVER VALLEY CLOSE,New Sale,Strata,Condominium,1.0,9.0,Core Central Region,22,7,11,15,1,9999,0,9999,0,0.0,0,0,0,3,-0.4999999999999998,-0.8660254037844388,3463805.500887692
BELMOND GREEN,1582.31,BALMORAL ROAD,Resale,Strata,Condominium,1.0,10.0,Core Central Region,21,12,1,5,1,9999,0,9999,0,0.0,0,0,0,4,-2.4492935982947064e-16,1.0,3231341.9652784653
CUBE 8,925.7,THOMSON ROAD,Resale,Strata,Condominium,1.0,11.0,Core Central Region,20,9,16,20,1,9999,0,9999,0,0.0,0,0,0,3,-1.0,-1.8369701987210297e-16,1537710.7290198265
HILLION RESIDENCES,538.2,JELEBU ROAD,Resale,Strata,Apartment,1.0,23.0,Outside Central Region,24,3,6,10,0,99,2013,88,11,0.1111111111111111,1,0,0,1,1.0,6.123233995736766e-17,841123.682941359
PASIR RIS 8,721.19,PASIR RIS DRIVE 8,New Sale,Strata,Apartment,1.0,18.0,Outside Central Region,21,7,6,10,0,99,2021,99,0,0.0,1,0,0,3,-0.4999999999999998,-0.8660254037844388,1194164.757602156
REGENT RESIDENCES,807.3,SERANGOON ROAD,Resale,Strata,Apartment,1.0,12.0,Rest of Central Region,24,5,6,10,1,9999,0,9999,0,0.0,0,0,0,2,0.49999999999999994,-0.8660254037844387,1307425.9739399082
URBAN TREASURES,635.08,JALAN EUNOS,New Sale,Strata,Condominium,1.0,14.0,Outside Central Region,22,4,1,5,1,9999,0,9999,0,0.0,0,0,0,2,0.8660254037844387,-0.49999999999999983,1300005.364190587
RAJAH TOWERS,2088.22,JALAN RAJAH,Resale,Strata,Apartment,1.0,12.0,Rest of Central Region,22,4,21,25,1,9999,0,9999,0,0.0,0,0,0,2,0.8660254037844387,-0.49999999999999983,2738853.7144297166
SYMPHONY HEIGHTS,968.76,HUME AVENUE,Resale,Strata,Condominium,1.0,21.0,Outside Central Region,23,6,1,5,1,9999,0,9999,0,0.0,0,0,0,2,1.2246467991473532e-16,-1.0,1484120.8927684356
PARC CLEMATIS,914.94,JALAN LEMPENG,New Sale,Strata,Apartment,1.0,5.0,Outside Central Region,20,8,16,20,0,99,2019,98,1,0.010101010101010102,1,0,0,3,-0.8660254037844384,-0.5000000000000004,1519948.568881872
GUILIN VIEW,861.12,BUKIT BATOK STREET 52,Resale,Strata,Condominium,1.0,23.0,Outside Central Region,24,9,11,15,0,99,1996,71,28,0.2828282828282828,2,0,0,3,-1.0,-1.8369701987210297e-16,1085974.9637886235
EMERY POINT,1323.97,IPOH LANE,Resale,Strata,Apartment,1.0,15.0,Rest of Central Region,22,9,6,10,1,9999,0,9999,0,0.0,0,0,0,3,-1.0,-1.8369701987210297e-16,2144509.8379189176
LAKE GRANDE,721.19,JURONG LAKE LINK,Resale,Strata,Condominium,1.0,22.0,Outside Central Region,24,5,1,5,0,99,2015,90,9,0.09090909090909091,1,0,0,2,0.49999999999999994,-0.8660254037844387,1278603.7182828037
COMMONWEALTH TOWERS,441.32,COMMONWEALTH AVENUE,Resale,Strata,Condominium,1.0,3.0,Rest of Central Region,21,11,26,30,0,99,2013,91,8,0.08080808080808081,1,1,1,4,-0.5000000000000004,0.8660254037844384,891336.7963547237
BAYSHORE PARK,936.47,BAYSHORE ROAD,Resale,Strata,Condominium,1.0,16.0,Outside Central Region,24,11,11,15,0,99,1982,57,42,0.42424242424242425,3,1,1,4,-0.5000000000000004,0.8660254037844384,1288668.2792386583
CITY GATE,452.09,BEACH ROAD,Resale,Strata,Apartment,1.0,7.0,Rest of Central Region,21,1,11,15,0,99,2014,92,7,0.0707070707070707,1,0,0,1,0.49999999999999994,0.8660254037844387,866806.981852604
VOLARI,1323.97,BALMORAL ROAD,Resale,Strata,Condominium,1.0,10.0,Core Central Region,22,6,6,10,1,9999,0,9999,0,0.0,0,0,0,2,1.2246467991473532e-16,-1.0,3121379.9363703458
RESIDENCE TWENTY-TWO,1194.8,TELOK KURAU ROAD,New Sale,Strata,Apartment,1.0,15.0,Outside Central Region,21,11,1,5,1,9999,0,9999,0,0.0,0,1,1,4,-0.5000000000000004,0.8660254037844384,2170449.514907487
THE NAUTICAL,785.77,JALAN SENDUDOK,Resale,Strata,Condominium,1.0,27.0,Outside Central Region,23,10,1,5,0,99,2011,87,12,0.12121212121212122,1,1,0,4,-0.8660254037844386,0.5000000000000001,959625.1472153547
GLENDALE PARK,1033.34,HILLVIEW AVENUE,Resale,Strata,Condominium,1.0,23.0,Outside Central Region,23,4,1,5,1,9999,0,9999,0,0.0,0,0,0,2,0.8660254037844387,-0.49999999999999983,1525759.312022072
SUNFLOWER RESIDENCE,1011.82,LORONG 32 GEYLANG,Resale,Strata,Apartment,1.0,14.0,Rest of Central Region,21,3,1,5,1,9999,0,9999,0,0.0,0,0,0,1,1.0,6.123233995736766e-17,1119572.926672667
CARISSA PARK CONDOMINIUM,1323.97,FLORA DRIVE,Resale,Strata,Condominium,1.0,17.0,Outside Central Region,23,4,1,5,1,9999,0,9999,0,0.0,0,0,0,2,0.8660254037844387,-0.49999999999999983,1462231.4155344286
THE COMMODORE,742.72,CANBERRA DRIVE,New Sale,Strata,Condominium,1.0,27.0,Outside Central Region,21,11,1,5,0,99,2020,98,1,0.010101010101010102,1,1,1,4,-0.5000000000000004,0.8660254037844384,1130114.695947441
THE CENTRIS,914.94,JURONG WEST CENTRAL 3,Resale,Strata,Apartment,1.0,22.0,Outside Central Region,20,12,6,10,0,99,2006,85,14,0.1414141414141414,1,0,0,4,-2.4492935982947064e-16,1.0,1125845.294258418
NEPTUNE COURT,1270.15,MARINE VISTA,Resale,Strata,Apartment,1.0,15.0,Outside Central Region,21,8,6,10,0,99,1976,54,45,0.45454545454545453,3,0,0,3,-0.8660254037844384,-0.5000000000000004,1155256.6984586332
LIV @ MB,796.54,ARTHUR ROAD,New Sale,Strata,Condominium,1.0,15.0,Rest of Central Region,22,5,1,5,0,99,2021,98,1,0.010101010101010102,1,0,0,2,0.49999999999999994,-0.8660254037844387,1925077.4483975058
D'EVELYN,1280.92,EVELYN ROAD,Resale,Strata,Apartment,1.0,11.0,Core Central Region,23,8,1,5,1,9999,0,9999,0,0.0,0,0,0,3,-0.8660254037844384,-0.5000000000000004,2129884.9758768384
ONE HOLLAND VILLAGE RESIDENCES,1087.16,HOLLAND VILLAGE WAY,New Sale,Strata,Apartment,1.0,10.0,Core Central Region,21,10,1,5,0,99,2018,96,3,0.030303030303030304,1,1,0,4,-0.8660254037844386,0.5000000000000001,2842901.987437082
HALLMARK RESIDENCES,1431.61,EWE BOON ROAD,Resale,Strata,Condominium,1.0,10.0,Core Central Region,22,1,6,10,1,9999,0,9999,0,0.0,0,0,0,1,0.49999999999999994,0.8660254037844387,3069959.703302939
THE METROPOLITAN CONDOMINIUM,1033.34,ALEXANDRA VIEW,Resale,Strata,Condominium,1.0,3.0,Rest of Central Region,24,10,41,45,0,99,2006,81,18,0.18181818181818182,1,1,0,4,-0.8660254037844386,0.5000000000000001,2038337.6340690323
SKY HABITAT,1399.32,BISHAN STREET 15,Resale,Strata,Condominium,1.0,20.0,Rest of Central Region,24,2,1,5,0,99,2011,86,13,0.13131313131313133,1,0,0,1,0.8660254037844386,0.5000000000000001,2193568.775406184
TREVISTA,1700.71,LORONG 3 TOA PAYOH,Resale,Strata,Condominium,1.0,12.0,Rest of Central Region,22,10,16,20,0,99,2008,85,14,0.1414141414141414,1,1,0,4,-0.8660254037844386,0.5000000000000001,2879093.422579172
ESPADA,645.84,ST. THOMAS WALK,Resale,Strata,Apartment,1.0,9.0,Core Central Region,23,9,6,10,1,9999,0,9999,0,0.0,0,0,0,3,-1.0,-1.8369701987210297e-16,1342666.260095494
WATERFRONT ISLE,1151.75,BEDOK RESERVOIR ROAD,Resale,Strata,Condominium,1.0,16.0,Outside Central Region,20,8,11,15,0,99,2009,88,11,0.1111111111111111,1,0,0,3,-0.8660254037844384,-0.5000000000000004,1344328.3886916449
VARSITY PARK CONDOMINIUM,1528.49,WEST COAST ROAD,Resale,Strata,Condominium,1.0,5.0,Outside Central Region,23,6,1,5,0,99,2004,80,19,0.1919191919191919,1,0,0,2,1.2246467991473532e-16,-1.0,2183497.2738425643
THE JOVELL,667.37,FLORA DRIVE,New Sale,Strata,Condominium,1.0,17.0,Outside Central Region,21,10,1,5,0,99,2018,96,3,0.030303030303030304,1,1,0,4,-0.8660254037844386,0.5000000000000001,952801.9256443456
THE SAIL @ MARINA BAY,688.9,MARINA BOULEVARD,Resale,Strata,Apartment,1.0,1.0,Core Central Region,24,8,51,55,0,99,2002,77,22,0.2222222222222222,2,0,0,3,-0.8660254037844384,-0.5000000000000004,1376816.082832514
THE SOUND,904.18,EAST COAST ROAD,Resale,Strata,Condominium,1.0,15.0,Outside Central Region,22,10,1,5,1,9999,0,9999,0,0.0,0,1,0,4,-0.8660254037844386,0.5000000000000001,1471901.3296793343
PALM ISLES,785.77,FLORA DRIVE,Resale,Strata,Condominium,1.0,17.0,Outside Central Region,21,9,1,5,0,99,2011,89,10,0.10101010101010101,1,0,0,3,-1.0,-1.8369701987210297e-16,769868.6599423507
PARC ESTA,516.67,SIMS AVENUE,Sub Sale,Strata,Apartment,1.0,14.0,Rest of Central Region,22,12,16,20,0,99,2018,95,4,0.04040404040404041,1,0,0,4,-2.4492935982947064e-16,1.0,1102109.3380335544
THE REEF AT KING'S DOCK,893.41,HARBOURFRONT AVENUE,New Sale,Strata,Condominium,1.0,4.0,Rest of Central Region,21,2,1,5,0,99,2021,99,0,0.0,1,0,0,1,0.8660254037844386,0.5000000000000001,2062241.0407880726
DUCHESS RESIDENCES,1603.84,DUCHESS AVENUE,Resale,Strata,Condominium,1.0,10.0,Core Central Region,24,5,1,5,0,999,1875,850,149,0.14914914914914915,1,0,0,2,0.49999999999999994,-0.8660254037844387,3157718.517794717
LEEDON GREEN,710.42,LEEDON HEIGHTS,New Sale,Strata,Condominium,1.0,10.0,Core Central Region,23,7,11,15,1,9999,0,9999,0,0.0,0,0,0,3,-0.4999999999999998,-0.8660254037844388,2039783.8625111852
LAKE GRANDE,882.65,JURONG LAKE LINK,Resale,Strata,Condominium,1.0,22.0,Outside Central Region,22,11,1,5,0,99,2015,92,7,0.0707070707070707,1,1,1,4,-0.5000000000000004,0.8660254037844384,1261566.952099686
GRANDE VISTA,1646.89,CACTUS DRIVE,Resale,Strata,Condominium,1.0,28.0,Outside Central Region,21,9,6,10,0,999,1886,864,135,0.13513513513513514,1,0,0,3,-1.0,-1.8369701987210297e-16,1846024.8311122132
WATERVIEW,1184.04,TAMPINES AVENUE 1,Resale,Strata,Condominium,1.0,18.0,Outside Central Region,20,10,1,5,0,99,2010,89,10,0.10101010101010101,1,1,0,4,-0.8660254037844386,0.5000000000000001,1114001.8032500956
MARTIN MODERN,764.24,MARTIN PLACE,Resale,Strata,Condominium,1.0,9.0,Core Central Region,24,7,6,10,0,99,2016,91,8,0.08080808080808081,1,0,0,3,-0.4999999999999998,-0.8660254037844388,2045561.6213929586
FOURTH AVENUE RESIDENCES,710.42,FOURTH AVENUE,New Sale,Strata,Apartment,1.0,10.0,Core Central Region,20,9,6,10,0,99,2018,97,2,0.020202020202020204,1,0,0,3,-1.0,-1.8369701987210297e-16,1651845.1142659655
COUNTRY PARK CONDOMINIUM,1087.16,BEDOK ROAD,Resale,Strata,Condominium,1.0,16.0,Outside Central Region,23,9,1,5,1,9999,0,9999,0,0.0,0,0,0,3,-1.0,-1.8369701987210297e-16,1781173.5062513263
COCO PALMS,1097.93,PASIR RIS GROVE,Resale,Strata,Condominium,1.0,18.0,Outside Central Region,23,5,11,15,0,99,2008,84,15,0.15151515151515152,1,0,0,2,0.49999999999999994,-0.8660254037844387,1684864.971744651
THE WISTERIA,710.42,YISHUN RING ROAD,Resale,Strata,Apartment,1.0,27.0,Outside Central Region,22,6,6,10,0,99,2015,92,7,0.0707070707070707,1,0,0,2,1.2246467991473532e-16,-1.0,930436.6528314006
FERNWOOD TOWERS,1194.8,FERNWOOD TERRACE,Resale,Strata,Condominium,1.0,15.0,Outside Central Region,21,8,6,10,1,9999,0,9999,0,0.0,0,0,0,3,-0.8660254037844384,-0.5000000000000004,1812299.2236568136
PULLMAN RESIDENCES NEWTON,1377.79,DUNEARN ROAD,New Sale,Strata,Apartment,1.0,11.0,Core Central Region,21,5,6,10,1,9999,0,9999,0,0.0,0,0,0,2,0.49999999999999994,-0.8660254037844387,3761304.938673437
ONE PEARL BANK,1097.93,PEARL BANK,New Sale,Strata,Apartment,1.0,3.0,Rest of Central Region,23,10,31,35,0,99,2019,95,4,0.04040404040404041,1,1,0,4,-0.8660254037844386,0.5000000000000001,3018120.166284395
ST PATRICK'S LOFT,1323.97,ST. PATRICK'S ROAD,Resale,Strata,Apartment,1.0,15.0,Outside Central Region,24,12,1,5,1,9999,0,9999,0,0.0,0,0,0,4,-2.4492935982947064e-16,1.0,2305321.6391863883
THE MAKENA,3153.85,MEYER ROAD,Resale,Strata,Condominium,1.0,15.0,Rest of Central Region,24,8,26,30,1,9999,0,9999,0,0.0,0,0,0,3,-0.8660254037844384,-0.5000000000000004,7785785.127393488
RIVERIA GARDENS,968.76,RIVER VALLEY GROVE,Resale,Strata,Apartment,1.0,9.0,Core Central Region,24,9,16,20,1,9999,0,9999,0,0.0,0,0,0,3,-1.0,-1.8369701987210297e-16,2306012.0292070173
THE TANAMERA,1323.97,TANAH MERAH KECHIL ROAD,Resale,Strata,Condominium,1.0,16.0,Outside Central Region,22,5,6,10,0,99,1990,67,32,0.32323232323232326,2,0,0,2,0.49999999999999994,-0.8660254037844387,1335178.7776036998
SKY EVERTON,958.0,EVERTON ROAD,Sub Sale,Strata,Apartment,1.0,2.0,Rest of Central Region,23,7,16,20,1,9999,0,9999,0,0.0,0,0,0,3,-0.4999999999999998,-0.8660254037844388,2606400.8115806505
IRWELL HILL RESIDENCES,1582.31,IRWELL HILL,New Sale,Strata,Apartment,1.0,9.0,Core Central Region,21,4,21,25,0,99,2020,98,1,0.010101010101010102,1,0,0,2,0.8660254037844387,-0.49999999999999983,4128943.799716821
PARC VISTA,1313.21,CORPORATION ROAD,Resale,Strata,Condominium,1.0,22.0,Outside Central Region,20,12,11,15,0,99,1995,74,25,0.25252525252525254,2,0,0,4,-2.4492935982947064e-16,1.0,1133344.5002735055
THE WATERGARDENS AT CANBERRA,678.13,CANBERRA DRIVE,New Sale,Strata,Apartment,1.0,27.0,Outside Central Region,21,8,1,5,0,99,2020,98,1,0.010101010101010102,1,0,0,3,-0.8660254037844384,-0.5000000000000004,1025801.9202816153
38 I SUITES,667.37,IPOH LANE,Resale,Strata,Apartment,1.0,15.0,Rest of Central Region,21,7,6,10,1,9999,0,9999,0,0.0,0,0,0,3,-0.4999999999999998,-0.8660254037844388,999150.6931376117
JADESCAPE,1646.89,SHUNFU ROAD,Resale,Strata,Condominium,1.0,20.0,Rest of Central Region,23,11,11,15,0,99,2018,94,5,0.050505050505050504,1,1,1,4,-0.5000000000000004,0.8660254037844384,2583980.2033074913
THE BAYSHORE,1184.04,BAYSHORE ROAD,Resale,Strata,Condominium,1.0,16.0,Outside Central Region,22,9,21,25,0,99,1993,70,29,0.29292929292929293,2,0,0,3,-1.0,-1.8369701987210297e-16,1461269.7519364126
CASA MERAH,947.23,TANAH MERAH KECHIL AVENUE,Resale,Strata,Apartment,1.0,16.0,Outside Central Region,21,6,6,10,0,99,2006,84,15,0.15151515151515152,1,0,0,2,1.2246467991473532e-16,-1.0,1127614.889342405
PALM GARDENS,1216.33,HONG SAN WALK,Resale,Strata,Condominium,1.0,23.0,Outside Central Region,24,9,1,5,0,99,1996,71,28,0.2828282828282828,2,0,0,3,-1.0,-1.8369701987210297e-16,1273452.4639490445
PARC CLEMATIS,1044.11,JALAN LEMPENG,New Sale,Strata,Apartment,1.0,5.0,Outside Central Region,21,3,11,15,0,99,2019,97,2,0.020202020202020204,1,0,0,1,1.0,6.123233995736766e-17,1693743.5179434458
DUCHESS CREST,1840.64,DUCHESS AVENUE,Resale,Strata,Condominium,1.0,10.0,Core Central Region,23,10,1,5,0,99,1995,71,28,0.2828282828282828,2,1,0,4,-0.8660254037844386,0.5000000000000001,3293421.0564216087
THE TRUMPS,1431.61,JALAN KEMBANGAN,Resale,Strata,Condominium,1.0,14.0,Outside Central Region,21,9,1,5,0,99,2000,78,21,0.21212121212121213,2,0,0,3,-1.0,-1.8369701987210297e-16,1699508.4012379919
CORALIS,861.12,JOO CHIAT ROAD,Resale,Strata,Condominium,1.0,15.0,Rest of Central Region,22,10,6,10,1,9999,0,9999,0,0.0,0,1,0,4,-0.8660254037844386,0.5000000000000001,1470552.8707837095
THE TEMBUSU,1367.03,TAMPINES ROAD,Resale,Strata,Condominium,1.0,19.0,Outside Central Region,22,9,1,5,1,9999,0,9999,0,0.0,0,0,0,3,-1.0,-1.8369701987210297e-16,2250273.504523719
ROCHELLE AT NEWTON,1356.26,KENG LEE ROAD,Resale,Strata,Condominium,1.0,11.0,Core Central Region,21,7,6,10,0,99,2008,86,13,0.13131313131313133,1,0,0,3,-0.4999999999999998,-0.8660254037844388,2305124.6130803423
RIVIERE,1173.28,JIAK KIM STREET,New Sale,Strata,Apartment,1.0,3.0,Rest of Central Region,23,4,31,35,0,99,2018,94,5,0.050505050505050504,1,0,0,2,0.8660254037844387,-0.49999999999999983,3477667.6307621356
AMO RESIDENCE,1140.98,ANG MO KIO RISE,New Sale,Strata,Apartment,1.0,20.0,Outside Central Region,22,7,11,15,0,99,2021,98,1,0.010101010101010102,1,0,0,3,-0.4999999999999998,-0.8660254037844388,2428587.151714025
MARINA ONE RESIDENCES,1582.31,MARINA WAY,Resale,Strata,Apartment,1.0,1.0,Core Central Region,21,1,26,30,0,99,2011,89,10,0.10101010101010101,1,0,0,1,0.49999999999999994,0.8660254037844387,4221689.715272301
HEDGES PARK CONDOMINIUM,484.38,FLORA DRIVE,Resale,Strata,Condominium,1.0,17.0,Outside Central Region,21,3,6,10,0,99,2010,88,11,0.1111111111111111,1,0,0,1,1.0,6.123233995736766e-17,546560.3412879657
PARC KOMO,731.95,UPPER CHANGI ROAD NORTH,Sub Sale,Strata,Apartment,1.0,17.0,Outside Central Region,24,2,1,5,1,9999,0,9999,0,0.0,0,0,0,1,0.8660254037844386,0.5000000000000001,1326666.3272126985
PARC CLEMATIS,721.19,JALAN LEMPENG,Sub Sale,Strata,Apartment,1.0,5.0,Outside Central Region,24,6,1,5,0,99,2019,94,5,0.050505050505050504,1,0,0,2,1.2246467991473532e-16,-1.0,1429351.0186290797
FORESQUE RESIDENCES,731.95,PETIR ROAD,Resale,Strata,Condominium,1.0,23.0,Outside Central Region,23,9,16,20,0,99,2011,87,12,0.12121212121212122,1,0,0,3,-1.0,-1.8369701987210297e-16,1082952.0453593978
WALLICH RESIDENCE,1722.24,WALLICH STREET,Resale,Strata,Apartment,1.0,2.0,Core Central Region,23,8,41,45,0,99,2011,87,12,0.12121212121212122,1,0,0,3,-0.8660254037844384,-0.5000000000000004,5566320.194358481
HILLHAVEN,678.13,HILLVIEW RISE,New Sale,Strata,Condominium,1.0,23.0,Outside Central Region,24,1,11,15,0,99,2023,98,1,0.010101010101010102,1,0,0,1,0.49999999999999994,0.8660254037844387,1418721.1985330046
SAVANNAH CONDOPARK,1227.1,SIMEI RISE,Resale,Strata,Condominium,1.0,18.0,Outside Central Region,21,5,1,5,0,99,2000,78,21,0.21212121212121213,2,0,0,2,0.49999999999999994,-0.8660254037844387,1050597.0394058896
IRWELL HILL RESIDENCES,495.14,IRWELL HILL,New Sale,Strata,Apartment,1.0,9.0,Core Central Region,22,8,31,35,0,99,2020,97,2,0.020202020202020204,1,0,0,3,-0.8660254037844384,-0.5000000000000004,1428795.590428574
WATERBANK AT DAKOTA,484.38,DAKOTA CRESCENT,Resale,Strata,Condominium,1.0,14.0,Rest of Central Region,21,11,11,15,0,99,2009,87,12,0.12121212121212122,1,1,1,4,-0.5000000000000004,0.8660254037844384,820128.7383248198
HILLVIEW REGENCY,1194.8,BUKIT BATOK EAST AVENUE 2,Resale,Strata,Condominium,1.0,23.0,Outside Central Region,21,4,21,25,0,99,2000,78,21,0.21212121212121213,2,0,0,2,0.8660254037844387,-0.49999999999999983,1101401.1800644237
AFFINITY AT SERANGOON,850.36,SERANGOON NORTH AVENUE 1,New Sale,Strata,Apartment,1.0,19.0,Outside Central Region,21,7,1,5,0,99,2018,96,3,0.030303030303030304,1,0,0,3,-0.4999999999999998,-0.8660254037844388,1309546.658122736
FLO RESIDENCE,925.7,PUNGGOL FIELD WALK,Resale,Strata,Condominium,1.0,19.0,Outside Central Region,24,8,11,15,0,99,2011,86,13,0.13131313131313133,1,0,0,3,-0.8660254037844384,-0.5000000000000004,1257830.571418491
ICON,699.66,GOPENG STREET,Resale,Strata,Apartment,1.0,2.0,Core Central Region,20,9,21,25,0,99,2002,81,18,0.18181818181818182,1,0,0,3,-1.0,-1.8369701987210297e-16,1191438.9601028631
KINGSFORD . HILLVIEW PEAK,516.67,HILLVIEW RISE,Resale,Strata,Condominium,1.0,23.0,Outside Central Region,22,10,1,5,0,99,2012,89,10,0.10101010101010101,1,1,0,4,-0.8660254037844386,0.5000000000000001,713606.6070559405
PANDAN VALLEY,1474.67,PANDAN VALLEY,Resale,Strata,Condominium,1.0,21.0,Rest of Central Region,21,6,1,5,1,9999,0,9999,0,0.0,0,0,0,2,1.2246467991473532e-16,-1.0,2106769.7478421787
URBAN VISTA,430.56,TANAH MERAH KECHIL LINK,Resale,Strata,Condominium,1.0,16.0,Outside Central Region,24,1,11,15,0,99,2012,87,12,0.12121212121212122,1,0,0,1,0.49999999999999994,0.8660254037844387,728800.2901963035
BRADDELL VIEW,1614.6,BRADDELL HILL,Resale,Strata,Apartment,1.0,20.0,Rest of Central Region,22,6,21,25,0,103,1975,56,47,0.4563106796116505,3,0,0,2,1.2246467991473532e-16,-1.0,1609847.5889362711
MIDTOWN BAY,742.72,BEACH ROAD,New Sale,Strata,Apartment,1.0,7.0,Core Central Region,23,8,16,20,0,99,2018,94,5,0.050505050505050504,1,0,0,3,-0.8660254037844384,-0.5000000000000004,2300556.2255846867
THE CONTINUUM,1227.1,THIAM SIEW AVENUE,New Sale,Strata,Apartment,1.0,15.0,Rest of Central Region,23,5,11,15,1,9999,0,9999,0,0.0,0,0,0,2,0.49999999999999994,-0.8660254037844387,3416849.3482604376
AMBER SKYE,2658.71,AMBER ROAD,Resale,Strata,Apartment,1.0,15.0,Rest of Central Region,22,1,1,5,1,9999,0,9999,0,0.0,0,0,0,1,0.49999999999999994,0.8660254037844387,5000838.134857718
STURDEE RESIDENCES,936.47,BEATTY ROAD,Sub Sale,Strata,Condominium,1.0,8.0,Rest of Central Region,21,4,11,15,0,99,2015,93,6,0.06060606060606061,1,0,0,2,0.8660254037844387,-0.49999999999999983,1608674.6245901852
THE HACIENDA,1894.46,HACIENDA GROVE,Resale,Strata,Condominium,1.0,15.0,Outside Central Region,23,12,1,5,1,9999,0,9999,0,0.0,0,0,0,4,-2.4492935982947064e-16,1.0,2967344.850659923
BOTANIQUE AT BARTLEY,495.14,UPPER PAYA LEBAR ROAD,Resale,Strata,Condominium,1.0,19.0,Outside Central Region,23,4,1,5,0,99,2014,90,9,0.09090909090909091,1,0,0,2,0.8660254037844387,-0.49999999999999983,843431.043931751
D'LEEDON,775.01,LEEDON HEIGHTS,Resale,Strata,Condominium,1.0,10.0,Core Central Region,21,7,11,15,0,99,2010,88,11,0.1111111111111111,1,0,0,3,-0.4999999999999998,-0.8660254037844388,1339389.7962826842
YISHUN SAPPHIRE,1184.04,CANBERRA DRIVE,Resale,Strata,Condominium,1.0,27.0,Outside Central Region,22,7,6,10,0,99,1998,75,24,0.24242424242424243,2,0,0,3,-0.4999999999999998,-0.8660254037844388,1139205.402439091
THE MINTON,936.47,HOUGANG STREET 11,Resale,Strata,Condominium,1.0,19.0,Outside Central Region,24,7,6,10,0,99,2007,82,17,0.1717171717171717,1,0,0,3,-0.4999999999999998,-0.8660254037844388,1407188.780495254
LE WOOD,1259.39,HINDHEDE DRIVE,Resale,Strata,Condominium,1.0,21.0,Outside Central Region,22,9,1,5,0,99,1999,76,23,0.23232323232323232,2,0,0,3,-1.0,-1.8369701987210297e-16,1451921.3360423043
WEST BAY CONDOMINIUM,936.47,WEST COAST CRESCENT,Resale,Strata,Condominium,1.0,5.0,Outside Central Region,24,5,1,5,0,99,1991,66,33,0.3333333333333333,2,0,0,2,0.49999999999999994,-0.8660254037844387,1136733.7256973763
AFFINITY AT SERANGOON,538.2,SERANGOON NORTH AVENUE 1,Sub Sale,Strata,Apartment,1.0,19.0,Outside Central Region,23,3,6,10,0,99,2018,94,5,0.050505050505050504,1,0,0,1,1.0,6.123233995736766e-17,920364.9135259048
TERRASSE,775.01,TERRASSE LANE,Resale,Strata,Condominium,1.0,19.0,Outside Central Region,21,5,1,5,0,99,2010,88,11,0.1111111111111111,1,0,0,2,0.49999999999999994,-0.8660254037844387,955865.3334733489
VIEW AT KISMIS,602.78,LORONG KISMIS,New Sale,Strata,Apartment,1.0,21.0,Rest of Central Region,20,9,1,5,0,99,2019,98,1,0.010101010101010102,1,0,0,3,-1.0,-1.8369701987210297e-16,1013131.6688216216
THE GARDEN RESIDENCES,796.54,SERANGOON NORTH VIEW,New Sale,Strata,Apartment,1.0,19.0,Outside Central Region,20,10,11,15,0,99,2017,96,3,0.030303030303030304,1,1,0,4,-0.8660254037844386,0.5000000000000001,1277893.5921149764
PINETREE HILL,796.54,PINE GROVE,New Sale,Strata,Condominium,1.0,21.0,Rest of Central Region,24,7,6,10,0,99,2022,97,2,0.020202020202020204,1,0,0,3,-0.4999999999999998,-0.8660254037844388,1971242.9808725622
WATERTOWN,581.26,PUNGGOL CENTRAL,Resale,Strata,Apartment,1.0,19.0,Outside Central Region,23,12,11,15,0,99,2011,87,12,0.12121212121212122,1,0,0,4,-2.4492935982947064e-16,1.0,960132.9185338375
SIMS URBAN OASIS,624.31,SIMS DRIVE,Resale,Strata,Condominium,1.0,14.0,Rest of Central Region,24,8,1,5,0,99,2014,89,10,0.10101010101010101,1,0,0,3,-0.8660254037844384,-0.5000000000000004,1032213.2618694202
VERTICUS,462.85,JALAN KEMAMAN,New Sale,Strata,Apartment,1.0,12.0,Rest of Central Region,21,7,21,25,1,9999,0,9999,0,0.0,0,0,0,3,-0.4999999999999998,-0.8660254037844388,994240.9038496662
J'DEN,850.36,JURONG EAST CENTRAL 1,New Sale,Strata,Apartment,1.0,22.0,Outside Central Region,23,11,6,10,0,99,2023,99,0,0.0,1,1,1,4,-0.5000000000000004,0.8660254037844384,2020503.078188565
THE INFLORA,462.85,FLORA DRIVE,Resale,Strata,Condominium,1.0,17.0,Outside Central Region,21,10,1,5,0,99,2012,90,9,0.09090909090909091,1,1,0,4,-0.8660254037844386,0.5000000000000001,561916.3122781191
THE CONTINUUM,721.19,THIAM SIEW AVENUE,New Sale,Strata,Apartment,1.0,15.0,Rest of Central Region,23,5,6,10,1,9999,0,9999,0,0.0,0,0,0,2,0.49999999999999994,-0.8660254037844387,1978276.4555727716
PARKVIEW APARTMENTS,979.52,BUKIT BATOK STREET 25,Resale,Strata,Apartment,1.0,23.0,Outside Central Region,24,12,6,10,0,99,1994,69,30,0.30303030303030304,2,0,0,4,-2.4492935982947064e-16,1.0,984028.307317775
BOTANIQUE AT BARTLEY,925.7,UPPER PAYA LEBAR ROAD,Resale,Strata,Condominium,1.0,19.0,Outside Central Region,20,12,11,15,0,99,2014,93,6,0.06060606060606061,1,0,0,4,-2.4492935982947064e-16,1.0,1308025.9854677992
MEADOWS @ PEIRCE,635.08,UPPER THOMSON ROAD,Resale,Strata,Condominium,1.0,26.0,Outside Central Region,24,4,1,5,1,9999,0,9999,0,0.0,0,0,0,2,0.8660254037844387,-0.49999999999999983,1079609.0010542565
DUCHESS MANOR,990.29,DUCHESS ROAD,Resale,Strata,Condominium,1.0,10.0,Core Central Region,21,10,1,5,0,999,1875,853,146,0.14614614614614616,1,1,0,4,-0.8660254037844386,0.5000000000000001,2032714.82043344
SCENECA RESIDENCE,462.85,TANAH MERAH KECHIL LINK,New Sale,Strata,Apartment,1.0,16.0,Outside Central Region,23,1,11,15,0,99,2021,97,2,0.020202020202020204,1,0,0,1,0.49999999999999994,0.8660254037844387,1053057.4949538726
NORTHVALE,1087.16,CHOA CHU KANG LOOP,Resale,Strata,Apartment,1.0,23.0,Outside Central Region,21,10,6,10,0,99,1995,73,26,0.26262626262626265,2,1,0,4,-0.8660254037844386,0.5000000000000001,882024.6468664474
REFLECTIONS AT KEPPEL BAY,1173.28,KEPPEL BAY VIEW,Resale,Strata,Condominium,1.0,4.0,Rest of Central Region,24,7,11,15,0,99,2006,81,18,0.18181818181818182,1,0,0,3,-0.4999999999999998,-0.8660254037844388,2102670.3390693776
THE CLEMENT CANOPY,731.95,CLEMENTI AVENUE 1,Resale,Strata,Apartment,1.0,5.0,Outside Central Region,22,3,31,35,0,99,2016,93,6,0.06060606060606061,1,0,0,1,1.0,6.123233995736766e-17,1288932.715254243
SENGKANG GRAND RESIDENCES,1022.58,COMPASSVALE BOW,New Sale,Strata,Apartment,1.0,19.0,Outside Central Region,21,7,11,15,0,99,2018,96,3,0.030303030303030304,1,0,0,3,-0.4999999999999998,-0.8660254037844388,1732996.9612147945
CLOVER BY THE PARK,1291.68,BISHAN STREET 25,Resale,Strata,Condominium,1.0,20.0,Rest of Central Region,23,9,31,35,0,99,2007,83,16,0.16161616161616163,1,0,0,3,-1.0,-1.8369701987210297e-16,2351727.0029949616
SIMS URBAN OASIS,667.37,SIMS DRIVE,Resale,Strata,Condominium,1.0,14.0,Rest of Central Region,23,10,16,20,0,99,2014,90,9,0.09090909090909091,1,1,0,4,-0.8660254037844386,0.5000000000000001,1186441.9927485485
SKYSUITES@ANSON,667.37,ENGGOR STREET,Resale,Strata,Apartment,1.0,2.0,Core Central Region,22,9,26,30,0,99,2008,85,14,0.1414141414141414,1,0,0,3,-1.0,-1.8369701987210297e-16,1335007.694998343
VENTANA,1270.15,PASIR PANJANG HILL,Resale,Strata,Apartment,1.0,5.0,Rest of Central Region,21,4,1,5,1,9999,0,9999,0,0.0,0,0,0,2,0.8660254037844387,-0.49999999999999983,1506234.044238554
FORESQUE RESIDENCES,1280.92,PETIR ROAD,Resale,Strata,Condominium,1.0,23.0,Outside Central Region,21,5,6,10,0,99,2011,89,10,0.10101010101010101,1,0,0,2,0.49999999999999994,-0.8660254037844387,1433761.2708884918
CANBERRA RESIDENCES,1323.97,CANBERRA DRIVE,Resale,Strata,Condominium,1.0,27.0,Outside Central Region,22,4,1,5,0,99,2010,87,12,0.12121212121212122,1,0,0,2,0.8660254037844387,-0.49999999999999983,1219395.0736904163
ONE BERNAM,441.32,BERNAM STREET,New Sale,Strata,Apartment,1.0,2.0,Core Central Region,21,5,16,20,0,99,2019,97,2,0.020202020202020204,1,0,0,2,0.49999999999999994,-0.8660254037844387,1218280.0053869637
FORESQUE RESIDENCES,1819.12,PETIR ROAD,Resale,Strata,Condominium,1.0,23.0,Outside Central Region,24,2,1,5,0,99,2011,86,13,0.13131313131313133,1,0,0,1,0.8660254037844386,0.5000000000000001,2139133.093322737
CLAVON,1582.31,CLEMENTI AVENUE 1,New Sale,Strata,Apartment,1.0,5.0,Outside Central Region,21,4,6,10,0,99,2019,97,2,0.020202020202020204,1,0,0,2,0.8660254037844387,-0.49999999999999983,2486167.65411743
THE FLORENCE RESIDENCES,925.7,HOUGANG AVENUE 2,Sub Sale,Strata,Apartment,1.0,19.0,Outside Central Region,24,5,1,5,0,99,2018,93,6,0.06060606060606061,1,0,0,2,0.49999999999999994,-0.8660254037844387,1652867.1663590958
TANAMERA CREST,871.88,PARI DEDAP WALK,Resale,Strata,Condominium,1.0,16.0,Outside Central Region,24,9,1,5,0,99,2000,75,24,0.24242424242424243,2,0,0,3,-1.0,-1.8369701987210297e-16,1076209.064868569
GROSVENOR VIEW,1248.62,LENGKONG EMPAT,Resale,Strata,Condominium,1.0,14.0,Outside Central Region,21,6,6,10,1,9999,0,9999,0,0.0,0,0,0,2,1.2246467991473532e-16,-1.0,1298061.949056046
RIVER ISLES,753.48,EDGEDALE PLAINS,Resale,Strata,Condominium,1.0,19.0,Outside Central Region,24,7,1,5,0,99,2012,87,12,0.12121212121212122,1,0,0,3,-0.4999999999999998,-0.8660254037844388,1093287.5812352286
CARIBBEAN AT KEPPEL BAY,1334.74,KEPPEL BAY DRIVE,Resale,Strata,Condominium,1.0,4.0,Rest of Central Region,21,12,1,5,0,99,1999,77,22,0.2222222222222222,2,0,0,4,-2.4492935982947064e-16,1.0,2174584.390465043
THE LANAI,1184.04,HILLVIEW AVENUE,Resale,Strata,Condominium,1.0,23.0,Outside Central Region,24,3,6,10,0,999,1885,860,139,0.13913913913913914,1,0,0,1,1.0,6.123233995736766e-17,1934444.4730317767
LIV @ MB,1270.15,ARTHUR ROAD,New Sale,Strata,Condominium,1.0,15.0,Rest of Central Region,22,10,1,5,0,99,2021,98,1,0.010101010101010102,1,1,0,4,-0.8660254037844386,0.5000000000000001,3058511.0940783466
ECO,635.08,BEDOK SOUTH AVENUE 3,Resale,Strata,Condominium,1.0,16.0,Outside Central Region,24,5,6,10,0,99,2012,87,12,0.12121212121212122,1,0,0,2,0.49999999999999994,-0.8660254037844387,970761.1750989595
AMANINDA,1054.87,THOMSON ROAD,Resale,Strata,Condominium,1.0,11.0,Core Central Region,22,9,1,5,1,9999,0,9999,0,0.0,0,0,0,3,-1.0,-1.8369701987210297e-16,1820395.6908529757
PICCADILLY GRAND,1582.31,NORTHUMBERLAND ROAD,New Sale,Strata,Apartment,1.0,8.0,Rest of Central Region,23,4,6,10,0,99,2021,97,2,0.020202020202020204,1,0,0,2,0.8660254037844387,-0.49999999999999983,3200887.15997538
ECHELON,861.12,ALEXANDRA VIEW,Resale,Strata,Condominium,1.0,3.0,Rest of Central Region,22,4,6,10,0,99,2012,89,10,0.10101010101010101,1,0,0,2,0.8660254037844387,-0.49999999999999983,1556879.6371596018
SYMPHONY HEIGHTS,1646.89,HUME AVENUE,Resale,Strata,Condominium,1.0,21.0,Outside Central Region,24,11,1,5,1,9999,0,9999,0,0.0,0,1,1,4,-0.5000000000000004,0.8660254037844384,2384281.500863479
BOTANNIA,1248.62,WEST COAST PARK,Resale,Strata,Condominium,1.0,5.0,Outside Central Region,21,2,1,5,0,956,1928,863,93,0.09728033472803348,1,0,0,1,0.8660254037844386,0.5000000000000001,1587922.3262280044
THE TAPESTRY,441.32,TAMPINES STREET 86,Resale,Strata,Condominium,1.0,18.0,Outside Central Region,24,9,11,15,0,99,2017,92,7,0.0707070707070707,1,0,0,3,-1.0,-1.8369701987210297e-16,795481.7198144253
SOUTHAVEN II,818.06,HINDHEDE WALK,Resale,Strata,Condominium,1.0,21.0,Outside Central Region,21,5,1,5,0,999,1877,855,144,0.14414414414414414,1,0,0,2,0.49999999999999994,-0.8660254037844387,1152048.0963870427
THE BENTLY RESIDENCES@KOVAN,882.65,KOVAN ROAD,Resale,Strata,Apartment,1.0,19.0,Outside Central Region,21,10,1,5,1,9999,0,9999,0,0.0,0,1,0,4,-0.8660254037844386,0.5000000000000001,1160719.949362438
LENTORIA,958.0,LENTOR HILLS ROAD,New Sale,Strata,Condominium,1.0,26.0,Outside Central Region,24,9,6,10,0,99,2022,97,2,0.020202020202020204,1,0,0,3,-1.0,-1.8369701987210297e-16,2047907.9147441708
PULLMAN RESIDENCES NEWTON,667.37,DUNEARN ROAD,New Sale,Strata,Apartment,1.0,11.0,Core Central Region,21,5,11,15,1,9999,0,9999,0,0.0,0,0,0,2,0.49999999999999994,-0.8660254037844387,1860477.5249980306
HILLHAVEN,947.23,HILLVIEW RISE,New Sale,Strata,Condominium,1.0,23.0,Outside Central Region,24,1,6,10,0,99,2023,98,1,0.010101010101010102,1,0,0,1,0.49999999999999994,0.8660254037844387,1937222.833959922
PARC CLEMATIS,914.94,JALAN LEMPENG,New Sale,Strata,Apartment,1.0,5.0,Outside Central Region,20,12,6,10,0,99,2019,98,1,0.010101010101010102,1,0,0,4,-2.4492935982947064e-16,1.0,1530107.2896980683
CYAN,1302.44,KENG CHIN ROAD,Resale,Strata,Condominium,1.0,10.0,Core Central Region,22,2,11,15,1,9999,0,9999,0,0.0,0,0,0,1,0.8660254037844386,0.5000000000000001,2837561.6532750735
ONE-NORTH EDEN,1399.32,SLIM BARRACKS RISE,New Sale,Strata,Apartment,1.0,5.0,Rest of Central Region,21,4,1,5,0,99,2019,97,2,0.020202020202020204,1,0,0,2,0.8660254037844387,-0.49999999999999983,2589774.6477863137
HIGH OAK CONDOMINIUM,1033.34,TOH TUCK ROAD,Resale,Strata,Condominium,1.0,21.0,Rest of Central Region,23,5,1,5,0,99,1996,72,27,0.2727272727272727,2,0,0,2,0.49999999999999994,-0.8660254037844387,1560695.7191060728
LENTORIA,1119.46,LENTOR HILLS ROAD,New Sale,Strata,Condominium,1.0,26.0,Outside Central Region,24,6,16,20,0,99,2022,97,2,0.020202020202020204,1,0,0,2,1.2246467991473532e-16,-1.0,2446813.448857313
LENTORIA,731.95,LENTOR HILLS ROAD,New Sale,Strata,Condominium,1.0,26.0,Outside Central Region,24,10,11,15,0,99,2022,97,2,0.020202020202020204,1,1,0,4,-0.8660254037844386,0.5000000000000001,1645032.3310640808
NATURA@HILLVIEW,441.32,HILLVIEW TERRACE,Resale,Strata,Apartment,1.0,23.0,Outside Central Region,24,10,1,5,1,9999,0,9999,0,0.0,0,1,0,4,-0.8660254037844386,0.5000000000000001,730066.713180634
SUNFLOWER VIEW,1011.82,LORONG 36 GEYLANG,Resale,Strata,Apartment,1.0,14.0,Rest of Central Region,23,4,1,5,1,9999,0,9999,0,0.0,0,0,0,2,0.8660254037844387,-0.49999999999999983,1311286.1029468724
CLAVON,764.24,CLEMENTI AVENUE 1,New Sale,Strata,Apartment,1.0,5.0,Outside Central Region,20,12,6,10,0,99,2019,98,1,0.010101010101010102,1,0,0,4,-2.4492935982947064e-16,1.0,1221902.3136986017
VERDALE,742.72,DE SOUZA AVENUE,New Sale,Strata,Apartment,1.0,21.0,Rest of Central Region,22,4,1,5,0,99,2018,95,4,0.04040404040404041,1,0,0,2,0.8660254037844387,-0.49999999999999983,1417164.9935433238
MEDGE,462.85,MINBU ROAD,Resale,Strata,Apartment,1.0,11.0,Core Central Region,21,7,6,10,1,9999,0,9999,0,0.0,0,0,0,3,-0.4999999999999998,-0.8660254037844388,820644.8124703824
JADESCAPE,645.84,SHUNFU ROAD,Sub Sale,Strata,Condominium,1.0,20.0,Rest of Central Region,23,1,6,10,0,99,2018,94,5,0.050505050505050504,1,0,0,1,0.49999999999999994,0.8660254037844387,1379971.6244451657
THE GLADES,452.09,BEDOK RISE,Resale,Strata,Condominium,1.0,16.0,Outside Central Region,22,8,1,5,0,99,2013,90,9,0.09090909090909091,1,0,0,3,-0.8660254037844384,-0.5000000000000004,707363.4435254163
THE SIXTH AVENUE RESIDENCES,1582.31,SIXTH AVENUE,Resale,Strata,Condominium,1.0,10.0,Core Central Region,22,9,1,5,1,9999,0,9999,0,0.0,0,0,0,3,-1.0,-1.8369701987210297e-16,3023960.9748675954
THE GLYNDEBOURNE,2669.47,TREVOSE CRESCENT,Resale,Strata,Condominium,1.0,11.0,Core Central Region,22,11,1,5,1,9999,0,9999,0,0.0,0,1,1,4,-0.5000000000000004,0.8660254037844384,5005148.319882028
MIDTOWN MODERN,1808.35,TAN QUEE LAN STREET,New Sale,Strata,Apartment,1.0,7.0,Core Central Region,22,11,11,15,0,99,2019,96,3,0.030303030303030304,1,1,1,4,-0.5000000000000004,0.8660254037844384,5020003.192400843
ONE BERNAM,828.83,BERNAM STREET,New Sale,Strata,Apartment,1.0,2.0,Core Central Region,21,10,6,10,0,99,2019,97,2,0.020202020202020204,1,1,0,4,-0.8660254037844386,0.5000000000000001,2047462.3783517845
TREASURE AT TAMPINES,1711.48,TAMPINES LANE,New Sale,Strata,Condominium,1.0,18.0,Outside Central Region,20,9,11,15,0,99,2018,97,2,0.020202020202020204,1,0,0,3,-1.0,-1.8369701987210297e-16,2179090.7075319593
VERDALE,699.66,DE SOUZA AVENUE,New Sale,Strata,Apartment,1.0,21.0,Rest of Central Region,21,8,1,5,0,99,2018,96,3,0.030303030303030304,1,0,0,3,-0.8660254037844384,-0.5000000000000004,1268146.2465993238
76 SHENTON,592.02,SHENTON WAY,Resale,Strata,Apartment,1.0,2.0,Core Central Region,24,1,21,25,0,99,2007,82,17,0.1717171717171717,1,0,0,1,0.49999999999999994,0.8660254037844387,1165021.6378221803
URBAN VISTA,850.36,TANAH MERAH KECHIL LINK,Resale,Strata,Condominium,1.0,16.0,Outside Central Region,22,5,11,15,0,99,2012,89,10,0.10101010101010101,1,0,0,2,0.49999999999999994,-0.8660254037844387,1175859.982401638
CLAVON,764.24,CLEMENTI AVENUE 1,New Sale,Strata,Apartment,1.0,5.0,Outside Central Region,20,12,1,5,0,99,2019,98,1,0.010101010101010102,1,0,0,4,-2.4492935982947064e-16,1.0,1195219.9984309382
RIVERFRONT RESIDENCES,914.94,HOUGANG AVENUE 7,Resale,Strata,Apartment,1.0,19.0,Outside Central Region,24,11,11,15,0,99,2018,93,6,0.06060606060606061,1,1,1,4,-0.5000000000000004,0.8660254037844384,1408460.475359009
AVANT RESIDENCES,527.44,ALJUNIED ROAD,Resale,Strata,Apartment,1.0,14.0,Rest of Central Region,23,7,1,5,0,99,2012,88,11,0.1111111111111111,1,0,0,3,-0.4999999999999998,-0.8660254037844388,788615.9885394189
PARK PLACE RESIDENCES AT PLQ,1087.16,PAYA LEBAR ROAD,Sub Sale,Strata,Apartment,1.0,14.0,Rest of Central Region,21,8,16,20,0,99,2015,93,6,0.06060606060606061,1,0,0,3,-0.8660254037844384,-0.5000000000000004,2110317.0277944757
AMPAS APARTMENTS,1259.39,JALAN AMPAS,Resale,Strata,Apartment,1.0,12.0,Rest of Central Region,23,3,6,10,1,9999,0,9999,0,0.0,0,0,0,1,1.0,6.123233995736766e-17,1957284.1586414855
RIVERFRONT RESIDENCES,613.55,HOUGANG AVENUE 7,Sub Sale,Strata,Apartment,1.0,19.0,Outside Central Region,24,9,6,10,0,99,2018,93,6,0.06060606060606061,1,0,0,3,-1.0,-1.8369701987210297e-16,1000116.828702224
LAKEVILLE,1162.51,JURONG LAKE LINK,Resale,Strata,Condominium,1.0,22.0,Outside Central Region,21,2,11,15,0,99,2013,91,8,0.08080808080808081,1,0,0,1,0.8660254037844386,0.5000000000000001,1553628.6062481392
LENTOR MODERN,731.95,LENTOR CENTRAL,New Sale,Strata,Apartment,1.0,26.0,Outside Central Region,22,9,16,20,0,99,2021,98,1,0.010101010101010102,1,0,0,3,-1.0,-1.8369701987210297e-16,1644049.6473756272
SKYSUITES@ANSON,699.66,ENGGOR STREET,Resale,Strata,Apartment,1.0,2.0,Core Central Region,24,7,51,55,0,99,2008,83,16,0.16161616161616163,1,0,0,3,-0.4999999999999998,-0.8660254037844388,1590495.309401986
LEEDON GREEN,613.55,LEEDON HEIGHTS,New Sale,Strata,Condominium,1.0,10.0,Core Central Region,21,12,6,10,1,9999,0,9999,0,0.0,0,0,0,4,-2.4492935982947064e-16,1.0,1681346.0910572738
FOURTH AVENUE RESIDENCES,473.62,FOURTH AVENUE,New Sale,Strata,Apartment,1.0,10.0,Core Central Region,20,9,1,5,0,99,2018,97,2,0.020202020202020204,1,0,0,3,-1.0,-1.8369701987210297e-16,1084594.3551881867
ONE-NORTH RESIDENCES,1001.05,ONE-NORTH GATEWAY,Resale,Strata,Apartment,1.0,5.0,Rest of Central Region,21,6,11,15,0,99,2005,83,16,0.16161616161616163,1,0,0,2,1.2246467991473532e-16,-1.0,1491402.1561581306
THE WISTERIA,710.42,YISHUN RING ROAD,Resale,Strata,Apartment,1.0,27.0,Outside Central Region,24,7,6,10,0,99,2015,90,9,0.09090909090909091,1,0,0,3,-0.4999999999999998,-0.8660254037844388,1009947.6063473991
CLAVON,1689.95,CLEMENTI AVENUE 1,New Sale,Strata,Apartment,1.0,5.0,Outside Central Region,22,5,26,30,0,99,2019,96,3,0.030303030303030304,1,0,0,2,0.49999999999999994,-0.8660254037844387,2927626.567418112
DAKOTA RESIDENCES,1022.58,DAKOTA CRESCENT,Resale,Strata,Condominium,1.0,14.0,Rest of Central Region,21,2,11,15,0,99,2007,85,14,0.1414141414141414,1,0,0,1,0.8660254037844386,0.5000000000000001,1491408.3369590933
BOTANIQUE AT BARTLEY,516.67,UPPER PAYA LEBAR ROAD,Resale,Strata,Condominium,1.0,19.0,Outside Central Region,21,10,1,5,0,99,2014,92,7,0.0707070707070707,1,1,0,4,-0.8660254037844386,0.5000000000000001,755730.2277674194
KI RESIDENCES AT BROOKVALE,1194.8,BROOKVALE DRIVE,New Sale,Strata,Condominium,1.0,21.0,Outside Central Region,21,5,6,10,0,999,1885,863,136,0.13613613613613615,1,0,0,2,0.49999999999999994,-0.8660254037844387,2143944.2101299046
THE TANAMERA,1323.97,TANAH MERAH KECHIL ROAD,Resale,Strata,Condominium,1.0,16.0,Outside Central Region,20,11,6,10,0,99,1990,69,30,0.30303030303030304,2,1,1,4,-0.5000000000000004,0.8660254037844384,1214759.1291595278
RIVERSAILS,1044.11,UPPER SERANGOON CRESCENT,Resale,Strata,Condominium,1.0,19.0,Outside Central Region,24,2,1,5,0,99,2011,86,13,0.13131313131313133,1,0,0,1,0.8660254037844386,0.5000000000000001,1353819.1771470497
NORMANTON PARK,656.6,NORMANTON PARK,New Sale,Strata,Apartment,1.0,5.0,Rest of Central Region,21,1,21,25,0,99,2019,97,2,0.020202020202020204,1,0,0,1,0.49999999999999994,0.8660254037844387,1167273.8286943224
JERVOIS JADE,1140.98,JERVOIS CLOSE,Resale,Strata,Apartment,1.0,10.0,Core Central Region,23,6,6,10,0,99,1998,74,25,0.25252525252525254,2,0,0,2,1.2246467991473532e-16,-1.0,1964796.9591680989
AMBER PARK,699.66,AMBER GARDENS,New Sale,Strata,Condominium,1.0,15.0,Rest of Central Region,21,6,1,5,1,9999,0,9999,0,0.0,0,0,0,2,1.2246467991473532e-16,-1.0,1663336.9558193611
AMBER RESIDENCES,1162.51,AMBER ROAD,Resale,Strata,Condominium,1.0,15.0,Rest of Central Region,21,10,16,20,1,9999,0,9999,0,0.0,0,1,0,4,-0.8660254037844386,0.5000000000000001,2315001.498480812
FORETT@BUKIT TIMAH,570.49,TOH TUCK ROAD,New Sale,Strata,Apartment,1.0,21.0,Rest of Central Region,20,10,6,10,1,9999,0,9999,0,0.0,0,1,0,4,-0.8660254037844386,0.5000000000000001,1174518.788188905
YISHUN EMERALD,1399.32,CANBERRA DRIVE,Resale,Strata,Condominium,1.0,27.0,Outside Central Region,20,10,6,10,0,99,1998,77,22,0.2222222222222222,2,1,0,4,-0.8660254037844386,0.5000000000000001,1023087.8732589603
THE AVENIR,1140.98,RIVER VALLEY CLOSE,Sub Sale,Strata,Condominium,1.0,9.0,Core Central Region,24,12,1,5,1,9999,0,9999,0,0.0,0,0,0,4,-2.4492935982947064e-16,1.0,3572934.6025812784
BRADDELL VIEW,1700.71,BRADDELL HILL,Resale,Strata,Apartment,1.0,20.0,Rest of Central Region,20,11,11,15,0,103,1977,60,43,0.4174757281553398,2,1,1,4,-0.5000000000000004,0.8660254037844384,1462085.9647897566
GROSVENOR VIEW,1539.25,LENGKONG EMPAT,Resale,Strata,Condominium,1.0,14.0,Outside Central Region,21,3,6,10,1,9999,0,9999,0,0.0,0,0,0,1,1.0,6.123233995736766e-17,1454338.7852873118
THE WOODLEIGH RESIDENCES,958.0,BIDADARI PARK DRIVE,New Sale,Strata,Apartment,1.0,13.0,Rest of Central Region,20,9,6,10,0,99,2017,96,3,0.030303030303030304,1,0,0,3,-1.0,-1.8369701987210297e-16,1888396.7009324778
THE YARDLEY,1270.15,UPPER SERANGOON ROAD,Resale,Strata,Apartment,1.0,19.0,Outside Central Region,24,1,11,15,1,9999,0,9999,0,0.0,0,0,0,1,0.49999999999999994,0.8660254037844387,2146989.2409624886
HILLHAVEN,1011.82,HILLVIEW RISE,New Sale,Strata,Condominium,1.0,23.0,Outside Central Region,24,9,16,20,0,99,2023,98,1,0.010101010101010102,1,0,0,3,-1.0,-1.8369701987210297e-16,2123119.4626192725
TEMBUSU GRAND,1173.28,JALAN TEMBUSU,New Sale,Strata,Condominium,1.0,15.0,Rest of Central Region,24,11,11,15,0,99,2022,97,2,0.020202020202020204,1,1,1,4,-0.5000000000000004,0.8660254037844384,2927222.777284618
THE RED HOUSE,753.48,EAST COAST ROAD,Resale,Strata,Apartment,1.0,15.0,Rest of Central Region,24,10,1,5,0,99,2012,87,12,0.12121212121212122,1,1,0,4,-0.8660254037844386,0.5000000000000001,1301481.6627491298
EMERALD OF KATONG,1151.75,JALAN TEMBUSU,New Sale,Strata,Condominium,1.0,15.0,Rest of Central Region,24,11,1,5,0,99,2023,98,1,0.010101010101010102,1,1,1,4,-0.5000000000000004,0.8660254037844384,2801853.2632344593
NORTHVALE,1356.26,CHOA CHU KANG LOOP,Resale,Strata,Apartment,1.0,23.0,Outside Central Region,22,9,1,5,0,99,1995,72,27,0.2727272727272727,2,0,0,3,-1.0,-1.8369701987210297e-16,1262337.1471280714
EIGHT COURTYARDS,1087.16,CANBERRA DRIVE,Resale,Strata,Condominium,1.0,27.0,Outside Central Region,20,10,6,10,0,99,2010,89,10,0.10101010101010101,1,1,0,4,-0.8660254037844386,0.5000000000000001,1002814.7688388492
MEYER MANSION,1722.24,MEYER ROAD,New Sale,Strata,Apartment,1.0,15.0,Rest of Central Region,20,11,11,15,1,9999,0,9999,0,0.0,0,1,1,4,-0.5000000000000004,0.8660254037844384,4277121.586057929
PARC ESTA,1022.58,SIMS AVENUE,New Sale,Strata,Apartment,1.0,14.0,Rest of Central Region,21,6,1,5,0,99,2018,96,3,0.030303030303030304,1,0,0,2,1.2246467991473532e-16,-1.0,1771766.8244730916
AMBER PARK,947.23,AMBER GARDENS,New Sale,Strata,Condominium,1.0,15.0,Rest of Central Region,21,7,11,15,1,9999,0,9999,0,0.0,0,0,0,3,-0.4999999999999998,-0.8660254037844388,2377532.6636743452
HIGH STREET CENTRE,527.44,NORTH BRIDGE ROAD,Resale,Strata,Apartment,1.0,6.0,Core Central Region,22,1,21,25,0,99,1969,46,53,0.5353535353535354,3,0,0,1,0.49999999999999994,0.8660254037844387,1068316.3133296145
28 RC SUITES,441.32,RACE COURSE LANE,Resale,Strata,Apartment,1.0,8.0,Rest of Central Region,23,2,1,5,1,9999,0,9999,0,0.0,0,0,0,1,0.8660254037844386,0.5000000000000001,724401.5196134201
ROYALGREEN,667.37,ANAMALAI AVENUE,New Sale,Strata,Condominium,1.0,10.0,Core Central Region,21,11,1,5,1,9999,0,9999,0,0.0,0,1,1,4,-0.5000000000000004,0.8660254037844384,1817050.8932863993
THE SUNNY SPRING,1022.58,LORONG 40 GEYLANG,Resale,Strata,Apartment,1.0,14.0,Rest of Central Region,23,5,1,5,1,9999,0,9999,0,0.0,0,0,0,2,0.49999999999999994,-0.8660254037844387,1522730.2303914877
CLAVON,764.24,CLEMENTI AVENUE 1,New Sale,Strata,Apartment,1.0,5.0,Outside Central Region,20,12,16,20,0,99,2019,98,1,0.010101010101010102,1,0,0,4,-2.4492935982947064e-16,1.0,1250813.81492754
BARTLEY RIDGE,1302.44,MOUNT VERNON ROAD,Resale,Strata,Condominium,1.0,13.0,Rest of Central Region,23,10,6,10,0,99,2012,88,11,0.1111111111111111,1,1,0,4,-0.8660254037844386,0.5000000000000001,2236141.3243868807
H2O RESIDENCES,1194.8,FERNVALE LINK,Resale,Strata,Condominium,1.0,28.0,Outside Central Region,21,8,6,10,0,99,2010,88,11,0.1111111111111111,1,0,0,3,-0.8660254037844384,-0.5000000000000004,1274963.6130190003
TANGLIN VIEW,1140.98,PRINCE CHARLES CRESCENT,Resale,Strata,Condominium,1.0,3.0,Rest of Central Region,21,7,11,15,0,99,1997,75,24,0.24242424242424243,2,0,0,3,-0.4999999999999998,-0.8660254037844388,1643103.7553443706
THE REEF AT KING'S DOCK,1248.62,HARBOURFRONT AVENUE,New Sale,Strata,Condominium,1.0,4.0,Rest of Central Region,23,12,1,5,0,99,2021,97,2,0.020202020202020204,1,0,0,4,-2.4492935982947064e-16,1.0,3130796.7008271227
LENTOR HILLS RESIDENCES,484.38,LENTOR HILLS ROAD,New Sale,Strata,Apartment,1.0,26.0,Outside Central Region,23,7,11,15,0,99,2022,98,1,0.010101010101010102,1,0,0,3,-0.4999999999999998,-0.8660254037844388,1124865.3591010661
PARC CLEMATIS,990.29,JALAN LEMPENG,New Sale,Strata,Apartment,1.0,5.0,Outside Central Region,21,2,6,10,0,99,2019,97,2,0.020202020202020204,1,0,0,1,0.8660254037844386,0.5000000000000001,1636851.0764847337
WATERVIEW,1528.49,TAMPINES AVENUE 1,Resale,Strata,Condominium,1.0,18.0,Outside Central Region,21,10,1,5,0,99,2010,88,11,0.1111111111111111,1,1,0,4,-0.8660254037844386,0.5000000000000001,1474718.13895202
THE INFLORA,473.62,FLORA DRIVE,Resale,Strata,Condominium,1.0,17.0,Outside Central Region,23,1,1,5,0,99,2012,88,11,0.1111111111111111,1,0,0,1,0.49999999999999994,0.8660254037844387,635517.7335965488
THE ARMADALE,678.13,GILSTEAD ROAD,Resale,Strata,Apartment,1.0,11.0,Core Central Region,22,1,1,5,1,9999,0,9999,0,0.0,0,0,0,1,0.49999999999999994,0.8660254037844387,1174595.270042857
TREASURE AT TAMPINES,914.94,TAMPINES LANE,New Sale,Strata,Condominium,1.0,18.0,Outside Central Region,21,7,6,10,0,99,2018,96,3,0.030303030303030304,1,0,0,3,-0.4999999999999998,-0.8660254037844388,1312056.3965080893
LA FIESTA,839.59,SENGKANG SQUARE,Resale,Strata,Condominium,1.0,19.0,Outside Central Region,24,12,1,5,0,99,2012,87,12,0.12121212121212122,1,0,0,4,-2.4492935982947064e-16,1.0,1258680.9838733445
RESIDENTIAL APARTMENTS,1173.28,JALAN ARUAN,Resale,Strata,Apartment,1.0,9.0,Core Central Region,23,5,1,5,0,999,1979,955,44,0.044044044044044044,1,0,0,2,0.49999999999999994,-0.8660254037844387,1784210.057634531
WATERBANK AT DAKOTA,624.31,DAKOTA CRESCENT,Resale,Strata,Condominium,1.0,14.0,Rest of Central Region,21,12,11,15,0,99,2009,87,12,0.12121212121212122,1,0,0,4,-2.4492935982947064e-16,1.0,1084195.0175170535
THE MINTON,1087.16,HOUGANG STREET 11,Resale,Strata,Condominium,1.0,19.0,Outside Central Region,23,8,11,15,0,99,2007,83,16,0.16161616161616163,1,0,0,3,-0.8660254037844384,-0.5000000000000004,1565907.5572074424
RV POINT,355.21,RIVER VALLEY ROAD,Resale,Strata,Apartment,1.0,9.0,Core Central Region,20,10,1,5,0,999,1841,820,179,0.17917917917917917,1,1,0,4,-0.8660254037844386,0.5000000000000001,756062.0017223953
CHANGI RISE CONDOMINIUM,1022.58,SIMEI RISE,Resale,Strata,Condominium,1.0,18.0,Outside Central Region,21,2,1,5,0,99,2000,78,21,0.21212121212121213,2,0,0,1,0.8660254037844386,0.5000000000000001,809605.9294436445
RIVIERE,818.06,JIAK KIM STREET,New Sale,Strata,Apartment,1.0,3.0,Rest of Central Region,22,11,31,35,0,99,2018,95,4,0.04040404040404041,1,1,1,4,-0.5000000000000004,0.8660254037844384,2493129.7610672265
THE GLADES,721.19,BEDOK RISE,Resale,Strata,Condominium,1.0,16.0,Outside Central Region,22,7,6,10,0,99,2013,90,9,0.09090909090909091,1,0,0,3,-0.4999999999999998,-0.8660254037844388,1119921.4909347014
THE LEGEND,1485.43,BUKIT TIMAH ROAD,Resale,Strata,Condominium,1.0,10.0,Core Central Region,21,4,11,15,1,9999,0,9999,0,0.0,0,0,0,2,0.8660254037844387,-0.49999999999999983,2735917.1078637782
THE COMMODORE,1184.04,CANBERRA DRIVE,New Sale,Strata,Condominium,1.0,27.0,Outside Central Region,21,11,1,5,0,99,2020,98,1,0.010101010101010102,1,1,1,4,-0.5000000000000004,0.8660254037844384,1716970.322037131
L'VIV,613.55,NEWTON ROAD,Resale,Strata,Apartment,1.0,11.0,Core Central Region,21,7,26,30,1,9999,0,9999,0,0.0,0,0,0,3,-0.4999999999999998,-0.8660254037844388,1291107.322843843
THE CREEK @ BUKIT,1001.05,TOH TUCK ROAD,Resale,Strata,Condominium,1.0,21.0,Rest of Central Region,21,4,1,5,1,9999,0,9999,0,0.0,0,0,0,2,0.8660254037844387,-0.49999999999999983,1393741.6893721195
THE SCALA,893.41,SERANGOON AVENUE 3,Resale,Strata,Apartment,1.0,19.0,Outside Central Region,21,12,6,10,0,99,2010,88,11,0.1111111111111111,1,0,0,4,-2.4492935982947064e-16,1.0,1310375.049664068
TREASURE AT TAMPINES,1270.15,TAMPINES LANE,New Sale,Strata,Condominium,1.0,18.0,Outside Central Region,21,12,6,10,0,99,2018,96,3,0.030303030303030304,1,0,0,4,-2.4492935982947064e-16,1.0,1860606.7326362957
WATERVIEW,785.77,TAMPINES AVENUE 1,Resale,Strata,Condominium,1.0,18.0,Outside Central Region,22,10,1,5,0,99,2010,87,12,0.12121212121212122,1,1,0,4,-0.8660254037844386,0.5000000000000001,930940.494553633
PARC BOTANNIA,581.26,FERNVALE STREET,Sub Sale,Strata,Condominium,1.0,28.0,Outside Central Region,22,2,6,10,0,99,2016,93,6,0.06060606060606061,1,0,0,1,0.8660254037844386,0.5000000000000001,846218.8662069674
THE AVENIR,807.3,RIVER VALLEY CLOSE,New Sale,Strata,Condominium,1.0,9.0,Core Central Region,22,1,21,25,1,9999,0,9999,0,0.0,0,0,0,1,0.49999999999999994,0.8660254037844387,2524833.7571904794
NAVA GROVE,624.31,PINE GROVE,New Sale,Strata,Condominium,1.0,21.0,Rest of Central Region,24,11,16,20,0,99,2024,99,0,0.0,1,1,1,4,-0.5000000000000004,0.8660254037844384,1592297.7747663695
GRANGE RESIDENCES,2852.46,GRANGE ROAD,Resale,Strata,Condominium,1.0,10.0,Core Central Region,21,3,6,10,1,9999,0,9999,0,0.0,0,0,0,1,1.0,6.123233995736766e-17,7824437.266960722
RV ALTITUDE,624.31,RIVER VALLEY ROAD,New Sale,Strata,Apartment,1.0,9.0,Core Central Region,20,9,6,10,1,9999,0,9999,0,0.0,0,0,0,3,-1.0,-1.8369701987210297e-16,1715583.6185739143
COMMONWEALTH TOWERS,473.62,COMMONWEALTH AVENUE,Resale,Strata,Condominium,1.0,3.0,Rest of Central Region,22,10,26,30,0,99,2013,90,9,0.09090909090909091,1,1,0,4,-0.8660254037844386,0.5000000000000001,936143.0027492633
CARISSA PARK CONDOMINIUM,1646.89,FLORA DRIVE,Resale,Strata,Condominium,1.0,17.0,Outside Central Region,23,11,1,5,1,9999,0,9999,0,0.0,0,1,1,4,-0.5000000000000004,0.8660254037844384,1891276.2439163295
CUSCADEN RESERVE,936.47,CUSCADEN ROAD,Resale,Strata,Condominium,1.0,10.0,Core Central Region,24,8,11,15,0,99,2018,93,6,0.06060606060606061,1,0,0,3,-0.8660254037844384,-0.5000000000000004,2782526.736894401
NORMANTON PARK,667.37,NORMANTON PARK,New Sale,Strata,Apartment,1.0,5.0,Rest of Central Region,21,1,6,10,0,99,2019,97,2,0.020202020202020204,1,0,0,1,0.49999999999999994,0.8660254037844387,1187862.3263922944
SKY VUE,807.3,BISHAN STREET 15,Resale,Strata,Condominium,1.0,20.0,Rest of Central Region,22,9,16,20,0,99,2013,90,9,0.09090909090909091,1,0,0,3,-1.0,-1.8369701987210297e-16,1483775.1415729732
NORMANTON PARK,1194.8,NORMANTON PARK,New Sale,Strata,Apartment,1.0,5.0,Rest of Central Region,21,1,16,20,0,99,2019,97,2,0.020202020202020204,1,0,0,1,0.49999999999999994,0.8660254037844387,2004678.610399056
THE LANDMARK,753.48,CHIN SWEE ROAD,New Sale,Strata,Condominium,1.0,3.0,Rest of Central Region,21,5,11,15,0,99,2020,98,1,0.010101010101010102,1,0,0,2,0.49999999999999994,-0.8660254037844387,1572898.0382819476
THE MINTON,1087.16,HOUGANG STREET 11,Resale,Strata,Condominium,1.0,19.0,Outside Central Region,23,10,6,10,0,99,2007,83,16,0.16161616161616163,1,1,0,4,-0.8660254037844386,0.5000000000000001,1543113.3124667557
NORMANTON PARK,667.37,NORMANTON PARK,New Sale,Strata,Apartment,1.0,5.0,Rest of Central Region,21,5,6,10,0,99,2019,97,2,0.020202020202020204,1,0,0,2,0.49999999999999994,-0.8660254037844387,1211895.135165506
368 THOMSON,871.88,THOMSON ROAD,Resale,Strata,Condominium,1.0,11.0,Core Central Region,22,2,16,20,1,9999,0,9999,0,0.0,0,0,0,1,0.8660254037844386,0.5000000000000001,1459344.2019838542
THE GRANGE,1765.3,GRANGE GARDEN,Resale,Strata,Condominium,1.0,10.0,Core Central Region,21,4,11,15,1,9999,0,9999,0,0.0,0,0,0,2,0.8660254037844387,-0.49999999999999983,3877351.108957173
PENROSE,1388.56,SIMS DRIVE,New Sale,Strata,Apartment,1.0,14.0,Rest of Central Region,21,10,11,15,0,99,2019,97,2,0.020202020202020204,1,1,0,4,-0.8660254037844386,0.5000000000000001,2376344.459841927
THE SANTORINI,1151.75,TAMPINES STREET 86,Resale,Strata,Condominium,1.0,18.0,Outside Central Region,23,5,11,15,0,99,2013,89,10,0.10101010101010101,1,0,0,2,0.49999999999999994,-0.8660254037844387,1598309.932257278
THE RESERVE RESIDENCES,731.95,JALAN ANAK BUKIT,New Sale,Strata,Apartment,1.0,21.0,Rest of Central Region,23,5,6,10,0,99,2021,97,2,0.020202020202020204,1,0,0,2,0.49999999999999994,-0.8660254037844387,1767848.4485530318
THE RESERVE RESIDENCES,1313.21,JALAN ANAK BUKIT,New Sale,Strata,Apartment,1.0,21.0,Rest of Central Region,23,5,11,15,0,99,2021,97,2,0.020202020202020204,1,0,0,2,0.49999999999999994,-0.8660254037844387,3188048.016270968
ONE-NORTH EDEN,1399.32,SLIM BARRACKS RISE,New Sale,Strata,Apartment,1.0,5.0,Rest of Central Region,21,11,11,15,0,99,2019,97,2,0.020202020202020204,1,1,1,4,-0.5000000000000004,0.8660254037844384,2816977.5550170615
THE JOVELL,635.08,FLORA DRIVE,New Sale,Strata,Condominium,1.0,17.0,Outside Central Region,20,11,1,5,0,99,2018,97,2,0.020202020202020204,1,1,1,4,-0.5000000000000004,0.8660254037844384,823709.6961563273
QUBE SUITES,430.56,JALAN PUNAI,Resale,Strata,Apartment,1.0,14.0,Outside Central Region,23,11,1,5,1,9999,0,9999,0,0.0,0,1,1,4,-0.5000000000000004,0.8660254037844384,720850.5091561454
OLEANDER TOWERS,1151.75,LORONG 1 TOA PAYOH,Resale,Strata,Apartment,1.0,12.0,Rest of Central Region,20,9,11,15,0,99,1995,74,25,0.25252525252525254,2,0,0,3,-1.0,-1.8369701987210297e-16,1369736.4158130959
WATERVIEW,979.52,TAMPINES AVENUE 1,Resale,Strata,Condominium,1.0,18.0,Outside Central Region,24,4,1,5,0,99,2010,85,14,0.1414141414141414,1,0,0,2,0.8660254037844387,-0.49999999999999983,1243203.2647188762
PARC BOTANNIA,581.26,FERNVALE STREET,Sub Sale,Strata,Condominium,1.0,28.0,Outside Central Region,22,2,11,15,0,99,2016,93,6,0.06060606060606061,1,0,0,1,0.8660254037844386,0.5000000000000001,847336.9013598472
THE INTERWEAVE,376.74,KIM KEAT ROAD,Resale,Strata,Apartment,1.0,12.0,Rest of Central Region,23,10,16,20,1,9999,0,9999,0,0.0,0,1,0,4,-0.8660254037844386,0.5000000000000001,667511.3272750281
THE LUMOS,2432.66,LEONIE HILL,Resale,Strata,Apartment,1.0,9.0,Core Central Region,21,10,6,10,1,9999,0,9999,0,0.0,0,1,0,4,-0.8660254037844386,0.5000000000000001,5033939.411127835
CANNINGHILL PIERS,807.3,CLARKE QUAY,New Sale,Strata,Apartment,1.0,6.0,Rest of Central Region,21,11,1,5,0,99,2021,99,0,0.0,1,1,1,4,-0.5000000000000004,0.8660254037844384,2247817.7773846434
THE RESERVE RESIDENCES,441.32,JALAN ANAK BUKIT,New Sale,Strata,Apartment,1.0,21.0,Rest of Central Region,23,5,11,15,0,99,2021,97,2,0.020202020202020204,1,0,0,2,0.49999999999999994,-0.8660254037844387,1166368.2566285273
THE BENCOOLEN,850.36,BENCOOLEN STREET,Resale,Strata,Apartment,1.0,7.0,Rest of Central Region,23,6,11,15,0,99,1995,71,28,0.2828282828282828,2,0,0,2,1.2246467991473532e-16,-1.0,1379197.7279368544
THE PALETTE,1151.75,PASIR RIS GROVE,Resale,Strata,Condominium,1.0,18.0,Outside Central Region,20,10,1,5,0,99,2010,89,10,0.10101010101010101,1,1,0,4,-0.8660254037844386,0.5000000000000001,1107856.4304496045
ECHELON,1291.68,ALEXANDRA VIEW,Resale,Strata,Condominium,1.0,3.0,Rest of Central Region,21,3,36,40,0,99,2012,90,9,0.09090909090909091,1,0,0,1,1.0,6.123233995736766e-17,2074258.9483146325
TREASURE AT TAMPINES,462.85,TAMPINES LANE,Resale,Strata,Condominium,1.0,18.0,Outside Central Region,24,10,6,10,0,99,2018,93,6,0.06060606060606061,1,1,0,4,-0.8660254037844386,0.5000000000000001,804105.6918351944
THE M,527.44,MIDDLE ROAD,Resale,Strata,Apartment,1.0,7.0,Core Central Region,24,8,6,10,0,99,2019,94,5,0.050505050505050504,1,0,0,3,-0.8660254037844384,-0.5000000000000004,1210164.1003777669
STIRLING RESIDENCES,979.52,STIRLING ROAD,Resale,Strata,Apartment,1.0,3.0,Rest of Central Region,23,8,21,25,0,99,2017,93,6,0.06060606060606061,1,0,0,3,-0.8660254037844384,-0.5000000000000004,2127049.1912475317
D'NEST,753.48,PASIR RIS GROVE,Resale,Strata,Condominium,1.0,18.0,Outside Central Region,24,7,6,10,0,99,2010,85,14,0.1414141414141414,1,0,0,3,-0.4999999999999998,-0.8660254037844388,1096189.1472801678
TANAMERA CREST,871.88,PARI DEDAP WALK,Resale,Strata,Condominium,1.0,16.0,Outside Central Region,21,9,1,5,0,99,2000,78,21,0.21212121212121213,2,0,0,3,-1.0,-1.8369701987210297e-16,845229.213727487
THE LAURELS,1313.21,CAIRNHILL ROAD,Resale,Strata,Condominium,1.0,9.0,Core Central Region,22,7,11,15,1,9999,0,9999,0,0.0,0,0,0,3,-0.4999999999999998,-0.8660254037844388,3517062.6145139253
VISIONCREST,947.23,OXLEY RISE,Resale,Strata,Apartment,1.0,9.0,Core Central Region,23,6,1,5,1,9999,0,9999,0,0.0,0,0,0,2,1.2246467991473532e-16,-1.0,2100743.821538873
REGENT PARK,1194.8,JALAN LEMPENG,Resale,Strata,Condominium,1.0,5.0,Outside Central Region,24,2,6,10,0,99,1993,68,31,0.31313131313131315,2,0,0,1,0.8660254037844386,0.5000000000000001,1685192.2764285977
TREASURE AT TAMPINES,592.02,TAMPINES LANE,Resale,Strata,Condominium,1.0,18.0,Outside Central Region,24,4,6,10,0,99,2018,93,6,0.06060606060606061,1,0,0,2,0.8660254037844387,-0.49999999999999983,957284.7861941227
AFFINITY AT SERANGOON,1151.75,SERANGOON NORTH AVENUE 1,Sub Sale,Strata,Apartment,1.0,19.0,Outside Central Region,24,10,11,15,0,99,2018,93,6,0.06060606060606061,1,1,0,4,-0.8660254037844386,0.5000000000000001,2131369.198219762
FERRARIA PARK CONDOMINIUM,1571.54,FLORA DRIVE,Resale,Strata,Condominium,1.0,17.0,Outside Central Region,23,6,6,10,1,9999,0,9999,0,0.0,0,0,0,2,1.2246467991473532e-16,-1.0,1753777.8412004772
THE MARBELLA,1754.53,MOUNT SINAI RISE,Resale,Strata,Condominium,1.0,10.0,Core Central Region,20,11,21,25,1,9999,0,9999,0,0.0,0,1,1,4,-0.5000000000000004,0.8660254037844384,3117580.2909098887
MORI,710.42,GUILLEMARD ROAD,New Sale,Strata,Apartment,1.0,14.0,Rest of Central Region,21,12,6,10,1,9999,0,9999,0,0.0,0,0,0,4,-2.4492935982947064e-16,1.0,1347652.9775420418
BUONA VISTA GARDENS,1280.92,ZEHNDER ROAD,Resale,Strata,Condominium,1.0,5.0,Rest of Central Region,22,3,1,5,1,9999,0,9999,0,0.0,0,0,0,1,1.0,6.123233995736766e-17,1743396.91854192
ORION,1506.96,ORANGE GROVE ROAD,Resale,Strata,Apartment,1.0,10.0,Core Central Region,23,10,16,20,1,9999,0,9999,0,0.0,0,1,0,4,-0.8660254037844386,0.5000000000000001,3497826.6310147666
QUEENS PEAK,624.31,DUNDEE ROAD,Resale,Strata,Condominium,1.0,3.0,Rest of Central Region,24,4,6,10,0,99,2015,90,9,0.09090909090909091,1,0,0,2,0.8660254037844387,-0.49999999999999983,1280376.8621396706
THE M,742.72,MIDDLE ROAD,New Sale,Strata,Apartment,1.0,7.0,Core Central Region,22,4,16,20,0,99,2019,96,3,0.030303030303030304,1,0,0,2,0.8660254037844387,-0.49999999999999983,2081405.2440252195
TREASURE AT TAMPINES,850.36,TAMPINES LANE,New Sale,Strata,Condominium,1.0,18.0,Outside Central Region,20,10,6,10,0,99,2018,97,2,0.020202020202020204,1,1,0,4,-0.8660254037844386,0.5000000000000001,1166447.4854118393
REGENTVILLE,1151.75,HOUGANG STREET 92,Resale,Strata,Apartment,1.0,19.0,Outside Central Region,23,4,11,15,0,99,1996,72,27,0.2727272727272727,2,0,0,2,0.8660254037844387,-0.49999999999999983,1187319.1005207251
THE MAYLEA,1140.98,PASIR PANJANG ROAD,Resale,Strata,Condominium,1.0,5.0,Rest of Central Region,20,8,1,5,1,9999,0,9999,0,0.0,0,0,0,3,-0.8660254037844384,-0.5000000000000004,1338258.2361818815
KI RESIDENCES AT BROOKVALE,1259.39,BROOKVALE DRIVE,Sub Sale,Strata,Condominium,1.0,21.0,Outside Central Region,23,2,1,5,0,999,1885,861,138,0.13813813813813813,1,0,0,1,0.8660254037844386,0.5000000000000001,2610901.364013074
KASSIA,473.62,FLORA DRIVE,New Sale,Strata,Condominium,1.0,17.0,Outside Central Region,24,7,6,10,1,9999,0,9999,0,0.0,0,0,0,3,-0.4999999999999998,-0.8660254037844388,984917.90496373
KING'S MANSION,1808.35,AMBER GARDENS,Resale,Strata,Condominium,1.0,15.0,Rest of Central Region,23,6,16,20,1,9999,0,9999,0,0.0,0,0,0,2,1.2246467991473532e-16,-1.0,3759410.874705395
GRAND DUNMAN,667.37,DUNMAN ROAD,New Sale,Strata,Apartment,1.0,15.0,Rest of Central Region,23,7,6,10,0,99,2022,98,1,0.010101010101010102,1,0,0,3,-0.4999999999999998,-0.8660254037844388,1700729.7024704074
FORESQUE RESIDENCES,1711.48,PETIR ROAD,Resale,Strata,Condominium,1.0,23.0,Outside Central Region,23,7,1,5,0,99,2011,87,12,0.12121212121212122,1,0,0,3,-0.4999999999999998,-0.8660254037844388,2034004.6522606087
VARSITY PARK CONDOMINIUM,1797.59,WEST COAST ROAD,Resale,Strata,Condominium,1.0,5.0,Outside Central Region,23,11,1,5,0,99,2004,80,19,0.1919191919191919,1,1,1,4,-0.5000000000000004,0.8660254037844384,2499026.793943039
SYMPHONY SUITES,1022.58,YISHUN CLOSE,Resale,Strata,Condominium,1.0,27.0,Outside Central Region,22,12,1,5,0,99,2014,91,8,0.08080808080808081,1,0,0,4,-2.4492935982947064e-16,1.0,1196611.476498378
AMO RESIDENCE,1291.68,ANG MO KIO RISE,New Sale,Strata,Apartment,1.0,20.0,Outside Central Region,22,7,21,25,0,99,2021,98,1,0.010101010101010102,1,0,0,3,-0.4999999999999998,-0.8660254037844388,2820437.2417719364
THE TIER,548.96,PEGU ROAD,Resale,Strata,Apartment,1.0,12.0,Rest of Central Region,21,9,11,15,1,9999,0,9999,0,0.0,0,0,0,3,-1.0,-1.8369701987210297e-16,867490.9102769921
10 SHELFORD,462.85,SHELFORD ROAD,Resale,Strata,Apartment,1.0,11.0,Core Central Region,21,10,1,5,1,9999,0,9999,0,0.0,0,1,0,4,-0.8660254037844386,0.5000000000000001,829293.7061890782
COSTA ESTE,731.95,LORONG K TELOK KURAU,Resale,Strata,Apartment,1.0,15.0,Outside Central Region,21,1,1,5,1,9999,0,9999,0,0.0,0,0,0,1,0.49999999999999994,0.8660254037844387,927149.246494451
SIGLAP V,570.49,FIRST STREET,Resale,Strata,Apartment,1.0,15.0,Outside Central Region,21,1,1,5,1,9999,0,9999,0,0.0,0,0,0,1,0.49999999999999994,0.8660254037844387,722438.8206211003
WATERTOWN,602.78,PUNGGOL CENTRAL,Resale,Strata,Apartment,1.0,19.0,Outside Central Region,22,4,6,10,0,99,2011,88,11,0.1111111111111111,1,0,0,2,0.8660254037844387,-0.49999999999999983,890026.7231636236
BARTLEY RIDGE,979.52,MOUNT VERNON ROAD,Resale,Strata,Condominium,1.0,13.0,Rest of Central Region,21,6,11,15,0,99,2012,90,9,0.09090909090909091,1,0,0,2,1.2246467991473532e-16,-1.0,1460346.6529486289
CARDIFF RESIDENCE,419.8,CARDIFF GROVE,Resale,Strata,Condominium,1.0,19.0,Outside Central Region,21,10,1,5,0,99,2011,89,10,0.10101010101010101,1,1,0,4,-0.8660254037844386,0.5000000000000001,610769.4409094531
UE SQUARE,505.91,RIVER VALLEY ROAD,Resale,Strata,Apartment,1.0,9.0,Core Central Region,23,11,11,15,0,929,1953,859,70,0.07534983853606028,1,1,1,4,-0.5000000000000004,0.8660254037844384,1189392.1882529573
REGENT RESIDENCES,818.06,SERANGOON ROAD,Resale,Strata,Apartment,1.0,12.0,Rest of Central Region,22,2,21,25,1,9999,0,9999,0,0.0,0,0,0,1,0.8660254037844386,0.5000000000000001,1246466.5466114518
EON SHENTON,538.2,SHENTON WAY,Resale,Strata,Apartment,1.0,2.0,Core Central Region,23,12,26,30,0,99,2011,87,12,0.12121212121212122,1,0,0,4,-2.4492935982947064e-16,1.0,1176192.3734451728
MIDTOWN MODERN,592.02,TAN QUEE LAN STREET,New Sale,Strata,Apartment,1.0,7.0,Core Central Region,21,3,11,15,0,99,2019,97,2,0.020202020202020204,1,0,0,1,1.0,6.123233995736766e-17,1531954.5293129566
THE ARCADY AT BOON KENG,678.13,SAINT BARNABAS LANE,New Sale,Strata,Apartment,1.0,12.0,Rest of Central Region,24,1,16,20,1,9999,0,9999,0,0.0,0,0,0,1,0.49999999999999994,0.8660254037844387,1830856.8451468141
LENTOR HILLS RESIDENCES,753.48,LENTOR HILLS ROAD,New Sale,Strata,Apartment,1.0,26.0,Outside Central Region,23,7,1,5,0,99,2022,98,1,0.010101010101010102,1,0,0,3,-0.4999999999999998,-0.8660254037844388,1551390.4078376559
ORCHID PARK CONDOMINIUM,1248.62,YISHUN STREET 81,Resale,Strata,Condominium,1.0,27.0,Outside Central Region,21,4,6,10,0,99,1991,69,30,0.30303030303030304,2,0,0,2,0.8660254037844387,-0.49999999999999983,937003.8210772536
COMMONWEALTH TOWERS,441.32,COMMONWEALTH AVENUE,Resale,Strata,Condominium,1.0,3.0,Rest of Central Region,24,4,6,10,0,99,2013,88,11,0.1111111111111111,1,0,0,2,0.8660254037844387,-0.49999999999999983,918959.8629520773
RIVERFRONT RESIDENCES,516.67,HOUGANG AVENUE 7,Sub Sale,Strata,Apartment,1.0,19.0,Outside Central Region,24,1,16,20,0,99,2018,93,6,0.06060606060606061,1,0,0,1,0.49999999999999994,0.8660254037844387,819361.9901391951
THE TRILINQ,936.47,JALAN LEMPENG,Resale,Strata,Condominium,1.0,5.0,Outside Central Region,20,8,31,35,0,99,2012,91,8,0.08080808080808081,1,0,0,3,-0.8660254037844384,-0.5000000000000004,1437922.5581234342
PARC OLYMPIA,1646.89,FLORA DRIVE,Resale,Strata,Condominium,1.0,17.0,Outside Central Region,22,8,6,10,0,99,2012,89,10,0.10101010101010101,1,0,0,3,-0.8660254037844384,-0.5000000000000004,1637905.2439435315
THE HILLFORD,505.91,JALAN JURONG KECHIL,Resale,Strata,Apartment,1.0,21.0,Rest of Central Region,24,8,1,5,0,60,2013,49,11,0.18333333333333332,3,0,0,3,-0.8660254037844384,-0.5000000000000004,712784.4044909689
RV SUITES,538.2,RIVER VALLEY ROAD,Resale,Strata,Apartment,1.0,10.0,Core Central Region,21,9,1,5,1,9999,0,9999,0,0.0,0,0,0,3,-1.0,-1.8369701987210297e-16,950616.3773726781
DAIRY FARM RESIDENCES,1151.75,DAIRY FARM LANE,New Sale,Strata,Apartment,1.0,23.0,Outside Central Region,21,8,1,5,0,99,2018,96,3,0.030303030303030304,1,0,0,3,-0.8660254037844384,-0.5000000000000004,1737181.07482185
NAVA GROVE,699.66,PINE GROVE,New Sale,Strata,Condominium,1.0,21.0,Rest of Central Region,24,11,1,5,0,99,2024,99,0,0.0,1,1,1,4,-0.5000000000000004,0.8660254037844384,1693837.9565977703
THE LUSH,775.01,DUKU ROAD,Resale,Strata,Apartment,1.0,15.0,Rest of Central Region,21,12,1,5,1,9999,0,9999,0,0.0,0,0,0,4,-2.4492935982947064e-16,1.0,1250376.2817572604
REFLECTIONS AT KEPPEL BAY,2658.71,KEPPEL BAY VIEW,Resale,Strata,Condominium,1.0,4.0,Rest of Central Region,21,3,1,5,0,99,2006,84,15,0.15151515151515152,1,0,0,1,1.0,6.123233995736766e-17,4664311.447084916
PARC CLEMATIS,516.67,JALAN LEMPENG,Sub Sale,Strata,Apartment,1.0,5.0,Outside Central Region,24,4,21,25,0,99,2019,94,5,0.050505050505050504,1,0,0,2,0.8660254037844387,-0.49999999999999983,1006918.1922434488
MIDWOOD,699.66,HILLVIEW RISE,New Sale,Strata,Condominium,1.0,23.0,Outside Central Region,21,11,1,5,0,99,2018,96,3,0.030303030303030304,1,1,1,4,-0.5000000000000004,0.8660254037844384,1165825.538887536
VISIONCREST,699.66,OXLEY RISE,Resale,Strata,Apartment,1.0,9.0,Core Central Region,21,3,11,15,1,9999,0,9999,0,0.0,0,0,0,1,1.0,6.123233995736766e-17,1370368.5037286389
PERFECT TEN,1280.92,BUKIT TIMAH ROAD,New Sale,Strata,Apartment,1.0,10.0,Core Central Region,23,1,21,25,1,9999,0,9999,0,0.0,0,0,0,1,0.49999999999999994,0.8660254037844387,4161829.893387833
PATERSON RESIDENCE,1313.21,PATERSON ROAD,Resale,Strata,Condominium,1.0,9.0,Core Central Region,23,12,11,15,1,9999,0,9999,0,0.0,0,0,0,4,-2.4492935982947064e-16,1.0,3318011.068649695
REGENT PARK,979.52,JALAN LEMPENG,Resale,Strata,Condominium,1.0,5.0,Outside Central Region,24,12,1,5,0,99,1993,68,31,0.31313131313131315,2,0,0,4,-2.4492935982947064e-16,1.0,1224936.6906222969
THE HYDE,548.96,BALMORAL ROAD,New Sale,Strata,Condominium,1.0,10.0,Core Central Region,22,7,6,10,1,9999,0,9999,0,0.0,0,0,0,3,-0.4999999999999998,-0.8660254037844388,1618210.1475827822
PASIR RIS 8,710.42,PASIR RIS DRIVE 8,New Sale,Strata,Apartment,1.0,18.0,Outside Central Region,21,7,1,5,0,99,2021,99,0,0.0,1,0,0,3,-0.4999999999999998,-0.8660254037844388,1135098.3633971666
8@WOODLEIGH,1151.75,WOODLEIGH CLOSE,Resale,Strata,Condominium,1.0,13.0,Rest of Central Region,24,11,1,5,0,99,2008,83,16,0.16161616161616163,1,1,1,4,-0.5000000000000004,0.8660254037844384,2101290.06339312
TEMBUSU GRAND,1431.61,JALAN TEMBUSU,New Sale,Strata,Condominium,1.0,15.0,Rest of Central Region,24,10,16,20,0,99,2022,97,2,0.020202020202020204,1,1,0,4,-0.8660254037844386,0.5000000000000001,3597956.2701300518
BALMORAL POINT,2529.54,BALMORAL ROAD,Resale,Strata,Apartment,1.0,10.0,Core Central Region,21,11,1,5,1,9999,0,9999,0,0.0,0,1,1,4,-0.5000000000000004,0.8660254037844384,3067994.0391880125
PINETREE HILL,764.24,PINE GROVE,New Sale,Strata,Condominium,1.0,21.0,Rest of Central Region,24,10,16,20,0,99,2022,97,2,0.020202020202020204,1,1,0,4,-0.8660254037844386,0.5000000000000001,1952743.084296054
PARK COLONIAL,462.85,WOODLEIGH LANE,Resale,Strata,Condominium,1.0,13.0,Rest of Central Region,24,8,6,10,0,99,2017,92,7,0.0707070707070707,1,0,0,3,-0.8660254037844384,-0.5000000000000004,1026627.3692378392
THE FLORENCE RESIDENCES,624.31,HOUGANG AVENUE 2,New Sale,Strata,Apartment,1.0,19.0,Outside Central Region,20,9,1,5,0,99,2018,97,2,0.020202020202020204,1,0,0,3,-1.0,-1.8369701987210297e-16,987127.3447526086
HILLOCK GREEN,936.47,LENTOR CENTRAL,New Sale,Strata,Apartment,1.0,26.0,Outside Central Region,23,11,6,10,0,99,2022,98,1,0.010101010101010102,1,1,1,4,-0.5000000000000004,0.8660254037844384,2014018.2976045809
SENGKANG GRAND RESIDENCES,1011.82,COMPASSVALE BOW,New Sale,Strata,Apartment,1.0,19.0,Outside Central Region,21,11,6,10,0,99,2018,96,3,0.030303030303030304,1,1,1,4,-0.5000000000000004,0.8660254037844384,1790373.9609914364
V ON SHENTON,1517.72,SHENTON WAY,Resale,Strata,Apartment,1.0,1.0,Core Central Region,21,1,41,45,0,99,2011,89,10,0.10101010101010101,1,0,0,1,0.49999999999999994,0.8660254037844387,3021810.3996187993
LIV @ MB,516.67,ARTHUR ROAD,New Sale,Strata,Condominium,1.0,15.0,Rest of Central Region,22,5,16,20,0,99,2021,98,1,0.010101010101010102,1,0,0,2,0.49999999999999994,-0.8660254037844387,1313678.9950904923
URBAN TREASURES,656.6,JALAN EUNOS,New Sale,Strata,Condominium,1.0,14.0,Outside Central Region,21,8,1,5,1,9999,0,9999,0,0.0,0,0,0,3,-0.8660254037844384,-0.5000000000000004,1253352.5567677673
REGENT GROVE,1259.39,CHOA CHU KANG NORTH 7,Resale,Strata,Condominium,1.0,23.0,Outside Central Region,21,11,6,10,0,99,1997,75,24,0.24242424242424243,2,1,1,4,-0.5000000000000004,0.8660254037844384,969896.9311858473
HILLINGTON GREEN,1528.49,HILLVIEW AVENUE,Resale,Strata,Condominium,1.0,23.0,Outside Central Region,24,12,1,5,0,999,1883,858,141,0.14114114114114115,1,0,0,4,-2.4492935982947064e-16,1.0,2444441.286437563
GEYLANG HERITAGE,936.47,LORONG 34 GEYLANG,Resale,Strata,Apartment,1.0,14.0,Rest of Central Region,20,8,6,10,1,9999,0,9999,0,0.0,0,0,0,3,-0.8660254037844384,-0.5000000000000004,1019450.1434226177
FORETT@BUKIT TIMAH,721.19,TOH TUCK ROAD,New Sale,Strata,Apartment,1.0,21.0,Rest of Central Region,21,1,1,5,1,9999,0,9999,0,0.0,0,0,0,1,0.49999999999999994,0.8660254037844387,1448220.0915520042
TREASURE AT TAMPINES,678.13,TAMPINES LANE,New Sale,Strata,Condominium,1.0,18.0,Outside Central Region,21,1,6,10,0,99,2018,96,3,0.030303030303030304,1,0,0,1,0.49999999999999994,0.8660254037844387,991737.0247366038
THE TRILINQ,753.48,JALAN LEMPENG,Resale,Strata,Condominium,1.0,5.0,Outside Central Region,21,12,16,20,0,99,2012,90,9,0.09090909090909091,1,0,0,4,-2.4492935982947064e-16,1.0,1205335.2116760584
NORTHVALE,1087.16,CHOA CHU KANG LOOP,Resale,Strata,Apartment,1.0,23.0,Outside Central Region,21,7,6,10,0,99,1995,73,26,0.26262626262626265,2,0,0,3,-0.4999999999999998,-0.8660254037844388,870362.7449321419
MANDARIN GARDENS,1571.54,SIGLAP ROAD,Resale,Strata,Condominium,1.0,15.0,Outside Central Region,21,9,1,5,0,99,1982,60,39,0.3939393939393939,2,0,0,3,-1.0,-1.8369701987210297e-16,1807585.9830801222
THE VENUE RESIDENCES,505.91,TAI THONG CRESCENT,Resale,Strata,Apartment,1.0,13.0,Rest of Central Region,22,12,6,10,0,99,2012,89,10,0.10101010101010101,1,0,0,4,-2.4492935982947064e-16,1.0,905673.6755082858
VIZ AT HOLLAND,1108.69,QUEENSWAY,Resale,Strata,Condominium,1.0,10.0,Core Central Region,23,8,6,10,1,9999,0,9999,0,0.0,0,0,0,3,-0.8660254037844384,-0.5000000000000004,2126936.1050023586
MARINA BAY RESIDENCES,1130.22,MARINA BOULEVARD,Resale,Strata,Condominium,1.0,1.0,Core Central Region,21,4,31,35,0,99,2005,83,16,0.16161616161616163,1,0,0,2,0.8660254037844387,-0.49999999999999983,2491538.476790618
THE HILLFORD,505.91,JALAN JURONG KECHIL,Resale,Strata,Apartment,1.0,21.0,Rest of Central Region,21,3,1,5,0,60,2013,52,8,0.13333333333333333,3,0,0,1,1.0,6.123233995736766e-17,593425.540313147
IRWELL HILL RESIDENCES,1582.31,IRWELL HILL,New Sale,Strata,Apartment,1.0,9.0,Core Central Region,22,6,26,30,0,99,2020,97,2,0.020202020202020204,1,0,0,2,1.2246467991473532e-16,-1.0,4365251.118192599
MARINA ONE RESIDENCES,667.37,MARINA WAY,Resale,Strata,Apartment,1.0,1.0,Core Central Region,21,3,21,25,0,99,2011,89,10,0.10101010101010101,1,0,0,1,1.0,6.123233995736766e-17,1627393.3880360087
THE MINTON,1108.69,HOUGANG STREET 11,Resale,Strata,Condominium,1.0,19.0,Outside Central Region,24,5,6,10,0,99,2007,82,17,0.1717171717171717,1,0,0,2,0.49999999999999994,-0.8660254037844387,1686807.4449780802
FOURTH AVENUE RESIDENCES,914.94,FOURTH AVENUE,New Sale,Strata,Apartment,1.0,10.0,Core Central Region,21,11,1,5,0,99,2018,96,3,0.030303030303030304,1,1,1,4,-0.5000000000000004,0.8660254037844384,2237593.3553858097
THE VISION,1313.21,WEST COAST CRESCENT,Resale,Strata,Condominium,1.0,5.0,Outside Central Region,22,11,16,20,0,99,2008,85,14,0.1414141414141414,1,1,1,4,-0.5000000000000004,0.8660254037844384,1860473.0546910171
ONE HOLLAND VILLAGE RESIDENCES,1097.93,HOLLAND VILLAGE WAY,New Sale,Strata,Apartment,1.0,10.0,Core Central Region,22,8,11,15,0,99,2018,95,4,0.04040404040404041,1,0,0,3,-0.8660254037844384,-0.5000000000000004,2910569.215092005
ROYALE MANSIONS,1173.28,PULASAN ROAD,Resale,Strata,Apartment,1.0,15.0,Rest of Central Region,21,6,1,5,1,9999,0,9999,0,0.0,0,0,0,2,1.2246467991473532e-16,-1.0,1293543.4232024832
CASA MERAH,1227.1,TANAH MERAH KECHIL AVENUE,Resale,Strata,Apartment,1.0,16.0,Outside Central Region,20,8,1,5,0,99,2006,85,14,0.1414141414141414,1,0,0,3,-0.8660254037844384,-0.5000000000000004,1278572.281679674
NAUNG RESIDENCE,538.2,JALAN NAUNG,Resale,Strata,Apartment,1.0,19.0,Outside Central Region,23,8,1,5,0,999,1883,859,140,0.14014014014014015,1,0,0,3,-0.8660254037844384,-0.5000000000000004,834066.8049128652
PARK EAST,871.88,JALAN TUA KONG,Resale,Strata,Condominium,1.0,15.0,Outside Central Region,22,6,1,5,1,9999,0,9999,0,0.0,0,0,0,2,1.2246467991473532e-16,-1.0,1405597.423942934
THE GAZANIA,990.29,HOW SUN DRIVE,New Sale,Strata,Condominium,1.0,19.0,Outside Central Region,22,6,1,5,1,9999,0,9999,0,0.0,0,0,0,2,1.2246467991473532e-16,-1.0,2084226.818383162
SANT RITZ,527.44,PHENG GECK AVENUE,Resale,Strata,Condominium,1.0,13.0,Rest of Central Region,24,11,16,20,0,99,2012,87,12,0.12121212121212122,1,1,1,4,-0.5000000000000004,0.8660254037844384,933880.6416784787
CLIFTEN,1065.64,EWE BOON ROAD,Resale,Strata,Apartment,1.0,10.0,Core Central Region,21,8,6,10,1,9999,0,9999,0,0.0,0,0,0,3,-0.8660254037844384,-0.5000000000000004,1962077.177731313
THE MILTONIA RESIDENCES,1463.9,MILTONIA CLOSE,Resale,Strata,Condominium,1.0,27.0,Outside Central Region,21,3,1,5,0,99,2010,88,11,0.1111111111111111,1,0,0,1,1.0,6.123233995736766e-17,1315877.0835888737
THE TRIZON,1345.5,RIDGEWOOD CLOSE,Resale,Strata,Condominium,1.0,10.0,Core Central Region,21,11,16,20,1,9999,0,9999,0,0.0,0,1,1,4,-0.5000000000000004,0.8660254037844384,2668701.5519458717
CANBERRA RESIDENCES,1119.46,CANBERRA DRIVE,Resale,Strata,Condominium,1.0,27.0,Outside Central Region,24,1,1,5,0,99,2010,85,14,0.1414141414141414,1,0,0,1,0.49999999999999994,0.8660254037844387,1303573.3901752552
NORWOOD GRAND,624.31,CHAMPIONS WAY,New Sale,Strata,Apartment,1.0,25.0,Outside Central Region,24,10,1,5,0,99,2023,98,1,0.010101010101010102,1,1,0,4,-0.8660254037844386,0.5000000000000001,1297941.255412367
SCENECA RESIDENCE,753.48,TANAH MERAH KECHIL LINK,New Sale,Strata,Apartment,1.0,16.0,Outside Central Region,23,1,11,15,0,99,2021,97,2,0.020202020202020204,1,0,0,1,0.49999999999999994,0.8660254037844387,1587279.91430146
HEDGES PARK CONDOMINIUM,1011.82,FLORA DRIVE,Resale,Strata,Condominium,1.0,17.0,Outside Central Region,23,3,1,5,0,99,2010,86,13,0.13131313131313133,1,0,0,1,1.0,6.123233995736766e-17,1123157.9720857209
RIO VISTA,1377.79,UPPER SERANGOON VIEW,Resale,Strata,Condominium,1.0,19.0,Outside Central Region,23,4,6,10,0,99,2001,77,22,0.2222222222222222,2,0,0,2,0.8660254037844387,-0.49999999999999983,1577781.3874208417
SANDY PALM,1399.32,JALAN LOYANG BESAR,Resale,Strata,Condominium,1.0,17.0,Outside Central Region,22,6,1,5,0,99,1996,73,26,0.26262626262626265,2,0,0,2,1.2246467991473532e-16,-1.0,1317092.7337763465
CANNINGHILL PIERS,1259.39,CLARKE QUAY,New Sale,Strata,Apartment,1.0,6.0,Rest of Central Region,21,11,6,10,0,99,2021,99,0,0.0,1,1,1,4,-0.5000000000000004,0.8660254037844384,3516775.774519013
PARK INFINIA AT WEE NAM,1442.38,LINCOLN ROAD,Resale,Strata,Condominium,1.0,11.0,Core Central Region,21,3,1,5,1,9999,0,9999,0,0.0,0,0,0,1,1.0,6.123233995736766e-17,2790267.743562018
RIVERFRONT RESIDENCES,721.19,HOUGANG AVENUE 7,Sub Sale,Strata,Apartment,1.0,19.0,Outside Central Region,22,8,6,10,0,99,2018,95,4,0.04040404040404041,1,0,0,3,-0.8660254037844384,-0.5000000000000004,1109451.5401036702
THE SERENNIA,1119.46,PULASAN ROAD,Resale,Strata,Apartment,1.0,15.0,Rest of Central Region,22,4,1,5,1,9999,0,9999,0,0.0,0,0,0,2,0.8660254037844387,-0.49999999999999983,1481723.0095230062
NORWOOD GRAND,1044.11,CHAMPIONS WAY,New Sale,Strata,Apartment,1.0,25.0,Outside Central Region,24,12,1,5,0,99,2023,98,1,0.010101010101010102,1,0,0,4,-2.4492935982947064e-16,1.0,2069100.1524799557
ST REGIS RESIDENCES SINGAPORE,4068.79,TANGLIN ROAD,Resale,Strata,Apartment,1.0,10.0,Core Central Region,21,7,16,20,0,999,1995,973,26,0.026026026026026026,1,0,0,3,-0.4999999999999998,-0.8660254037844388,10335306.26827666
SEASTRAND,1108.69,PASIR RIS LINK,Resale,Strata,Condominium,1.0,18.0,Outside Central Region,22,4,6,10,0,99,2011,88,11,0.1111111111111111,1,0,0,2,0.8660254037844387,-0.49999999999999983,1264264.0383074237
MONT BOTANIK RESIDENCE,699.66,JALAN REMAJA,New Sale,Strata,Condominium,1.0,23.0,Outside Central Region,21,8,1,5,1,9999,0,9999,0,0.0,0,0,0,3,-0.8660254037844384,-0.5000000000000004,1175820.9248134291
D'LEEDON,1711.48,LEEDON HEIGHTS,Resale,Strata,Condominium,1.0,10.0,Core Central Region,22,9,6,10,0,99,2010,87,12,0.12121212121212122,1,0,0,3,-1.0,-1.8369701987210297e-16,3152841.2610542937
MELROSE VILLE,818.06,ROSE LANE,Resale,Strata,Apartment,1.0,15.0,Rest of Central Region,21,8,1,5,1,9999,0,9999,0,0.0,0,0,0,3,-0.8660254037844384,-0.5000000000000004,1083379.0488648599
NORTHVALE,1517.72,CHOA CHU KANG LOOP,Resale,Strata,Apartment,1.0,23.0,Outside Central Region,23,12,1,5,0,99,1995,71,28,0.2828282828282828,2,0,0,4,-2.4492935982947064e-16,1.0,1458017.7782288413
DAIRY FARM RESIDENCES,764.24,DAIRY FARM LANE,New Sale,Strata,Apartment,1.0,23.0,Outside Central Region,21,11,1,5,0,99,2018,96,3,0.030303030303030304,1,1,1,4,-0.5000000000000004,0.8660254037844384,1258171.367076231
GUILIN VIEW,861.12,BUKIT BATOK STREET 52,Resale,Strata,Condominium,1.0,23.0,Outside Central Region,21,8,11,15,0,99,1996,74,25,0.25252525252525254,2,0,0,3,-0.8660254037844384,-0.5000000000000004,860544.877704047
LIV @ MB,1302.44,ARTHUR ROAD,New Sale,Strata,Condominium,1.0,15.0,Rest of Central Region,23,7,1,5,0,99,2021,97,2,0.020202020202020204,1,0,0,3,-0.4999999999999998,-0.8660254037844388,3047828.577989188
OLEANDER TOWERS,1151.75,LORONG 1 TOA PAYOH,Resale,Strata,Apartment,1.0,12.0,Rest of Central Region,22,1,21,25,0,99,1995,72,27,0.2727272727272727,2,0,0,1,0.49999999999999994,0.8660254037844387,1562040.9589914628
URBAN RESIDENCES,484.38,LORONG AH SOO,Resale,Strata,Apartment,1.0,19.0,Outside Central Region,23,6,1,5,1,9999,0,9999,0,0.0,0,0,0,2,1.2246467991473532e-16,-1.0,766716.4073727191
THE SHORE RESIDENCES,592.02,AMBER ROAD,Resale,Strata,Condominium,1.0,15.0,Rest of Central Region,24,4,6,10,0,103,2009,88,15,0.14563106796116504,1,0,0,2,0.8660254037844387,-0.49999999999999983,1154186.5345473718
THE LANAI,1184.04,HILLVIEW AVENUE,Resale,Strata,Condominium,1.0,23.0,Outside Central Region,24,4,1,5,0,999,1885,860,139,0.13913913913913914,1,0,0,2,0.8660254037844387,-0.49999999999999983,1844759.3569947127
BARTLEY RESIDENCES,1097.93,LORONG HOW SUN,Resale,Strata,Apartment,1.0,19.0,Outside Central Region,23,4,1,5,0,99,2011,87,12,0.12121212121212122,1,0,0,2,0.8660254037844387,-0.49999999999999983,1626253.357916864
THOMSON EURO-ASIA,1130.22,THOMSON ROAD,Resale,Strata,Condominium,1.0,11.0,Core Central Region,21,10,6,10,1,9999,0,9999,0,0.0,0,1,0,4,-0.8660254037844386,0.5000000000000001,2004420.992944543
CUSCADEN RESERVE,1162.51,CUSCADEN ROAD,Resale,Strata,Condominium,1.0,10.0,Core Central Region,24,3,11,15,0,99,2018,93,6,0.06060606060606061,1,0,0,1,1.0,6.123233995736766e-17,3313204.2630426665
LEEDON GREEN,538.2,LEEDON HEIGHTS,New Sale,Strata,Condominium,1.0,10.0,Core Central Region,22,9,6,10,1,9999,0,9999,0,0.0,0,0,0,3,-1.0,-1.8369701987210297e-16,1604669.7293168667
THE QUINN,699.66,BARTLEY ROAD,Resale,Strata,Apartment,1.0,19.0,Outside Central Region,21,1,1,5,1,9999,0,9999,0,0.0,0,0,0,1,0.49999999999999994,0.8660254037844387,965975.2640777658
SUITES @ KOVAN,807.3,UPPER SERANGOON ROAD,Resale,Strata,Apartment,1.0,19.0,Outside Central Region,21,12,1,5,1,9999,0,9999,0,0.0,0,0,0,4,-2.4492935982947064e-16,1.0,1085756.9618411413
TREASURE AT TAMPINES,1033.34,TAMPINES LANE,New Sale,Strata,Condominium,1.0,18.0,Outside Central Region,21,3,6,10,0,99,2018,96,3,0.030303030303030304,1,0,0,1,1.0,6.123233995736766e-17,1444540.1842770602
PERFECT TEN,1280.92,BUKIT TIMAH ROAD,New Sale,Strata,Apartment,1.0,10.0,Core Central Region,22,1,16,20,1,9999,0,9999,0,0.0,0,0,0,1,0.49999999999999994,0.8660254037844387,3910158.538367471
RIVERSAILS,1033.34,UPPER SERANGOON CRESCENT,Resale,Strata,Condominium,1.0,19.0,Outside Central Region,21,9,6,10,0,99,2011,89,10,0.10101010101010101,1,0,0,3,-1.0,-1.8369701987210297e-16,1135080.9850781802
FOREST HILLS CONDOMINIUM,1367.03,TRANSIT ROAD,Resale,Strata,Condominium,1.0,26.0,Outside Central Region,21,8,1,5,0,99,2000,78,21,0.21212121212121213,2,0,0,3,-0.8660254037844384,-0.5000000000000004,1165959.1503176645
THE BOTANY AT DAIRY FARM,1033.34,DAIRY FARM WALK,New Sale,Strata,Condominium,1.0,23.0,Outside Central Region,24,4,1,5,0,99,2022,97,2,0.020202020202020204,1,0,0,2,0.8660254037844387,-0.49999999999999983,2081491.292322653
DAIRY FARM RESIDENCES,1334.74,DAIRY FARM LANE,New Sale,Strata,Apartment,1.0,23.0,Outside Central Region,21,5,1,5,0,99,2018,96,3,0.030303030303030304,1,0,0,2,0.49999999999999994,-0.8660254037844387,1951764.2494752426
ECO,613.55,BEDOK SOUTH AVENUE 3,Resale,Strata,Condominium,1.0,16.0,Outside Central Region,21,7,1,5,0,99,2012,90,9,0.09090909090909091,1,0,0,3,-0.4999999999999998,-0.8660254037844388,788328.9234308866
EN FU MANSIONS,1248.62,LORONG 33 GEYLANG,Resale,Strata,Apartment,1.0,14.0,Rest of Central Region,23,7,6,10,1,9999,0,9999,0,0.0,0,0,0,3,-0.4999999999999998,-0.8660254037844388,1665321.5207243003
THE HILLIER,839.59,HILLVIEW RISE,Resale,Strata,Apartment,1.0,23.0,Outside Central Region,22,7,11,15,0,99,2011,88,11,0.1111111111111111,1,0,0,3,-0.4999999999999998,-0.8660254037844388,1245930.9834180423
CAMBIO SUITES,505.91,LIM TUA TOW ROAD,Resale,Strata,Apartment,1.0,19.0,Outside Central Region,24,12,1,5,1,9999,0,9999,0,0.0,0,0,0,4,-2.4492935982947064e-16,1.0,804960.3306711896
THE TRE VER,1108.69,POTONG PASIR AVENUE 1,Sub Sale,Strata,Condominium,1.0,13.0,Rest of Central Region,24,2,6,10,0,99,2018,93,6,0.06060606060606061,1,0,0,1,0.8660254037844386,0.5000000000000001,2238440.9559612353
URBAN TREASURES,1011.82,JALAN EUNOS,New Sale,Strata,Condominium,1.0,14.0,Outside Central Region,22,4,11,15,1,9999,0,9999,0,0.0,0,0,0,2,0.8660254037844387,-0.49999999999999983,1962041.8426259127
HILLOCK GREEN,1184.04,LENTOR CENTRAL,New Sale,Strata,Apartment,1.0,26.0,Outside Central Region,24,6,6,10,0,99,2022,97,2,0.020202020202020204,1,0,0,2,1.2246467991473532e-16,-1.0,2519659.6054246575
LENTOR MANSION,1022.58,LENTOR GARDENS,New Sale,Strata,Apartment,1.0,26.0,Outside Central Region,24,3,6,10,0,99,2023,98,1,0.010101010101010102,1,0,0,1,1.0,6.123233995736766e-17,2238281.36654756
THE GAZANIA,441.32,HOW SUN DRIVE,New Sale,Strata,Condominium,1.0,19.0,Outside Central Region,22,5,1,5,1,9999,0,9999,0,0.0,0,0,0,2,0.49999999999999994,-0.8660254037844387,1035292.7606854285
THE LEGEND,2228.15,BUKIT TIMAH ROAD,Resale,Strata,Condominium,1.0,10.0,Core Central Region,23,5,1,5,1,9999,0,9999,0,0.0,0,0,0,2,0.49999999999999994,-0.8660254037844387,4462926.72860121
THE BAYSHORE,1011.82,BAYSHORE ROAD,Resale,Strata,Condominium,1.0,16.0,Outside Central Region,22,10,11,15,0,99,1993,70,29,0.29292929292929293,2,1,0,4,-0.8660254037844386,0.5000000000000001,1205986.795540614
UPTOWN @ FARRER,1001.05,PERUMAL ROAD,New Sale,Strata,Apartment,1.0,8.0,Rest of Central Region,21,1,16,20,0,99,2017,95,4,0.04040404040404041,1,0,0,1,0.49999999999999994,0.8660254037844387,1784428.8295552335
EASTWOOD REGENCY,409.03,EASTWOOD ROAD,Resale,Strata,Apartment,1.0,16.0,Outside Central Region,23,3,1,5,1,9999,0,9999,0,0.0,0,0,0,1,1.0,6.123233995736766e-17,679731.6524785673
EUHABITAT,516.67,JALAN EUNOS,Resale,Strata,Condominium,1.0,14.0,Outside Central Region,24,9,1,5,0,99,2010,85,14,0.1414141414141414,1,0,0,3,-1.0,-1.8369701987210297e-16,750112.874411688
HILLTOPS,1711.48,CAIRNHILL CIRCLE,Resale,Strata,Condominium,1.0,9.0,Core Central Region,21,2,1,5,1,9999,0,9999,0,0.0,0,0,0,1,0.8660254037844386,0.5000000000000001,5287415.258804812
SPRINGDALE CONDOMINIUM,1345.5,HINDHEDE WALK,Resale,Strata,Condominium,1.0,21.0,Outside Central Region,23,6,1,5,0,999,1877,853,146,0.14614614614614616,1,0,0,2,1.2246467991473532e-16,-1.0,1933687.1145786785
THE BOTANY AT DAIRY FARM,882.65,DAIRY FARM WALK,New Sale,Strata,Condominium,1.0,23.0,Outside Central Region,23,3,6,10,0,99,2022,98,1,0.010101010101010102,1,0,0,1,1.0,6.123233995736766e-17,1748235.3826161078
PASIR RIS 8,1259.39,PASIR RIS DRIVE 8,New Sale,Strata,Apartment,1.0,18.0,Outside Central Region,21,7,6,10,0,99,2021,99,0,0.0,1,0,0,3,-0.4999999999999998,-0.8660254037844388,1929265.0706751829
PHOENIX RESIDENCES,731.95,PHOENIX AVENUE,New Sale,Strata,Apartment,1.0,23.0,Outside Central Region,22,7,1,5,0,99,2019,96,3,0.030303030303030304,1,0,0,3,-0.4999999999999998,-0.8660254037844388,1175784.1409866114
PALM GARDENS,1216.33,HONG SAN WALK,Resale,Strata,Condominium,1.0,23.0,Outside Central Region,22,10,6,10,0,99,1996,73,26,0.26262626262626265,2,1,0,4,-0.8660254037844386,0.5000000000000001,1138783.721991662
THE GAZANIA,678.13,HOW SUN DRIVE,New Sale,Strata,Condominium,1.0,19.0,Outside Central Region,22,8,1,5,1,9999,0,9999,0,0.0,0,0,0,3,-0.8660254037844384,-0.5000000000000004,1500224.449471293
COSTA DEL SOL,1474.67,BAYSHORE ROAD,Resale,Strata,Condominium,1.0,16.0,Outside Central Region,21,10,21,25,0,99,1997,75,24,0.24242424242424243,2,1,0,4,-0.8660254037844386,0.5000000000000001,2269871.3841566034
YISHUN EMERALD,1194.8,CANBERRA DRIVE,Resale,Strata,Condominium,1.0,27.0,Outside Central Region,24,11,11,15,0,99,1998,73,26,0.26262626262626265,2,1,1,4,-0.5000000000000004,0.8660254037844384,1246456.7079262747
RIS GRANDEUR,1539.25,ELIAS ROAD,Resale,Strata,Condominium,1.0,18.0,Outside Central Region,22,3,1,5,1,9999,0,9999,0,0.0,0,0,0,1,1.0,6.123233995736766e-17,1697524.2064317253
KERRISDALE,1270.15,STURDEE ROAD,Resale,Strata,Condominium,1.0,8.0,Rest of Central Region,24,6,26,30,0,99,1998,73,26,0.26262626262626265,2,0,0,2,1.2246467991473532e-16,-1.0,2218211.6915507475
DAINTREE RESIDENCE,710.42,TOH TUCK ROAD,Resale,Strata,Condominium,1.0,21.0,Rest of Central Region,24,6,1,5,0,99,2017,92,7,0.0707070707070707,1,0,0,2,1.2246467991473532e-16,-1.0,1373793.7386119743
NORMANTON PARK,527.44,NORMANTON PARK,New Sale,Strata,Apartment,1.0,5.0,Rest of Central Region,21,7,16,20,0,99,2019,97,2,0.020202020202020204,1,0,0,3,-0.4999999999999998,-0.8660254037844388,987370.5778048467
MARTIN MODERN,1399.32,MARTIN PLACE,Resale,Strata,Condominium,1.0,9.0,Core Central Region,24,4,16,20,0,99,2016,91,8,0.08080808080808081,1,0,0,2,0.8660254037844387,-0.49999999999999983,3658080.8033971884
URBAN VISTA,430.56,TANAH MERAH KECHIL LINK,Resale,Strata,Condominium,1.0,16.0,Outside Central Region,24,4,1,5,0,99,2012,87,12,0.12121212121212122,1,0,0,2,0.8660254037844387,-0.49999999999999983,718200.1632041272
BALESTIER PLAZA,1367.03,BALESTIER ROAD,Resale,Strata,Apartment,1.0,12.0,Rest of Central Region,20,8,11,15,1,9999,0,9999,0,0.0,0,0,0,3,-0.8660254037844384,-0.5000000000000004,1438013.326523236
FLO RESIDENCE,1011.82,PUNGGOL FIELD WALK,Resale,Strata,Condominium,1.0,19.0,Outside Central Region,22,4,16,20,0,99,2011,88,11,0.1111111111111111,1,0,0,2,0.8660254037844387,-0.49999999999999983,1171352.283149322
NORMANTON PARK,527.44,NORMANTON PARK,New Sale,Strata,Apartment,1.0,5.0,Rest of Central Region,22,3,1,5,0,99,2019,96,3,0.030303030303030304,1,0,0,1,1.0,6.123233995736766e-17,1003633.1767400724
8 @ MOUNT SOPHIA,861.12,MOUNT SOPHIA,Resale,Strata,Condominium,1.0,9.0,Core Central Region,21,8,6,10,0,103,2002,84,19,0.18446601941747573,1,0,0,3,-0.8660254037844384,-0.5000000000000004,1324632.3522239872
THE LINQ @ BEAUTY WORLD,796.54,UPPER BUKIT TIMAH ROAD,New Sale,Strata,Apartment,1.0,21.0,Rest of Central Region,20,11,6,10,1,9999,0,9999,0,0.0,0,1,1,4,-0.5000000000000004,0.8660254037844384,1631574.1682784238
THE BOTANY AT DAIRY FARM,1033.34,DAIRY FARM WALK,New Sale,Strata,Condominium,1.0,23.0,Outside Central Region,24,6,1,5,0,99,2022,97,2,0.020202020202020204,1,0,0,2,1.2246467991473532e-16,-1.0,2081536.7890334788
COSTA RHU,1345.5,RHU CROSS,Resale,Strata,Condominium,1.0,15.0,Rest of Central Region,23,10,11,15,0,99,1994,70,29,0.29292929292929293,2,1,0,4,-0.8660254037844386,0.5000000000000001,2250469.8117916933
SUNGLADE,861.12,SERANGOON AVENUE 2,Resale,Strata,Condominium,1.0,19.0,Outside Central Region,22,1,1,5,0,99,2000,77,22,0.2222222222222222,2,0,0,1,0.49999999999999994,0.8660254037844387,1111101.1741189968
VISTA RESIDENCES,1216.33,JALAN DATOH,Resale,Strata,Condominium,1.0,12.0,Rest of Central Region,20,8,26,30,1,9999,0,9999,0,0.0,0,0,0,3,-0.8660254037844384,-0.5000000000000004,1805466.5849401015
DUCHESS RESIDENCES,2755.58,DUCHESS AVENUE,Resale,Strata,Condominium,1.0,10.0,Core Central Region,23,6,1,5,0,999,1875,851,148,0.14814814814814814,1,0,0,2,1.2246467991473532e-16,-1.0,5217053.380469416
PENROSE,645.84,SIMS DRIVE,Sub Sale,Strata,Apartment,1.0,14.0,Rest of Central Region,24,6,11,15,0,99,2019,94,5,0.050505050505050504,1,0,0,2,1.2246467991473532e-16,-1.0,1307213.9556108546
DE PARADISO,1237.86,MARTABAN ROAD,Resale,Strata,Apartment,1.0,12.0,Rest of Central Region,20,8,6,10,1,9999,0,9999,0,0.0,0,0,0,3,-0.8660254037844384,-0.5000000000000004,1371505.5041097314
AMBER 45,1345.5,AMBER ROAD,Resale,Strata,Apartment,1.0,15.0,Rest of Central Region,24,11,16,20,1,9999,0,9999,0,0.0,0,1,1,4,-0.5000000000000004,0.8660254037844384,3064392.309707689
SOPHIA RESIDENCE,796.54,SOPHIA ROAD,Resale,Strata,Condominium,1.0,9.0,Core Central Region,22,11,1,5,1,9999,0,9999,0,0.0,0,1,1,4,-0.5000000000000004,0.8660254037844384,1562568.339220206
PEAK RESIDENCE,538.2,THOMSON ROAD,New Sale,Strata,Condominium,1.0,11.0,Core Central Region,22,2,1,5,1,9999,0,9999,0,0.0,0,0,0,1,0.8660254037844386,0.5000000000000001,1391605.163242602
MEYER MANSION,1399.32,MEYER ROAD,New Sale,Strata,Apartment,1.0,15.0,Rest of Central Region,22,4,6,10,1,9999,0,9999,0,0.0,0,0,0,2,0.8660254037844387,-0.49999999999999983,3572906.9217627933
WATERBANK AT DAKOTA,624.31,DAKOTA CRESCENT,Resale,Strata,Condominium,1.0,14.0,Rest of Central Region,22,5,11,15,0,99,2009,86,13,0.13131313131313133,1,0,0,2,0.49999999999999994,-0.8660254037844387,1196129.1560358866
THE GLACIER,1410.08,JOO CHIAT PLACE,Resale,Strata,Apartment,1.0,15.0,Outside Central Region,21,10,1,5,1,9999,0,9999,0,0.0,0,1,0,4,-0.8660254037844386,0.5000000000000001,1767082.5523095054
LENTOR MODERN,990.29,LENTOR CENTRAL,New Sale,Strata,Apartment,1.0,26.0,Outside Central Region,22,9,1,5,0,99,2021,98,1,0.010101010101010102,1,0,0,3,-1.0,-1.8369701987210297e-16,2021735.0900717033
HERITAGE VIEW,1162.51,DOVER RISE,Resale,Strata,Condominium,1.0,5.0,Rest of Central Region,21,8,16,20,0,99,1996,74,25,0.25252525252525254,2,0,0,3,-0.8660254037844384,-0.5000000000000004,1542925.6748820825
LENTOR HILLS RESIDENCES,753.48,LENTOR HILLS ROAD,New Sale,Strata,Apartment,1.0,26.0,Outside Central Region,23,7,6,10,0,99,2022,98,1,0.010101010101010102,1,0,0,3,-0.4999999999999998,-0.8660254037844388,1587658.6614273514
ROSEWOOD SUITES,1571.54,ROSEWOOD DRIVE,Resale,Strata,Condominium,1.0,25.0,Outside Central Region,23,8,1,5,0,99,2008,84,15,0.15151515151515152,1,0,0,3,-0.8660254037844384,-0.5000000000000004,1421858.3656342647
KERRISDALE,990.29,STURDEE ROAD,Resale,Strata,Condominium,1.0,8.0,Rest of Central Region,24,2,21,25,0,99,1998,73,26,0.26262626262626265,2,0,0,1,0.8660254037844386,0.5000000000000001,1715102.207024097
EUPHONY GARDENS,958.0,JALAN MATA AYER,Resale,Strata,Condominium,1.0,27.0,Outside Central Region,23,4,1,5,0,99,1998,74,25,0.25252525252525254,2,0,0,2,0.8660254037844387,-0.49999999999999983,897523.0722492661
SENGKANG GRAND RESIDENCES,936.47,COMPASSVALE BOW,New Sale,Strata,Apartment,1.0,19.0,Outside Central Region,21,4,6,10,0,99,2018,96,3,0.030303030303030304,1,0,0,2,0.8660254037844387,-0.49999999999999983,1599796.5869718746
RV SUITES,548.96,RIVER VALLEY ROAD,Resale,Strata,Apartment,1.0,10.0,Core Central Region,24,9,1,5,1,9999,0,9999,0,0.0,0,0,0,3,-1.0,-1.8369701987210297e-16,1092402.7482920263
AFFINITY AT SERANGOON,1151.75,SERANGOON NORTH AVENUE 1,New Sale,Strata,Apartment,1.0,19.0,Outside Central Region,21,2,6,10,0,99,2018,96,3,0.030303030303030304,1,0,0,1,0.8660254037844386,0.5000000000000001,1741004.476251296
TREASURE AT TAMPINES,678.13,TAMPINES LANE,New Sale,Strata,Condominium,1.0,18.0,Outside Central Region,20,11,11,15,0,99,2018,97,2,0.020202020202020204,1,1,1,4,-0.5000000000000004,0.8660254037844384,1004113.2324894429
THE QUARTZ,1162.51,COMPASSVALE BOW,Resale,Strata,Condominium,1.0,19.0,Outside Central Region,24,8,11,15,0,99,2005,80,19,0.1919191919191919,1,0,0,3,-0.8660254037844384,-0.5000000000000004,1719317.425627171
BARTLEY RESIDENCES,796.54,LORONG HOW SUN,Resale,Strata,Apartment,1.0,19.0,Outside Central Region,21,8,11,15,0,99,2011,89,10,0.10101010101010101,1,0,0,3,-0.8660254037844384,-0.5000000000000004,1132225.6314939521
ECO SANCTUARY,1754.53,CHESTNUT AVENUE,Resale,Strata,Condominium,1.0,23.0,Outside Central Region,22,3,1,5,0,99,2012,89,10,0.10101010101010101,1,0,0,1,1.0,6.123233995736766e-17,1947582.3355393554
SKY GREEN,1162.51,MACPHERSON ROAD,Resale,Strata,Condominium,1.0,13.0,Rest of Central Region,21,1,11,15,1,9999,0,9999,0,0.0,0,0,0,1,0.49999999999999994,0.8660254037844387,1639263.4180671154
THE INFLORA,1033.34,FLORA DRIVE,Resale,Strata,Condominium,1.0,17.0,Outside Central Region,23,2,1,5,0,99,2012,88,11,0.1111111111111111,1,0,0,1,0.8660254037844386,0.5000000000000001,1179312.2388356093
GRAND DUNMAN,667.37,DUNMAN ROAD,New Sale,Strata,Apartment,1.0,15.0,Rest of Central Region,23,7,6,10,0,99,2022,98,1,0.010101010101010102,1,0,0,3,-0.4999999999999998,-0.8660254037844388,1700729.7024704074
THE FLORENCE RESIDENCES,473.62,HOUGANG AVENUE 2,New Sale,Strata,Apartment,1.0,19.0,Outside Central Region,21,3,11,15,0,99,2018,96,3,0.030303030303030304,1,0,0,1,1.0,6.123233995736766e-17,824594.6340837756
WATERFRONT ISLE,1162.51,BEDOK RESERVOIR ROAD,Resale,Strata,Condominium,1.0,16.0,Outside Central Region,21,1,11,15,0,99,2009,87,12,0.12121212121212122,1,0,0,1,0.49999999999999994,0.8660254037844387,1389285.420458677
SUITES @ GUILLEMARD,527.44,LIM AH WOO ROAD,Resale,Strata,Apartment,1.0,15.0,Rest of Central Region,22,1,1,5,1,9999,0,9999,0,0.0,0,0,0,1,0.49999999999999994,0.8660254037844387,748158.574674101
GRANGE 1866,710.42,GRANGE ROAD,New Sale,Strata,Apartment,1.0,10.0,Core Central Region,23,7,1,5,1,9999,0,9999,0,0.0,0,0,0,3,-0.4999999999999998,-0.8660254037844388,2103714.2513611955
EMERALD OF KATONG,904.18,JALAN TEMBUSU,New Sale,Strata,Condominium,1.0,15.0,Rest of Central Region,24,11,6,10,0,99,2023,98,1,0.010101010101010102,1,1,1,4,-0.5000000000000004,0.8660254037844384,2373597.1238877163
THE SANTORINI,1259.39,TAMPINES STREET 86,Resale,Strata,Condominium,1.0,18.0,Outside Central Region,22,1,6,10,0,99,2013,90,9,0.09090909090909091,1,0,0,1,0.49999999999999994,0.8660254037844387,1486646.4381234604
STIRLING RESIDENCES,688.9,STIRLING ROAD,Resale,Strata,Apartment,1.0,3.0,Rest of Central Region,24,11,16,20,0,99,2017,92,7,0.0707070707070707,1,1,1,4,-0.5000000000000004,0.8660254037844384,1631220.4764496612
AALTO,1550.02,MEYER ROAD,Resale,Strata,Condominium,1.0,15.0,Rest of Central Region,21,6,1,5,1,9999,0,9999,0,0.0,0,0,0,2,1.2246467991473532e-16,-1.0,3070248.0624988684
SEASCAPE,2852.46,COVE WAY,Resale,Strata,Condominium,1.0,4.0,Core Central Region,22,4,1,5,0,99,2007,84,15,0.15151515151515152,1,0,0,2,0.8660254037844387,-0.49999999999999983,5657093.675493636
NIN RESIDENCE,1237.86,PHENG GECK AVENUE,Resale,Strata,Apartment,1.0,13.0,Rest of Central Region,22,4,11,15,0,99,2010,87,12,0.12121212121212122,1,0,0,2,0.8660254037844387,-0.49999999999999983,1810483.900676503
THE LAKEGARDEN RESIDENCES,925.7,YUAN CHING ROAD,New Sale,Strata,Apartment,1.0,22.0,Outside Central Region,23,10,16,20,0,99,2023,99,0,0.0,1,1,0,4,-0.8660254037844386,0.5000000000000001,2005297.1561047586
LAUREL TREE,462.85,HILLVIEW TERRACE,Sub Sale,Strata,Apartment,1.0,23.0,Outside Central Region,23,2,1,5,1,9999,0,9999,0,0.0,0,0,0,1,0.8660254037844386,0.5000000000000001,735158.6965835685
THE ABERDEEN,1108.69,JALAN TAMAN,Resale,Strata,Condominium,1.0,12.0,Rest of Central Region,22,3,11,15,1,9999,0,9999,0,0.0,0,0,0,1,1.0,6.123233995736766e-17,1639181.3906317542
THE CLIFT,527.44,MCCALLUM STREET,Resale,Strata,Apartment,1.0,1.0,Core Central Region,21,9,26,30,0,99,2004,82,17,0.1717171717171717,1,0,0,3,-1.0,-1.8369701987210297e-16,1009466.6304494054
10 EVELYN,495.14,EVELYN ROAD,New Sale,Strata,Apartment,1.0,11.0,Core Central Region,22,12,1,5,1,9999,0,9999,0,0.0,0,0,0,4,-2.4492935982947064e-16,1.0,1329873.609511096
CARIBBEAN AT KEPPEL BAY,1356.26,KEPPEL BAY DRIVE,Resale,Strata,Condominium,1.0,4.0,Rest of Central Region,21,12,6,10,0,99,1999,77,22,0.2222222222222222,2,0,0,4,-2.4492935982947064e-16,1.0,2233260.282870092
PARC OASIS,1227.1,JURONG EAST AVENUE 1,Resale,Strata,Condominium,1.0,22.0,Outside Central Region,21,12,1,5,0,99,1991,69,30,0.30303030303030304,2,0,0,4,-2.4492935982947064e-16,1.0,1182675.1154321153
NAVA GROVE,1097.93,PINE GROVE,New Sale,Strata,Condominium,1.0,21.0,Rest of Central Region,24,11,6,10,0,99,2024,99,0,0.0,1,1,1,4,-0.5000000000000004,0.8660254037844384,2645509.90692725
CANNINGHILL PIERS,731.95,CLARKE QUAY,New Sale,Strata,Apartment,1.0,6.0,Rest of Central Region,22,4,41,45,0,99,2021,98,1,0.010101010101010102,1,0,0,2,0.8660254037844387,-0.49999999999999983,2306046.7907652697
TEMBUSU GRAND,1431.61,JALAN TEMBUSU,New Sale,Strata,Condominium,1.0,15.0,Rest of Central Region,24,6,1,5,0,99,2022,97,2,0.020202020202020204,1,0,0,2,1.2246467991473532e-16,-1.0,3331318.251109874
LA FIESTA,839.59,SENGKANG SQUARE,Resale,Strata,Condominium,1.0,19.0,Outside Central Region,21,6,11,15,0,99,2012,90,9,0.09090909090909091,1,0,0,2,1.2246467991473532e-16,-1.0,1060744.0739934247
AFFINITY AT SERANGOON,850.36,SERANGOON NORTH AVENUE 1,New Sale,Strata,Apartment,1.0,19.0,Outside Central Region,20,9,1,5,0,99,2018,97,2,0.020202020202020204,1,0,0,3,-1.0,-1.8369701987210297e-16,1265194.879268138
REFLECTIONS AT KEPPEL BAY,1076.4,KEPPEL BAY VIEW,Resale,Strata,Condominium,1.0,4.0,Rest of Central Region,24,12,1,5,0,99,2006,81,18,0.18181818181818182,1,0,0,4,-2.4492935982947064e-16,1.0,1824734.1734176949
CASA CAMBIO,796.54,LIM TUA TOW ROAD,Resale,Strata,Condominium,1.0,19.0,Outside Central Region,21,10,1,5,1,9999,0,9999,0,0.0,0,1,0,4,-0.8660254037844386,0.5000000000000001,1025113.0365011077
KENT RIDGE HILL RESIDENCES,473.62,SOUTH BUONA VISTA ROAD,Sub Sale,Strata,Apartment,1.0,5.0,Rest of Central Region,24,11,1,5,0,99,2018,93,6,0.06060606060606061,1,1,1,4,-0.5000000000000004,0.8660254037844384,960701.3180241919
ASTOR GREEN,1528.49,PINE GROVE,Resale,Strata,Condominium,1.0,21.0,Rest of Central Region,21,10,1,5,0,99,1991,69,30,0.30303030303030304,2,1,0,4,-0.8660254037844386,0.5000000000000001,1763431.582226214
PARC VERA,1140.98,HOUGANG STREET 32,Resale,Strata,Condominium,1.0,19.0,Outside Central Region,23,10,11,15,0,99,2010,86,13,0.13131313131313133,1,1,0,4,-0.8660254037844386,0.5000000000000001,1552541.2504809955
THE CLEMENT CANOPY,990.29,CLEMENTI AVENUE 1,Resale,Strata,Apartment,1.0,5.0,Outside Central Region,22,7,16,20,0,99,2016,93,6,0.06060606060606061,1,0,0,3,-0.4999999999999998,-0.8660254037844388,1519446.594252101
LENTOR HILLS RESIDENCES,753.48,LENTOR HILLS ROAD,New Sale,Strata,Apartment,1.0,26.0,Outside Central Region,23,7,1,5,0,99,2022,98,1,0.010101010101010102,1,0,0,3,-0.4999999999999998,-0.8660254037844388,1551390.4078376559
ROYALGREEN,990.29,ANAMALAI AVENUE,Resale,Strata,Condominium,1.0,10.0,Core Central Region,22,11,1,5,1,9999,0,9999,0,0.0,0,1,1,4,-0.5000000000000004,0.8660254037844384,2328951.9347289577
CANNINGHILL PIERS,828.83,CLARKE QUAY,New Sale,Strata,Apartment,1.0,6.0,Rest of Central Region,21,11,31,35,0,99,2021,99,0,0.0,1,1,1,4,-0.5000000000000004,0.8660254037844384,2424103.9464476504
GRANDEUR PARK RESIDENCES,904.18,BEDOK SOUTH AVENUE 3,Sub Sale,Strata,Condominium,1.0,16.0,Outside Central Region,20,11,11,15,0,99,2016,95,4,0.04040404040404041,1,1,1,4,-0.5000000000000004,0.8660254037844384,1377128.7016047372
A TREASURE TROVE,1044.11,PUNGGOL WALK,Resale,Strata,Condominium,1.0,19.0,Outside Central Region,20,9,11,15,0,99,2011,90,9,0.09090909090909091,1,0,0,3,-1.0,-1.8369701987210297e-16,1197535.0465769202
PARC BOTANNIA,1022.58,FERNVALE STREET,Resale,Strata,Condominium,1.0,28.0,Outside Central Region,24,11,21,25,0,99,2016,91,8,0.08080808080808081,1,1,1,4,-0.5000000000000004,0.8660254037844384,1785777.9275453552
IRWELL HILL RESIDENCES,1539.25,IRWELL HILL,New Sale,Strata,Apartment,1.0,9.0,Core Central Region,22,7,31,35,0,99,2020,97,2,0.020202020202020204,1,0,0,3,-0.4999999999999998,-0.8660254037844388,4453618.632587727
D'LEEDON,1926.76,LEEDON HEIGHTS,Resale,Strata,Condominium,1.0,10.0,Core Central Region,21,3,6,10,0,99,2010,88,11,0.1111111111111111,1,0,0,1,1.0,6.123233995736766e-17,3099659.072738184
KOVAN RESIDENCES,1259.39,KOVAN ROAD,Resale,Strata,Condominium,1.0,19.0,Outside Central Region,20,9,6,10,0,99,2007,86,13,0.13131313131313133,1,0,0,3,-1.0,-1.8369701987210297e-16,1632771.2148670184
ECO,914.94,BEDOK SOUTH AVENUE 3,Resale,Strata,Condominium,1.0,16.0,Outside Central Region,23,8,6,10,0,99,2012,88,11,0.1111111111111111,1,0,0,3,-0.8660254037844384,-0.5000000000000004,1354818.0662521299
DOUBLE BAY RESIDENCES,1313.21,SIMEI STREET 4,Resale,Strata,Condominium,1.0,18.0,Outside Central Region,21,7,6,10,0,99,2008,86,13,0.13131313131313133,1,0,0,3,-0.4999999999999998,-0.8660254037844388,1440009.5732334428
SUNSHINE PLAZA,1130.22,PRINSEP LINK,Resale,Strata,Apartment,1.0,7.0,Rest of Central Region,22,3,6,10,0,99,1997,74,25,0.25252525252525254,2,0,0,1,1.0,6.123233995736766e-17,1509767.8872751992
448@EAST COAST,430.56,EAST COAST ROAD,Resale,Strata,Apartment,1.0,15.0,Outside Central Region,24,4,1,5,1,9999,0,9999,0,0.0,0,0,0,2,0.8660254037844387,-0.49999999999999983,767660.3069149508
PARC OASIS,1506.96,JURONG EAST AVENUE 1,Resale,Strata,Condominium,1.0,22.0,Outside Central Region,22,6,16,20,0,99,1991,68,31,0.31313131313131315,2,0,0,2,1.2246467991473532e-16,-1.0,1592449.5517244453
CANNINGHILL PIERS,8955.65,CLARKE QUAY,New Sale,Strata,Apartment,1.0,6.0,Rest of Central Region,21,11,46,50,0,99,2021,99,0,0.0,1,1,1,4,-0.5000000000000004,0.8660254037844384,34165460.20284434
BEDOK RESIDENCES,581.26,BEDOK NORTH DRIVE,Resale,Strata,Apartment,1.0,16.0,Outside Central Region,21,7,6,10,0,99,2011,89,10,0.10101010101010101,1,0,0,3,-0.4999999999999998,-0.8660254037844388,869029.9004403332
RESIDENTIAL APARTMENTS,979.52,JOO CHIAT PLACE,Resale,Strata,Apartment,1.0,15.0,Rest of Central Region,24,3,1,5,1,9999,0,9999,0,0.0,0,0,0,1,1.0,6.123233995736766e-17,1476819.9192720368
ONE AMBER,1700.71,AMBER GARDENS,Resale,Strata,Condominium,1.0,15.0,Rest of Central Region,21,7,16,20,1,9999,0,9999,0,0.0,0,0,0,3,-0.4999999999999998,-0.8660254037844388,2995314.2722952245
BRADDELL VIEW,1614.6,BRADDELL HILL,Resale,Strata,Apartment,1.0,20.0,Rest of Central Region,24,7,16,20,0,102,1978,56,46,0.45098039215686275,3,0,0,3,-0.4999999999999998,-0.8660254037844388,1727770.6349573839
MIDTOWN MODERN,473.62,TAN QUEE LAN STREET,New Sale,Strata,Apartment,1.0,7.0,Core Central Region,21,3,6,10,0,99,2019,97,2,0.020202020202020204,1,0,0,1,1.0,6.123233995736766e-17,1256434.4678814653
CUSCADEN RESERVE,936.47,CUSCADEN ROAD,Resale,Strata,Condominium,1.0,10.0,Core Central Region,24,10,26,30,0,99,2018,93,6,0.06060606060606061,1,1,0,4,-0.8660254037844386,0.5000000000000001,3113072.6575671677
LENTOR HILLS RESIDENCES,678.13,LENTOR HILLS ROAD,New Sale,Strata,Apartment,1.0,26.0,Outside Central Region,23,7,11,15,0,99,2022,98,1,0.010101010101010102,1,0,0,3,-0.4999999999999998,-0.8660254037844388,1460502.128173965
SEASTRAND,882.65,PASIR RIS LINK,Resale,Strata,Condominium,1.0,18.0,Outside Central Region,22,10,6,10,0,99,2011,88,11,0.1111111111111111,1,1,0,4,-0.8660254037844386,0.5000000000000001,995679.5017576605
WATERTOWN,807.3,PUNGGOL CENTRAL,Resale,Strata,Apartment,1.0,19.0,Outside Central Region,23,6,1,5,0,99,2011,87,12,0.12121212121212122,1,0,0,2,1.2246467991473532e-16,-1.0,1229291.9897584878
THE GARDEN RESIDENCES,1194.8,SERANGOON NORTH VIEW,New Sale,Strata,Apartment,1.0,19.0,Outside Central Region,20,10,6,10,0,99,2017,96,3,0.030303030303030304,1,1,0,4,-0.8660254037844386,0.5000000000000001,1850543.2285723765
VERDALE,731.95,DE SOUZA AVENUE,New Sale,Strata,Apartment,1.0,21.0,Rest of Central Region,20,9,1,5,0,99,2018,97,2,0.020202020202020204,1,0,0,3,-1.0,-1.8369701987210297e-16,1261488.2009390125
THE SCALA,1044.11,SERANGOON AVENUE 3,Resale,Strata,Apartment,1.0,19.0,Outside Central Region,24,3,1,5,0,99,2010,85,14,0.1414141414141414,1,0,0,1,1.0,6.123233995736766e-17,1732406.6901629982
OXLEY RESIDENCE,4639.28,OXLEY ROAD,Resale,Strata,Condominium,1.0,9.0,Core Central Region,22,9,1,5,1,9999,0,9999,0,0.0,0,0,0,3,-1.0,-1.8369701987210297e-16,8121782.129212248
LENTOR MODERN,731.95,LENTOR CENTRAL,New Sale,Strata,Apartment,1.0,26.0,Outside Central Region,22,9,21,25,0,99,2021,98,1,0.010101010101010102,1,0,0,3,-1.0,-1.8369701987210297e-16,1670757.6325246075
EIGHT RIVERSUITES,441.32,WHAMPOA EAST,Resale,Strata,Condominium,1.0,12.0,Rest of Central Region,21,1,11,15,0,99,2011,89,10,0.10101010101010101,1,0,0,1,0.49999999999999994,0.8660254037844387,704019.0620129643
MIDWOOD,548.96,HILLVIEW RISE,New Sale,Strata,Condominium,1.0,23.0,Outside Central Region,21,2,6,10,0,99,2018,96,3,0.030303030303030304,1,0,0,1,0.8660254037844386,0.5000000000000001,919362.446510088
AMBER PARK,699.66,AMBER GARDENS,New Sale,Strata,Condominium,1.0,15.0,Rest of Central Region,21,6,16,20,1,9999,0,9999,0,0.0,0,0,0,2,1.2246467991473532e-16,-1.0,1773181.1608343343
BARTLEY RESIDENCES,462.85,LORONG HOW SUN,Resale,Strata,Apartment,1.0,19.0,Outside Central Region,24,3,6,10,0,99,2011,86,13,0.13131313131313133,1,0,0,1,1.0,6.123233995736766e-17,801518.4532701276
CUSCADEN RESERVE,936.47,CUSCADEN ROAD,Resale,Strata,Condominium,1.0,10.0,Core Central Region,24,4,21,25,0,99,2018,93,6,0.06060606060606061,1,0,0,2,0.8660254037844387,-0.49999999999999983,3044033.005325873
RIVERSAILS,850.36,UPPER SERANGOON CRESCENT,Resale,Strata,Condominium,1.0,19.0,Outside Central Region,21,9,6,10,0,99,2011,89,10,0.10101010101010101,1,0,0,3,-1.0,-1.8369701987210297e-16,973921.4661554928
EIGHT COURTYARDS,1377.79,CANBERRA DRIVE,Resale,Strata,Condominium,1.0,27.0,Outside Central Region,24,7,11,15,0,99,2010,85,14,0.1414141414141414,1,0,0,3,-0.4999999999999998,-0.8660254037844388,1721694.5966414644
GRANDEUR PARK RESIDENCES,667.37,BEDOK SOUTH AVENUE 3,Resale,Strata,Condominium,1.0,16.0,Outside Central Region,24,7,6,10,0,99,2016,91,8,0.08080808080808081,1,0,0,3,-0.4999999999999998,-0.8660254037844388,1237769.8640111391
GOODWOOD RESIDENCE,2508.01,BUKIT TIMAH ROAD,Resale,Strata,Condominium,1.0,10.0,Core Central Region,22,11,6,10,1,9999,0,9999,0,0.0,0,1,1,4,-0.5000000000000004,0.8660254037844384,6816284.122964024
SCENECA RESIDENCE,538.2,TANAH MERAH KECHIL LINK,New Sale,Strata,Apartment,1.0,16.0,Outside Central Region,23,1,1,5,0,99,2021,97,2,0.020202020202020204,1,0,0,1,0.49999999999999994,0.8660254037844387,1127700.178823125
MIDWOOD,775.01,HILLVIEW RISE,New Sale,Strata,Condominium,1.0,23.0,Outside Central Region,21,9,26,30,0,99,2018,96,3,0.030303030303030304,1,0,0,3,-1.0,-1.8369701987210297e-16,1357521.873905509
NORMANTON PARK,914.94,NORMANTON PARK,New Sale,Strata,Apartment,1.0,5.0,Rest of Central Region,21,4,16,20,0,99,2019,97,2,0.020202020202020204,1,0,0,2,0.8660254037844387,-0.49999999999999983,1640077.9828053378
THE SEAFRONT ON MEYER,1614.6,MEYER ROAD,Resale,Strata,Condominium,1.0,15.0,Rest of Central Region,21,4,16,20,1,9999,0,9999,0,0.0,0,0,0,2,0.8660254037844387,-0.49999999999999983,3036233.960888607
PULLMAN RESIDENCES NEWTON,667.37,DUNEARN ROAD,New Sale,Strata,Apartment,1.0,11.0,Core Central Region,22,11,21,25,1,9999,0,9999,0,0.0,0,1,1,4,-0.5000000000000004,0.8660254037844384,2073568.7543944325
WATERFRONT KEY,1517.72,BEDOK RESERVOIR ROAD,Resale,Strata,Condominium,1.0,16.0,Outside Central Region,20,10,11,15,0,99,2007,86,13,0.13131313131313133,1,1,0,4,-0.8660254037844386,0.5000000000000001,1661487.406823893
THE HILLIER,592.02,HILLVIEW RISE,Resale,Strata,Apartment,1.0,23.0,Outside Central Region,22,2,16,20,0,99,2011,88,11,0.1111111111111111,1,0,0,1,0.8660254037844386,0.5000000000000001,829982.3548829854
CASA CAMBIO,495.14,LIM TUA TOW ROAD,Resale,Strata,Condominium,1.0,19.0,Outside Central Region,24,12,1,5,1,9999,0,9999,0,0.0,0,0,0,4,-2.4492935982947064e-16,1.0,835536.393923497
BLOSSOMS BY THE PARK,678.13,SLIM BARRACKS RISE,New Sale,Strata,Apartment,1.0,5.0,Rest of Central Region,23,4,16,20,0,99,2022,98,1,0.010101010101010102,1,0,0,2,0.8660254037844387,-0.49999999999999983,1658822.0756317703
NORTH PARK RESIDENCES,731.95,YISHUN CENTRAL 1,Resale,Strata,Apartment,1.0,27.0,Outside Central Region,22,7,1,5,0,99,2015,92,7,0.0707070707070707,1,0,0,3,-0.4999999999999998,-0.8660254037844388,1104254.9788964274
PICCADILLY GRAND,484.38,NORTHUMBERLAND ROAD,New Sale,Strata,Apartment,1.0,8.0,Rest of Central Region,22,5,11,15,0,99,2021,98,1,0.010101010101010102,1,0,0,2,0.49999999999999994,-0.8660254037844387,1140254.3759497127
KENT RIDGE HILL RESIDENCES,742.72,SOUTH BUONA VISTA ROAD,New Sale,Strata,Apartment,1.0,5.0,Rest of Central Region,21,5,1,5,0,99,2018,96,3,0.030303030303030304,1,0,0,2,0.49999999999999994,-0.8660254037844387,1437353.1838121887
CASTLE GREEN,947.23,YIO CHU KANG ROAD,Resale,Strata,Condominium,1.0,26.0,Outside Central Region,21,2,6,10,0,99,1993,71,28,0.2828282828282828,2,0,0,1,0.8660254037844386,0.5000000000000001,893270.2023715312
WHITESCAPE,678.13,LORONG N TELOK KURAU,Resale,Strata,Apartment,1.0,15.0,Outside Central Region,21,11,1,5,1,9999,0,9999,0,0.0,0,1,1,4,-0.5000000000000004,0.8660254037844384,1004401.117232643
ST PATRICK'S GREEN,1097.93,ST. PATRICK'S ROAD,Resale,Strata,Apartment,1.0,15.0,Outside Central Region,21,5,1,5,1,9999,0,9999,0,0.0,0,0,0,2,0.49999999999999994,-0.8660254037844387,1557628.2453805122
BARTLEY RIDGE,721.19,MOUNT VERNON ROAD,Resale,Strata,Condominium,1.0,13.0,Rest of Central Region,22,10,11,15,0,99,2012,89,10,0.10101010101010101,1,1,0,4,-0.8660254037844386,0.5000000000000001,1225101.986450237
RIVERSAILS,505.91,UPPER SERANGOON CRESCENT,Resale,Strata,Condominium,1.0,19.0,Outside Central Region,21,3,6,10,0,99,2011,89,10,0.10101010101010101,1,0,0,1,1.0,6.123233995736766e-17,637516.8365786495
SELETAR SPRINGS CONDOMINIUM,1496.2,GERALD DRIVE,Resale,Strata,Condominium,1.0,28.0,Outside Central Region,20,12,1,5,0,99,1997,76,23,0.23232323232323232,2,0,0,4,-2.4492935982947064e-16,1.0,1148558.5182261234
AVENUE SOUTH RESIDENCE,656.6,SILAT AVENUE,New Sale,Strata,Apartment,1.0,3.0,Rest of Central Region,22,2,51,55,0,99,2018,95,4,0.04040404040404041,1,0,0,1,0.8660254037844386,0.5000000000000001,1605897.8231572157
THE CONTINUUM,721.19,THIAM SIEW AVENUE,New Sale,Strata,Apartment,1.0,15.0,Rest of Central Region,24,11,16,20,1,9999,0,9999,0,0.0,0,1,1,4,-0.5000000000000004,0.8660254037844384,2192384.5360374376
OUE TWIN PEAKS,1399.32,LEONIE HILL ROAD,Resale,Strata,Condominium,1.0,9.0,Core Central Region,24,10,16,20,0,99,2010,85,14,0.1414141414141414,1,1,0,4,-0.8660254037844386,0.5000000000000001,3386774.0342448503
EIGHT RIVERSUITES,2131.27,WHAMPOA EAST,Resale,Strata,Condominium,1.0,12.0,Rest of Central Region,24,9,26,30,0,99,2011,86,13,0.13131313131313133,1,0,0,3,-1.0,-1.8369701987210297e-16,2730635.5099427486
THE AMARELLE,914.94,LIM AH WOO ROAD,Resale,Strata,Apartment,1.0,15.0,Rest of Central Region,24,11,1,5,1,9999,0,9999,0,0.0,0,1,1,4,-0.5000000000000004,0.8660254037844384,1436982.538451188
BOTANIQUE AT BARTLEY,731.95,UPPER PAYA LEBAR ROAD,Resale,Strata,Condominium,1.0,19.0,Outside Central Region,22,5,6,10,0,99,2014,91,8,0.08080808080808081,1,0,0,2,0.49999999999999994,-0.8660254037844387,1182329.7781826474
M SUITES,1044.11,LORONG MELAYU,New Sale,Strata,Apartment,1.0,14.0,Outside Central Region,21,6,1,5,1,9999,0,9999,0,0.0,0,0,0,2,1.2246467991473532e-16,-1.0,1733033.4103480005
SKY VUE,495.14,BISHAN STREET 15,Resale,Strata,Condominium,1.0,20.0,Rest of Central Region,21,5,26,30,0,99,2013,91,8,0.08080808080808081,1,0,0,2,0.49999999999999994,-0.8660254037844387,886251.3940879537
VIVA VISTA,398.27,SOUTH BUONA VISTA ROAD,Resale,Strata,Apartment,1.0,5.0,Rest of Central Region,20,9,1,5,1,9999,0,9999,0,0.0,0,0,0,3,-1.0,-1.8369701987210297e-16,607761.216042742
VA RESIDENCES,624.31,BOON TECK ROAD,Resale,Strata,Apartment,1.0,12.0,Rest of Central Region,23,3,1,5,1,9999,0,9999,0,0.0,0,0,0,1,1.0,6.123233995736766e-17,947627.7826229176
PICCADILLY GRAND,1582.31,NORTHUMBERLAND ROAD,New Sale,Strata,Apartment,1.0,8.0,Rest of Central Region,22,5,1,5,0,99,2021,98,1,0.010101010101010102,1,0,0,2,0.49999999999999994,-0.8660254037844387,3056849.3468380794
COMMONWEALTH TOWERS,452.09,COMMONWEALTH AVENUE,Resale,Strata,Condominium,1.0,3.0,Rest of Central Region,20,10,6,10,0,99,2013,92,7,0.0707070707070707,1,1,0,4,-0.8660254037844386,0.5000000000000001,785688.4483158456
FORETT@BUKIT TIMAH,688.9,TOH TUCK ROAD,New Sale,Strata,Apartment,1.0,21.0,Rest of Central Region,20,11,1,5,1,9999,0,9999,0,0.0,0,1,1,4,-0.5000000000000004,0.8660254037844384,1391315.8760485582
HIGH PARK RESIDENCES,592.02,FERNVALE ROAD,Resale,Strata,Apartment,1.0,28.0,Outside Central Region,23,7,16,20,0,99,2014,90,9,0.09090909090909091,1,0,0,3,-0.4999999999999998,-0.8660254037844388,917713.40132608
THE BOUTIQ,871.88,KILLINEY ROAD,Resale,Strata,Apartment,1.0,9.0,Core Central Region,23,12,1,5,1,9999,0,9999,0,0.0,0,0,0,4,-2.4492935982947064e-16,1.0,1859907.9977260474
PARC CLEMATIS,914.94,JALAN LEMPENG,New Sale,Strata,Apartment,1.0,5.0,Outside Central Region,20,10,6,10,0,99,2019,98,1,0.010101010101010102,1,1,0,4,-0.8660254037844386,0.5000000000000001,1524021.0308436002
PARC CLEMATIS,721.19,JALAN LEMPENG,Sub Sale,Strata,Apartment,1.0,5.0,Outside Central Region,23,12,16,20,0,99,2019,95,4,0.04040404040404041,1,0,0,4,-2.4492935982947064e-16,1.0,1467831.2957753462
SEAHILL,710.42,WEST COAST CRESCENT,Resale,Strata,Condominium,1.0,5.0,Outside Central Region,24,6,16,20,0,99,2011,86,13,0.13131313131313133,1,0,0,2,1.2246467991473532e-16,-1.0,1102796.2913910875
SERANGOON GARDEN ESTATE,1689.95,LICHFIELD ROAD,Resale,Strata,Apartment,1.0,19.0,Outside Central Region,21,7,1,5,0,999,1954,932,67,0.06706706706706707,1,0,0,3,-0.4999999999999998,-0.8660254037844388,1756870.5461933084
THE WATERSIDE,2400.37,TANJONG RHU ROAD,Resale,Strata,Condominium,1.0,15.0,Rest of Central Region,21,6,21,25,1,9999,0,9999,0,0.0,0,0,0,2,1.2246467991473532e-16,-1.0,4510953.949862906
EMERALD OF KATONG,1474.67,JALAN TEMBUSU,New Sale,Strata,Condominium,1.0,15.0,Rest of Central Region,24,11,16,20,0,99,2023,98,1,0.010101010101010102,1,1,1,4,-0.5000000000000004,0.8660254037844384,3774733.168091759
AMBER PARK,678.13,AMBER GARDENS,New Sale,Strata,Condominium,1.0,15.0,Rest of Central Region,21,1,21,25,1,9999,0,9999,0,0.0,0,0,0,1,0.49999999999999994,0.8660254037844387,1728838.1515896707
TANGLIN REGENCY,1108.69,TANGLIN ROAD,Resale,Strata,Condominium,1.0,10.0,Core Central Region,21,10,1,5,0,99,1994,72,27,0.2727272727272727,2,1,0,4,-0.8660254037844386,0.5000000000000001,1553836.2281220849
TWIN REGENCY,1442.38,KIM TIAN ROAD,Resale,Strata,Condominium,1.0,3.0,Rest of Central Region,21,6,31,35,1,9999,0,9999,0,0.0,0,0,0,2,1.2246467991473532e-16,-1.0,2662608.0610206835
THE VISION,1313.21,WEST COAST CRESCENT,Resale,Strata,Condominium,1.0,5.0,Outside Central Region,22,6,26,30,0,99,2008,85,14,0.1414141414141414,1,0,0,2,1.2246467991473532e-16,-1.0,2053579.234104364
DUCHESS RESIDENCES,1463.9,DUCHESS AVENUE,Resale,Strata,Condominium,1.0,10.0,Core Central Region,21,12,1,5,0,999,1875,853,146,0.14614614614614616,1,0,0,4,-2.4492935982947064e-16,1.0,2755466.7913722014
HILLOCK GREEN,1313.21,LENTOR CENTRAL,New Sale,Strata,Apartment,1.0,26.0,Outside Central Region,24,8,16,20,0,99,2022,97,2,0.020202020202020204,1,0,0,3,-0.8660254037844384,-0.5000000000000004,2908346.7777746036
CANNINGHILL PIERS,1259.39,CLARKE QUAY,New Sale,Strata,Apartment,1.0,6.0,Rest of Central Region,21,11,16,20,0,99,2021,99,0,0.0,1,1,1,4,-0.5000000000000004,0.8660254037844384,3481074.4896860784
GUILIN VIEW,1743.77,BUKIT BATOK STREET 52,Resale,Strata,Condominium,1.0,23.0,Outside Central Region,24,1,1,5,0,99,1996,71,28,0.2828282828282828,2,0,0,1,0.49999999999999994,0.8660254037844387,1843960.103037604
PARC CENTROS,764.24,PUNGGOL CENTRAL,Resale,Strata,Condominium,1.0,19.0,Outside Central Region,22,2,6,10,0,99,2012,89,10,0.10101010101010101,1,0,0,1,0.8660254037844386,0.5000000000000001,990171.7717379812
THE JOVELL,721.19,FLORA DRIVE,New Sale,Strata,Condominium,1.0,17.0,Outside Central Region,21,5,6,10,0,99,2018,96,3,0.030303030303030304,1,0,0,2,0.49999999999999994,-0.8660254037844387,983545.387558714
THE BAYSHORE,1227.1,BAYSHORE ROAD,Resale,Strata,Condominium,1.0,16.0,Outside Central Region,21,3,21,25,0,99,1993,71,28,0.2828282828282828,2,0,0,1,1.0,6.123233995736766e-17,1247696.8731521708
NORWOOD GRAND,1173.28,CHAMPIONS WAY,New Sale,Strata,Apartment,1.0,25.0,Outside Central Region,24,10,1,5,0,99,2023,98,1,0.010101010101010102,1,1,0,4,-0.8660254037844386,0.5000000000000001,2295828.7593175345
LAKE GRANDE,721.19,JURONG LAKE LINK,Resale,Strata,Condominium,1.0,22.0,Outside Central Region,22,4,1,5,0,99,2015,92,7,0.0707070707070707,1,0,0,2,0.8660254037844387,-0.49999999999999983,1139391.8767799865
MEYER MANSION,1108.69,MEYER ROAD,New Sale,Strata,Apartment,1.0,15.0,Rest of Central Region,22,11,1,5,1,9999,0,9999,0,0.0,0,1,1,4,-0.5000000000000004,0.8660254037844384,2825666.9625787754
CASA MERAH,1227.1,TANAH MERAH KECHIL AVENUE,Resale,Strata,Apartment,1.0,16.0,Outside Central Region,24,2,6,10,0,99,2006,81,18,0.18181818181818182,1,0,0,1,0.8660254037844386,0.5000000000000001,1772252.9340200813
CAVENAGH GARDENS,1550.02,CAVENAGH ROAD,Resale,Strata,Apartment,1.0,9.0,Core Central Region,20,9,11,15,1,9999,0,9999,0,0.0,0,0,0,3,-1.0,-1.8369701987210297e-16,2012157.3738302947
ROSEWOOD SUITES,1205.57,ROSEWOOD DRIVE,Resale,Strata,Condominium,1.0,25.0,Outside Central Region,22,3,1,5,0,99,2008,85,14,0.1414141414141414,1,0,0,1,1.0,6.123233995736766e-17,1045445.6137779413
NORMANTON PARK,667.37,NORMANTON PARK,New Sale,Strata,Apartment,1.0,5.0,Rest of Central Region,21,5,1,5,0,99,2019,97,2,0.020202020202020204,1,0,0,2,0.49999999999999994,-0.8660254037844387,1189942.6960568638
KOPAR AT NEWTON,688.9,MAKEWAY AVENUE,Sub Sale,Strata,Apartment,1.0,9.0,Core Central Region,23,7,11,15,0,99,2019,95,4,0.04040404040404041,1,0,0,3,-0.4999999999999998,-0.8660254037844388,1793173.635044345
EMERALD OF KATONG,645.84,JALAN TEMBUSU,New Sale,Strata,Condominium,1.0,15.0,Rest of Central Region,24,11,16,20,0,99,2023,98,1,0.010101010101010102,1,1,1,4,-0.5000000000000004,0.8660254037844384,1794847.5839254293
THE REEF AT KING'S DOCK,1076.4,HARBOURFRONT AVENUE,New Sale,Strata,Condominium,1.0,4.0,Rest of Central Region,22,7,6,10,0,99,2021,98,1,0.010101010101010102,1,0,0,3,-0.4999999999999998,-0.8660254037844388,2725872.1997120543
THE AVENIR,1140.98,RIVER VALLEY CLOSE,New Sale,Strata,Condominium,1.0,9.0,Core Central Region,22,3,6,10,1,9999,0,9999,0,0.0,0,0,0,1,1.0,6.123233995736766e-17,3417923.0136545124
MARGARET VILLE,699.66,MARGARET DRIVE,Resale,Strata,Apartment,1.0,3.0,Rest of Central Region,24,8,31,35,0,99,2017,92,7,0.0707070707070707,1,0,0,3,-0.8660254037844384,-0.5000000000000004,1647358.183313428
THE GARDEN RESIDENCES,796.54,SERANGOON NORTH VIEW,Resale,Strata,Apartment,1.0,19.0,Outside Central Region,23,9,6,10,0,99,2017,93,6,0.06060606060606061,1,0,0,3,-1.0,-1.8369701987210297e-16,1391152.9167610419
THE GLADES,452.09,BEDOK RISE,Resale,Strata,Condominium,1.0,16.0,Outside Central Region,21,3,6,10,0,99,2013,91,8,0.08080808080808081,1,0,0,1,1.0,6.123233995736766e-17,665982.6660671042
SKIES MILTONIA,721.19,MILTONIA CLOSE,Resale,Strata,Condominium,1.0,27.0,Outside Central Region,21,4,11,15,0,99,2012,90,9,0.09090909090909091,1,0,0,2,0.8660254037844387,-0.49999999999999983,791095.2510741826
ONE-NORTH RESIDENCES,592.02,ONE-NORTH GATEWAY,Resale,Strata,Apartment,1.0,5.0,Rest of Central Region,21,5,6,10,0,99,2005,83,16,0.16161616161616163,1,0,0,2,0.49999999999999994,-0.8660254037844387,893336.608621015
THE ATELIER,548.96,MAKEWAY AVENUE,New Sale,Strata,Apartment,1.0,9.0,Core Central Region,23,7,16,20,1,9999,0,9999,0,0.0,0,0,0,3,-0.4999999999999998,-0.8660254037844388,1534979.8388900892
THE REEF AT KING'S DOCK,1216.33,HARBOURFRONT AVENUE,New Sale,Strata,Condominium,1.0,4.0,Rest of Central Region,21,2,1,5,0,99,2021,99,0,0.0,1,0,0,1,0.8660254037844386,0.5000000000000001,3123667.177660807
BOTANNIA,828.83,WEST COAST PARK,Resale,Strata,Condominium,1.0,5.0,Outside Central Region,23,7,11,15,0,956,1928,861,95,0.09937238493723849,1,0,0,3,-0.4999999999999998,-0.8660254037844388,1381161.6815886598
LAKE GRANDE,721.19,JURONG LAKE LINK,Resale,Strata,Condominium,1.0,22.0,Outside Central Region,24,9,1,5,0,99,2015,90,9,0.09090909090909091,1,0,0,3,-1.0,-1.8369701987210297e-16,1295601.2928583282
STIRLING RESIDENCES,656.6,STIRLING ROAD,Sub Sale,Strata,Apartment,1.0,3.0,Rest of Central Region,22,6,6,10,0,99,2017,94,5,0.050505050505050504,1,0,0,2,1.2246467991473532e-16,-1.0,1380479.1151081673
THE CASCADIA,990.29,BUKIT TIMAH ROAD,Resale,Strata,Condominium,1.0,21.0,Rest of Central Region,20,11,6,10,1,9999,0,9999,0,0.0,0,1,1,4,-0.5000000000000004,0.8660254037844384,1640903.4394025402
IRWELL HILL RESIDENCES,1270.15,IRWELL HILL,New Sale,Strata,Apartment,1.0,9.0,Core Central Region,21,8,11,15,0,99,2020,98,1,0.010101010101010102,1,0,0,3,-0.8660254037844384,-0.5000000000000004,3265437.768037692
8@BT,516.67,BUKIT TIMAH LINK,New Sale,Strata,Condominium,1.0,21.0,Rest of Central Region,24,9,11,15,0,99,2023,98,1,0.010101010101010102,1,0,0,3,-1.0,-1.8369701987210297e-16,1470875.2252789557
THE WOODLEIGH RESIDENCES,958.0,BIDADARI PARK DRIVE,New Sale,Strata,Apartment,1.0,13.0,Rest of Central Region,21,8,6,10,0,99,2017,95,4,0.04040404040404041,1,0,0,3,-0.8660254037844384,-0.5000000000000004,2021432.5557633415
MIDWOOD,484.38,HILLVIEW RISE,New Sale,Strata,Condominium,1.0,23.0,Outside Central Region,21,5,1,5,0,99,2018,96,3,0.030303030303030304,1,0,0,2,0.49999999999999994,-0.8660254037844387,777209.8323942347
STIRLING RESIDENCES,893.41,STIRLING ROAD,Resale,Strata,Apartment,1.0,3.0,Rest of Central Region,24,10,1,5,0,99,2017,92,7,0.0707070707070707,1,1,0,4,-0.8660254037844386,0.5000000000000001,1697864.3670988022
DOUBLE BAY RESIDENCES,1270.15,SIMEI STREET 4,Resale,Strata,Condominium,1.0,18.0,Outside Central Region,21,9,1,5,0,99,2008,86,13,0.13131313131313133,1,0,0,3,-1.0,-1.8369701987210297e-16,1291075.7484240953
RIVER ISLES,2088.22,EDGEDALE PLAINS,Resale,Strata,Condominium,1.0,19.0,Outside Central Region,21,4,16,20,0,99,2012,90,9,0.09090909090909091,1,0,0,2,0.8660254037844387,-0.49999999999999983,1772449.2277122599
CLAVON,958.0,CLEMENTI AVENUE 1,New Sale,Strata,Apartment,1.0,5.0,Outside Central Region,20,12,21,25,0,99,2019,98,1,0.010101010101010102,1,0,0,4,-2.4492935982947064e-16,1.0,1599196.8295410355
THE MINTON,1108.69,HOUGANG STREET 11,Resale,Strata,Condominium,1.0,19.0,Outside Central Region,21,2,6,10,0,99,2007,85,14,0.1414141414141414,1,0,0,1,0.8660254037844386,0.5000000000000001,1226089.9822366182
THE PETALS,1259.39,HILLVIEW AVENUE,Resale,Strata,Condominium,1.0,23.0,Outside Central Region,22,12,6,10,1,9999,0,9999,0,0.0,0,0,0,4,-2.4492935982947064e-16,1.0,1602274.433046444
DAHLIA PARK CONDOMINIUM,1291.68,FLORA DRIVE,Resale,Strata,Condominium,1.0,17.0,Outside Central Region,21,5,1,5,1,9999,0,9999,0,0.0,0,0,0,2,0.49999999999999994,-0.8660254037844387,1107138.3091790853
DAIRY FARM RESIDENCES,710.42,DAIRY FARM LANE,New Sale,Strata,Apartment,1.0,23.0,Outside Central Region,21,12,11,15,0,99,2018,96,3,0.030303030303030304,1,0,0,4,-2.4492935982947064e-16,1.0,1244740.6207418917
THE LAKESHORE,1184.04,JURONG WEST STREET 41,Resale,Strata,Condominium,1.0,22.0,Outside Central Region,24,4,6,10,0,99,2002,77,22,0.2222222222222222,2,0,0,2,0.8660254037844387,-0.49999999999999983,1615866.4091564442
JADESCAPE,527.44,SHUNFU ROAD,New Sale,Strata,Condominium,1.0,20.0,Rest of Central Region,21,3,16,20,0,99,2018,96,3,0.030303030303030304,1,0,0,1,1.0,6.123233995736766e-17,984858.7769949908
THE GARDEN RESIDENCES,688.9,SERANGOON NORTH VIEW,New Sale,Strata,Apartment,1.0,19.0,Outside Central Region,20,8,11,15,0,99,2017,96,3,0.030303030303030304,1,0,0,3,-0.8660254037844384,-0.5000000000000004,1131253.427436622
AFFINITY AT SERANGOON,473.62,SERANGOON NORTH AVENUE 1,Sub Sale,Strata,Apartment,1.0,19.0,Outside Central Region,24,8,11,15,0,99,2018,93,6,0.06060606060606061,1,0,0,3,-0.8660254037844384,-0.5000000000000004,845841.9930331877
ONE-NORTH RESIDENCES,1313.21,ONE-NORTH GATEWAY,Resale,Strata,Apartment,1.0,5.0,Rest of Central Region,20,11,6,10,0,99,2005,84,15,0.15151515151515152,1,1,1,4,-0.5000000000000004,0.8660254037844384,1563533.0901381483
TOWNHOUSE APARTMENTS,3100.03,CAVENAGH ROAD,Resale,Strata,Apartment,1.0,9.0,Core Central Region,23,6,6,10,0,99,1977,53,46,0.46464646464646464,3,0,0,2,1.2246467991473532e-16,-1.0,3592090.6571758455
HAUS ON HANDY,516.67,HANDY ROAD,New Sale,Strata,Condominium,1.0,9.0,Core Central Region,22,6,6,10,0,99,2018,95,4,0.04040404040404041,1,0,0,2,1.2246467991473532e-16,-1.0,1361530.4138947255
ICON,656.6,GOPENG STREET,Resale,Strata,Apartment,1.0,2.0,Core Central Region,21,3,21,25,0,99,2002,80,19,0.1919191919191919,1,0,0,1,1.0,6.123233995736766e-17,1120610.474766631
NORMANTON PARK,495.14,NORMANTON PARK,New Sale,Strata,Apartment,1.0,5.0,Rest of Central Region,21,1,11,15,0,99,2019,97,2,0.020202020202020204,1,0,0,1,0.49999999999999994,0.8660254037844387,871958.053629081
THE MADEIRA,1270.15,BUKIT BATOK STREET 31,Resale,Strata,Condominium,1.0,23.0,Outside Central Region,21,3,1,5,0,99,2000,78,21,0.21212121212121213,2,0,0,1,1.0,6.123233995736766e-17,989212.7322859844
TANJONG RIA CONDOMINIUM,1399.32,TANJONG RHU ROAD,Resale,Strata,Condominium,1.0,15.0,Rest of Central Region,21,7,11,15,0,99,1993,71,28,0.2828282828282828,2,0,0,3,-0.4999999999999998,-0.8660254037844388,1806668.1823963458
THE LILIUM,699.66,HOW SUN ROAD,New Sale,Strata,Condominium,1.0,19.0,Outside Central Region,22,8,1,5,1,9999,0,9999,0,0.0,0,0,0,3,-0.8660254037844384,-0.5000000000000004,1556421.076121991
BAYSHORE PARK,936.47,BAYSHORE ROAD,Resale,Strata,Condominium,1.0,16.0,Outside Central Region,22,4,1,5,0,99,1982,59,40,0.40404040404040403,3,0,0,2,0.8660254037844387,-0.49999999999999983,1022741.4000719727
GRANDEUR PARK RESIDENCES,570.49,BEDOK SOUTH AVENUE 3,Resale,Strata,Condominium,1.0,16.0,Outside Central Region,22,11,6,10,0,99,2016,93,6,0.06060606060606061,1,1,1,4,-0.5000000000000004,0.8660254037844384,955700.671698411
LANDBAY CONDOMINIUM,1022.58,JALAN HAJIJAH,Resale,Strata,Condominium,1.0,16.0,Outside Central Region,23,4,1,5,1,9999,0,9999,0,0.0,0,0,0,2,0.8660254037844387,-0.49999999999999983,1540414.5976641716
ONE AMBER,3100.03,AMBER GARDENS,Resale,Strata,Condominium,1.0,15.0,Rest of Central Region,22,9,1,5,1,9999,0,9999,0,0.0,0,0,0,3,-1.0,-1.8369701987210297e-16,5252670.265540492
LEEDON GREEN,1044.11,LEEDON HEIGHTS,New Sale,Strata,Condominium,1.0,10.0,Core Central Region,22,5,6,10,1,9999,0,9999,0,0.0,0,0,0,2,0.49999999999999994,-0.8660254037844387,2900199.1859240895
SCENECA RESIDENCE,1044.11,TANAH MERAH KECHIL LINK,New Sale,Strata,Apartment,1.0,16.0,Outside Central Region,24,8,6,10,0,99,2021,96,3,0.030303030303030304,1,0,0,3,-0.8660254037844384,-0.5000000000000004,2207284.06750779
ONE SHENTON,947.23,SHENTON WAY,Resale,Strata,Apartment,1.0,1.0,Core Central Region,23,4,11,15,0,99,2005,81,18,0.18181818181818182,1,0,0,2,0.8660254037844387,-0.49999999999999983,1699112.560714711
GRANDEUR PARK RESIDENCES,559.73,BEDOK SOUTH AVENUE 3,Resale,Strata,Condominium,1.0,16.0,Outside Central Region,22,10,6,10,0,99,2016,93,6,0.06060606060606061,1,1,0,4,-0.8660254037844386,0.5000000000000001,960053.0155036695
SIGNATURE PARK,1033.34,TOH TUCK ROAD,Resale,Strata,Condominium,1.0,21.0,Rest of Central Region,20,9,6,10,1,9999,0,9999,0,0.0,0,0,0,3,-1.0,-1.8369701987210297e-16,1378230.0611199464
THE RESERVE RESIDENCES,613.55,JALAN ANAK BUKIT,New Sale,Strata,Apartment,1.0,21.0,Rest of Central Region,23,5,6,10,0,99,2021,97,2,0.020202020202020204,1,0,0,2,0.49999999999999994,-0.8660254037844387,1453597.575714291
HILLHAVEN,1011.82,HILLVIEW RISE,New Sale,Strata,Condominium,1.0,23.0,Outside Central Region,24,7,1,5,0,99,2023,98,1,0.010101010101010102,1,0,0,3,-0.4999999999999998,-0.8660254037844388,1995745.0764789542
SEASONS PARK,1248.62,YIO CHU KANG ROAD,Resale,Strata,Condominium,1.0,26.0,Outside Central Region,23,7,1,5,0,99,1995,71,28,0.2828282828282828,2,0,0,3,-0.4999999999999998,-0.8660254037844388,1377470.3040509725
LAGUNA PARK,1453.14,MARINE PARADE ROAD,Resale,Strata,Apartment,1.0,15.0,Outside Central Region,22,3,16,20,0,99,1977,54,45,0.45454545454545453,3,0,0,1,1.0,6.123233995736766e-17,1852123.985795788
VERTICUS,635.08,JALAN KEMAMAN,New Sale,Strata,Apartment,1.0,12.0,Rest of Central Region,21,4,16,20,1,9999,0,9999,0,0.0,0,0,0,2,0.8660254037844387,-0.49999999999999983,1259859.9477136557
THE ARDEN,721.19,PHOENIX ROAD,New Sale,Strata,Apartment,1.0,23.0,Outside Central Region,24,1,1,5,0,99,2023,98,1,0.010101010101010102,1,0,0,1,0.49999999999999994,0.8660254037844387,1257167.60743323
LEEDON GREEN,753.48,LEEDON HEIGHTS,New Sale,Strata,Condominium,1.0,10.0,Core Central Region,23,4,11,15,1,9999,0,9999,0,0.0,0,0,0,2,0.8660254037844387,-0.49999999999999983,2079510.9697045889
TREASURE AT TAMPINES,1367.03,TAMPINES LANE,New Sale,Strata,Condominium,1.0,18.0,Outside Central Region,20,12,11,15,0,99,2018,97,2,0.020202020202020204,1,0,0,4,-2.4492935982947064e-16,1.0,1843659.3846152117
PEBBLE BAY,2281.97,TANJONG RHU ROAD,Resale,Strata,Condominium,1.0,15.0,Rest of Central Region,21,8,1,5,0,99,1994,72,27,0.2727272727272727,2,0,0,3,-0.8660254037844384,-0.5000000000000004,3412182.523127162
EMERY POINT,1323.97,IPOH LANE,Resale,Strata,Apartment,1.0,15.0,Rest of Central Region,20,10,16,20,1,9999,0,9999,0,0.0,0,1,0,4,-0.8660254037844386,0.5000000000000001,1824628.8438993278
LENTOR MANSION,527.44,LENTOR GARDENS,New Sale,Strata,Apartment,1.0,26.0,Outside Central Region,24,3,6,10,0,99,2023,98,1,0.010101010101010102,1,0,0,1,1.0,6.123233995736766e-17,1219809.4786259877
FORETT@BUKIT TIMAH,1302.44,TOH TUCK ROAD,New Sale,Strata,Apartment,1.0,21.0,Rest of Central Region,21,1,1,5,1,9999,0,9999,0,0.0,0,0,0,1,0.49999999999999994,0.8660254037844387,2450824.274785103
THE LAKESHORE,1173.28,JURONG WEST STREET 41,Resale,Strata,Condominium,1.0,22.0,Outside Central Region,24,6,6,10,0,99,2002,77,22,0.2222222222222222,2,0,0,2,1.2246467991473532e-16,-1.0,1606848.151643819
TREVISTA,1119.46,LORONG 3 TOA PAYOH,Resale,Strata,Condominium,1.0,12.0,Rest of Central Region,23,11,11,15,0,99,2008,84,15,0.15151515151515152,1,1,1,4,-0.5000000000000004,0.8660254037844384,2000652.3686884483
THE COLLECTIVE AT ONE SOPHIA,430.56,SOPHIA ROAD,New Sale,Strata,Apartment,1.0,9.0,Core Central Region,24,11,6,10,0,99,2023,98,1,0.010101010101010102,1,1,1,4,-0.5000000000000004,0.8660254037844384,1205681.4733488346
ONE PEARL BANK,430.56,PEARL BANK,New Sale,Strata,Apartment,1.0,3.0,Rest of Central Region,22,9,21,25,0,99,2019,96,3,0.030303030303030304,1,0,0,3,-1.0,-1.8369701987210297e-16,1201150.5001719487
THE LANDMARK,1140.98,CHIN SWEE ROAD,New Sale,Strata,Condominium,1.0,3.0,Rest of Central Region,23,1,26,30,0,99,2020,96,3,0.030303030303030304,1,0,0,1,0.49999999999999994,0.8660254037844387,2917532.486292155
WATERFRONT KEY,1517.72,BEDOK RESERVOIR ROAD,Resale,Strata,Condominium,1.0,16.0,Outside Central Region,22,8,11,15,0,99,2007,84,15,0.15151515151515152,1,0,0,3,-0.8660254037844384,-0.5000000000000004,1961016.3644115438
GRAND DUNMAN,667.37,DUNMAN ROAD,New Sale,Strata,Apartment,1.0,15.0,Rest of Central Region,23,7,6,10,0,99,2022,98,1,0.010101010101010102,1,0,0,3,-0.4999999999999998,-0.8660254037844388,1700729.7024704074
RESIDENTIAL APARTMENTS,731.95,OUTRAM ROAD,Resale,Strata,Apartment,1.0,3.0,Rest of Central Region,22,4,1,5,1,9999,0,9999,0,0.0,0,0,0,2,0.8660254037844387,-0.49999999999999983,1529512.1602101843
AFFINITY AT SERANGOON,904.18,SERANGOON NORTH AVENUE 1,Sub Sale,Strata,Apartment,1.0,19.0,Outside Central Region,24,2,6,10,0,99,2018,93,6,0.06060606060606061,1,0,0,1,0.8660254037844386,0.5000000000000001,1731347.6191954357
MODA,1840.64,EAST COAST ROAD,Resale,Strata,Apartment,1.0,15.0,Rest of Central Region,24,2,16,20,1,9999,0,9999,0,0.0,0,0,0,1,0.8660254037844386,0.5000000000000001,2681284.014990706
AMBER PARK,742.72,AMBER GARDENS,New Sale,Strata,Condominium,1.0,15.0,Rest of Central Region,20,12,21,25,1,9999,0,9999,0,0.0,0,0,0,4,-2.4492935982947064e-16,1.0,1916793.9318771937
PAVILION 11,1485.43,AKYAB ROAD,Resale,Strata,Condominium,1.0,11.0,Core Central Region,21,1,1,5,1,9999,0,9999,0,0.0,0,0,0,1,0.49999999999999994,0.8660254037844387,2332745.00108722
THREE 11,828.83,UPPER THOMSON ROAD,Resale,Strata,Apartment,1.0,20.0,Rest of Central Region,24,11,1,5,1,9999,0,9999,0,0.0,0,1,1,4,-0.5000000000000004,0.8660254037844384,1540780.8842272968
LUMA,742.72,RIVER VALLEY GROVE,Resale,Strata,Apartment,1.0,9.0,Core Central Region,21,8,6,10,1,9999,0,9999,0,0.0,0,0,0,3,-0.8660254037844384,-0.5000000000000004,1445902.5871351573
THE REEF AT KING'S DOCK,731.95,HARBOURFRONT AVENUE,New Sale,Strata,Condominium,1.0,4.0,Rest of Central Region,21,2,1,5,0,99,2021,99,0,0.0,1,0,0,1,0.8660254037844386,0.5000000000000001,1671098.1955460513
LUXE VILLE,1410.08,PASIR PANJANG ROAD,Resale,Strata,Apartment,1.0,5.0,Rest of Central Region,24,6,1,5,1,9999,0,9999,0,0.0,0,0,0,2,1.2246467991473532e-16,-1.0,2008380.099410415
PARC CLEMATIS,1463.9,JALAN LEMPENG,New Sale,Strata,Apartment,1.0,5.0,Outside Central Region,22,5,11,15,0,99,2019,96,3,0.030303030303030304,1,0,0,2,0.49999999999999994,-0.8660254037844387,2760013.0977160395
BARTLEY RIDGE,462.85,MOUNT VERNON ROAD,Resale,Strata,Condominium,1.0,13.0,Rest of Central Region,24,11,11,15,0,99,2012,87,12,0.12121212121212122,1,1,1,4,-0.5000000000000004,0.8660254037844384,838416.4344138118
PARC ROSEWOOD,430.56,ROSEWOOD DRIVE,Resale,Strata,Condominium,1.0,25.0,Outside Central Region,21,4,1,5,0,99,2011,89,10,0.10101010101010101,1,0,0,2,0.8660254037844387,-0.49999999999999983,518365.9880886952
VENTUNO BALMORAL,1313.21,BALMORAL ROAD,Resale,Strata,Apartment,1.0,10.0,Core Central Region,22,3,6,10,1,9999,0,9999,0,0.0,0,0,0,1,1.0,6.123233995736766e-17,2791190.8924893434
STUDIOS @ MARNE,516.67,MARNE ROAD,Resale,Strata,Apartment,1.0,8.0,Rest of Central Region,23,10,1,5,1,9999,0,9999,0,0.0,0,1,0,4,-0.8660254037844386,0.5000000000000001,770303.2222749734
KI RESIDENCES AT BROOKVALE,1108.69,BROOKVALE DRIVE,New Sale,Strata,Condominium,1.0,21.0,Outside Central Region,22,5,6,10,0,999,1885,862,137,0.13713713713713713,1,0,0,2,0.49999999999999994,-0.8660254037844387,2249332.7499184194
SPOTTISWOODE RESIDENCES,2906.28,SPOTTISWOODE PARK ROAD,Resale,Strata,Condominium,1.0,2.0,Rest of Central Region,21,3,36,40,1,9999,0,9999,0,0.0,0,0,0,1,1.0,6.123233995736766e-17,4316491.695966051
WOODSVILLE 28,1399.32,WOODSVILLE CLOSE,Resale,Strata,Apartment,1.0,13.0,Rest of Central Region,24,9,1,5,0,99,2007,82,17,0.1717171717171717,1,0,0,3,-1.0,-1.8369701987210297e-16,2081984.7868513041
J'DEN,1485.43,JURONG EAST CENTRAL 1,New Sale,Strata,Apartment,1.0,22.0,Outside Central Region,23,11,26,30,0,99,2023,99,0,0.0,1,1,1,4,-0.5000000000000004,0.8660254037844384,3651025.855276429
SILVERSEA,1646.89,MARINE PARADE ROAD,Resale,Strata,Condominium,1.0,15.0,Rest of Central Region,24,9,11,15,0,99,2007,82,17,0.1717171717171717,1,0,0,3,-1.0,-1.8369701987210297e-16,3569155.075194818
WATERFRONT KEY,1517.72,BEDOK RESERVOIR ROAD,Resale,Strata,Condominium,1.0,16.0,Outside Central Region,20,8,6,10,0,99,2007,86,13,0.13131313131313133,1,0,0,3,-0.8660254037844384,-0.5000000000000004,1629239.1053605336
THE GLADES,484.38,BEDOK RISE,Resale,Strata,Condominium,1.0,16.0,Outside Central Region,21,11,1,5,0,99,2013,91,8,0.08080808080808081,1,1,1,4,-0.5000000000000004,0.8660254037844384,716980.2450799712
TREASURE AT TAMPINES,1033.34,TAMPINES LANE,New Sale,Strata,Condominium,1.0,18.0,Outside Central Region,20,8,11,15,0,99,2018,97,2,0.020202020202020204,1,0,0,3,-0.8660254037844384,-0.5000000000000004,1410118.395509346
TANJONG RIA CONDOMINIUM,925.7,TANJONG RHU ROAD,Resale,Strata,Condominium,1.0,15.0,Rest of Central Region,22,12,1,5,0,99,1993,70,29,0.29292929292929293,2,0,0,4,-2.4492935982947064e-16,1.0,1342838.0014881818
KOPAR AT NEWTON,613.55,MAKEWAY AVENUE,New Sale,Strata,Apartment,1.0,9.0,Core Central Region,20,9,16,20,0,99,2019,98,1,0.010101010101010102,1,0,0,3,-1.0,-1.8369701987210297e-16,1569760.485533772
CASAFINA,1496.2,BEDOK SOUTH AVENUE 1,Resale,Strata,Condominium,1.0,16.0,Outside Central Region,24,3,1,5,0,99,1996,71,28,0.2828282828282828,2,0,0,1,1.0,6.123233995736766e-17,1859336.606688011
PICCADILLY GRAND,1377.79,NORTHUMBERLAND ROAD,New Sale,Strata,Apartment,1.0,8.0,Rest of Central Region,22,5,6,10,0,99,2021,98,1,0.010101010101010102,1,0,0,2,0.49999999999999994,-0.8660254037844387,2755882.645455063
CENTRA HEIGHTS,430.56,SIMS AVENUE,Resale,Strata,Apartment,1.0,14.0,Rest of Central Region,21,4,6,10,1,9999,0,9999,0,0.0,0,0,0,2,0.8660254037844387,-0.49999999999999983,672387.7252727514
RIVERFRONT RESIDENCES,613.55,HOUGANG AVENUE 7,Sub Sale,Strata,Apartment,1.0,19.0,Outside Central Region,24,8,1,5,0,99,2018,93,6,0.06060606060606061,1,0,0,3,-0.8660254037844384,-0.5000000000000004,966828.8268793756
HILLOCK GREEN,710.42,LENTOR CENTRAL,New Sale,Strata,Apartment,1.0,26.0,Outside Central Region,23,11,6,10,0,99,2022,98,1,0.010101010101010102,1,1,1,4,-0.5000000000000004,0.8660254037844384,1517624.0352953144
AMO RESIDENCE,1474.67,ANG MO KIO RISE,New Sale,Strata,Apartment,1.0,20.0,Outside Central Region,22,7,6,10,0,99,2021,98,1,0.010101010101010102,1,0,0,3,-0.4999999999999998,-0.8660254037844388,2972516.736813095
LATITUDE,2766.35,JALAN MUTIARA,Resale,Strata,Condominium,1.0,10.0,Core Central Region,21,7,6,10,1,9999,0,9999,0,0.0,0,0,0,3,-0.4999999999999998,-0.8660254037844388,6288014.115423203
NORMANTON PARK,731.95,NORMANTON PARK,New Sale,Strata,Apartment,1.0,5.0,Rest of Central Region,21,1,21,25,0,99,2019,97,2,0.020202020202020204,1,0,0,1,0.49999999999999994,0.8660254037844387,1318552.27955789
CHANGI COURT,1184.04,UPPER CHANGI ROAD EAST,Resale,Strata,Condominium,1.0,16.0,Outside Central Region,21,11,6,10,1,9999,0,9999,0,0.0,0,1,1,4,-0.5000000000000004,0.8660254037844384,1389573.5568295433
CANBERRA RESIDENCES,904.18,CANBERRA DRIVE,Resale,Strata,Condominium,1.0,27.0,Outside Central Region,22,10,1,5,0,99,2010,87,12,0.12121212121212122,1,1,0,4,-0.8660254037844386,0.5000000000000001,987075.147570984
SYMPHONY SUITES,914.94,YISHUN CLOSE,Resale,Strata,Condominium,1.0,27.0,Outside Central Region,21,11,6,10,0,99,2014,92,7,0.0707070707070707,1,1,1,4,-0.5000000000000004,0.8660254037844384,966347.5168929439
ESTILO,516.67,WILKIE ROAD,Resale,Strata,Apartment,1.0,9.0,Core Central Region,22,12,1,5,1,9999,0,9999,0,0.0,0,0,0,4,-2.4492935982947064e-16,1.0,993897.4674265642
HELIOS RESIDENCES,1915.99,CAIRNHILL CIRCLE,Resale,Strata,Apartment,1.0,9.0,Core Central Region,20,12,16,20,1,9999,0,9999,0,0.0,0,0,0,4,-2.4492935982947064e-16,1.0,4218104.54666701
EIGHT COURTYARDS,990.29,CANBERRA DRIVE,Resale,Strata,Condominium,1.0,27.0,Outside Central Region,21,7,6,10,0,99,2010,88,11,0.1111111111111111,1,0,0,3,-0.4999999999999998,-0.8660254037844388,987814.1732772087
THE GARDEN RESIDENCES,904.18,SERANGOON NORTH VIEW,Resale,Strata,Apartment,1.0,19.0,Outside Central Region,24,4,11,15,0,99,2017,92,7,0.0707070707070707,1,0,0,2,0.8660254037844387,-0.49999999999999983,1711071.69321083
CARISSA PARK CONDOMINIUM,947.23,FLORA DRIVE,Resale,Strata,Condominium,1.0,17.0,Outside Central Region,21,12,6,10,1,9999,0,9999,0,0.0,0,0,0,4,-2.4492935982947064e-16,1.0,888941.4881293462
LENTOR MANSION,527.44,LENTOR GARDENS,New Sale,Strata,Apartment,1.0,26.0,Outside Central Region,24,3,11,15,0,99,2023,98,1,0.010101010101010102,1,0,0,1,1.0,6.123233995736766e-17,1261456.609487628
VISIONCREST,904.18,OXLEY RISE,Resale,Strata,Apartment,1.0,9.0,Core Central Region,22,2,6,10,1,9999,0,9999,0,0.0,0,0,0,1,0.8660254037844386,0.5000000000000001,1935333.6193051317
THE VENUE RESIDENCES,645.84,TAI THONG CRESCENT,Resale,Strata,Apartment,1.0,13.0,Rest of Central Region,21,1,1,5,0,99,2012,90,9,0.09090909090909091,1,0,0,1,0.49999999999999994,0.8660254037844387,1006771.3746846359
PARC RIVIERA,602.78,WEST COAST VALE,Resale,Strata,Condominium,1.0,5.0,Outside Central Region,22,9,21,25,0,99,2015,92,7,0.0707070707070707,1,0,0,3,-1.0,-1.8369701987210297e-16,928945.6074282262
CASTLE GREEN,1173.28,YIO CHU KANG ROAD,Resale,Strata,Condominium,1.0,26.0,Outside Central Region,20,12,11,15,0,99,1993,72,27,0.2727272727272727,2,0,0,4,-2.4492935982947064e-16,1.0,1159627.5311138802
THE BOTANY AT DAIRY FARM,1033.34,DAIRY FARM WALK,New Sale,Strata,Condominium,1.0,23.0,Outside Central Region,24,4,6,10,0,99,2022,97,2,0.020202020202020204,1,0,0,2,0.8660254037844387,-0.49999999999999983,2108925.828938818
QUEENS,1194.8,STIRLING ROAD,Resale,Strata,Condominium,1.0,3.0,Rest of Central Region,21,2,11,15,0,99,1998,76,23,0.23232323232323232,2,0,0,1,0.8660254037844386,0.5000000000000001,1509791.6301268463
CANNINGHILL PIERS,538.2,CLARKE QUAY,New Sale,Strata,Apartment,1.0,6.0,Rest of Central Region,21,11,6,10,0,99,2021,99,0,0.0,1,1,1,4,-0.5000000000000004,0.8660254037844384,1497224.3769578408
WATERBANK AT DAKOTA,1130.22,DAKOTA CRESCENT,Resale,Strata,Condominium,1.0,14.0,Rest of Central Region,21,11,11,15,0,99,2009,87,12,0.12121212121212122,1,1,1,4,-0.5000000000000004,0.8660254037844384,1935526.8845671713
HERITAGE VIEW,1313.21,DOVER RISE,Resale,Strata,Condominium,1.0,5.0,Rest of Central Region,24,1,16,20,0,99,1996,71,28,0.2828282828282828,2,0,0,1,0.49999999999999994,0.8660254037844387,2195862.519585432
NORMANTON PARK,936.47,NORMANTON PARK,Sub Sale,Strata,Apartment,1.0,5.0,Rest of Central Region,24,2,16,20,0,99,2019,94,5,0.050505050505050504,1,0,0,1,0.8660254037844386,0.5000000000000001,1916026.0893806517
KALLANG RIVERSIDE,1571.54,KAMPONG BUGIS,Resale,Strata,Apartment,1.0,12.0,Rest of Central Region,24,4,1,5,1,9999,0,9999,0,0.0,0,0,0,2,0.8660254037844387,-0.49999999999999983,2889298.898738258
GUILLEMARD SUITES,635.08,GUILLEMARD ROAD,Resale,Strata,Apartment,1.0,14.0,Rest of Central Region,22,1,1,5,1,9999,0,9999,0,0.0,0,0,0,1,0.49999999999999994,0.8660254037844387,891888.3359071639
VIDA,882.65,PECK HAY ROAD,Resale,Strata,Apartment,1.0,9.0,Core Central Region,23,10,6,10,1,9999,0,9999,0,0.0,0,1,0,4,-0.8660254037844386,0.5000000000000001,1740242.6258160276
DUO RESIDENCES,645.84,FRASER STREET,Resale,Strata,Apartment,1.0,7.0,Core Central Region,23,2,1,5,0,99,2011,87,12,0.12121212121212122,1,0,0,1,0.8660254037844386,0.5000000000000001,1318472.4630688005
SENGKANG GRAND RESIDENCES,1011.82,COMPASSVALE BOW,New Sale,Strata,Apartment,1.0,19.0,Outside Central Region,21,9,1,5,0,99,2018,96,3,0.030303030303030304,1,0,0,3,-1.0,-1.8369701987210297e-16,1712078.9581711418
LENTOR HILLS RESIDENCES,1108.69,LENTOR HILLS ROAD,New Sale,Strata,Apartment,1.0,26.0,Outside Central Region,23,9,1,5,0,99,2022,98,1,0.010101010101010102,1,0,0,3,-1.0,-1.8369701987210297e-16,2207853.1293148273
GRANDVIEW SUITES,419.8,LORONG 22 GEYLANG,Resale,Strata,Apartment,1.0,14.0,Rest of Central Region,23,7,1,5,1,9999,0,9999,0,0.0,0,0,0,3,-0.4999999999999998,-0.8660254037844388,630624.2429495205
THE SAIL @ MARINA BAY,1646.89,MARINA BOULEVARD,Resale,Strata,Apartment,1.0,1.0,Core Central Region,23,7,16,20,0,99,2002,78,21,0.21212121212121213,2,0,0,3,-0.4999999999999998,-0.8660254037844388,3158609.868982419
NAVA GROVE,624.31,PINE GROVE,New Sale,Strata,Condominium,1.0,21.0,Rest of Central Region,24,11,6,10,0,99,2024,99,0,0.0,1,1,1,4,-0.5000000000000004,0.8660254037844384,1521889.253227633
SELETAR PARK RESIDENCE,1991.34,SELETAR ROAD,Resale,Strata,Condominium,1.0,28.0,Outside Central Region,24,9,1,5,0,99,2011,86,13,0.13131313131313133,1,0,0,3,-1.0,-1.8369701987210297e-16,2151907.660618944
HILLINGTON GREEN,1356.26,HILLVIEW AVENUE,Resale,Strata,Condominium,1.0,23.0,Outside Central Region,22,9,1,5,0,999,1883,860,139,0.13913913913913914,1,0,0,3,-1.0,-1.8369701987210297e-16,1954125.3704201651
KINGSFORD . HILLVIEW PEAK,548.96,HILLVIEW RISE,Resale,Strata,Condominium,1.0,23.0,Outside Central Region,24,5,1,5,0,99,2012,87,12,0.12121212121212122,1,0,0,2,0.49999999999999994,-0.8660254037844387,792603.7201445097
GEM RESIDENCES,1313.21,LORONG 5 TOA PAYOH,Sub Sale,Strata,Condominium,1.0,12.0,Rest of Central Region,22,11,26,30,0,99,2015,92,7,0.0707070707070707,1,1,1,4,-0.5000000000000004,0.8660254037844384,2536020.6752944766
SCENECA RESIDENCE,1119.46,TANAH MERAH KECHIL LINK,New Sale,Strata,Apartment,1.0,16.0,Outside Central Region,24,9,6,10,0,99,2021,96,3,0.030303030303030304,1,0,0,3,-1.0,-1.8369701987210297e-16,2357831.9986516363
JARDIN,1097.93,DUNEARN ROAD,Resale,Strata,Condominium,1.0,21.0,Rest of Central Region,22,9,1,5,1,9999,0,9999,0,0.0,0,0,0,3,-1.0,-1.8369701987210297e-16,1988103.0085546195
MEYER MANSION,484.38,MEYER ROAD,New Sale,Strata,Apartment,1.0,15.0,Rest of Central Region,21,9,21,25,1,9999,0,9999,0,0.0,0,0,0,3,-1.0,-1.8369701987210297e-16,1513778.2201429904
THE WOODGROVE,1033.34,WOODGROVE DRIVE,Resale,Strata,Apartment,1.0,25.0,Outside Central Region,24,9,6,10,0,99,1996,71,28,0.2828282828282828,2,0,0,3,-1.0,-1.8369701987210297e-16,1191962.4736983906
THE TRILLIUM,2217.38,KIM SENG ROAD,Resale,Strata,Condominium,1.0,9.0,Core Central Region,22,5,11,15,1,9999,0,9999,0,0.0,0,0,0,2,0.49999999999999994,-0.8660254037844387,5144102.947736536
KAP RESIDENCES,1367.03,KING ALBERT PARK,Resale,Strata,Apartment,1.0,21.0,Rest of Central Region,23,12,6,10,1,9999,0,9999,0,0.0,0,0,0,4,-2.4492935982947064e-16,1.0,2054890.1463797658
ONE PEARL BANK,839.59,PEARL BANK,New Sale,Strata,Apartment,1.0,3.0,Rest of Central Region,21,9,16,20,0,99,2019,97,2,0.020202020202020204,1,0,0,3,-1.0,-1.8369701987210297e-16,2034752.2491682884
WHISTLER GRAND,613.55,WEST COAST VALE,New Sale,Strata,Apartment,1.0,5.0,Outside Central Region,20,12,31,35,0,99,2018,97,2,0.020202020202020204,1,0,0,4,-2.4492935982947064e-16,1.0,982403.6382800328
THE LINQ @ BEAUTY WORLD,613.55,UPPER BUKIT TIMAH ROAD,New Sale,Strata,Apartment,1.0,21.0,Rest of Central Region,20,11,6,10,1,9999,0,9999,0,0.0,0,1,1,4,-0.5000000000000004,0.8660254037844384,1297610.2551431092
AMBER PARK,699.66,AMBER GARDENS,New Sale,Strata,Condominium,1.0,15.0,Rest of Central Region,21,4,21,25,1,9999,0,9999,0,0.0,0,0,0,2,0.8660254037844387,-0.49999999999999983,1765277.2892970084
MANDALAY MANSION,2088.22,MINBU ROAD,Resale,Strata,Apartment,1.0,11.0,Core Central Region,21,11,6,10,1,9999,0,9999,0,0.0,0,1,1,4,-0.5000000000000004,0.8660254037844384,2673022.2875149087
ADRIA,1410.08,DERBYSHIRE ROAD,Resale,Strata,Apartment,1.0,11.0,Core Central Region,21,5,1,5,1,9999,0,9999,0,0.0,0,0,0,2,0.49999999999999994,-0.8660254037844387,2234990.8924329206
HILLOCK GREEN,624.31,LENTOR CENTRAL,New Sale,Strata,Apartment,1.0,26.0,Outside Central Region,24,2,16,20,0,99,2022,97,2,0.020202020202020204,1,0,0,1,0.8660254037844386,0.5000000000000001,1531272.2468989722
CANNINGHILL PIERS,538.2,CLARKE QUAY,New Sale,Strata,Apartment,1.0,6.0,Rest of Central Region,21,11,1,5,0,99,2021,99,0,0.0,1,1,1,4,-0.5000000000000004,0.8660254037844384,1463757.0515318399
A TREASURE TROVE,1205.57,PUNGGOL WALK,Resale,Strata,Condominium,1.0,19.0,Outside Central Region,24,3,6,10,0,99,2011,86,13,0.13131313131313133,1,0,0,1,1.0,6.123233995736766e-17,1772793.172739951
THE CREST,1657.66,PRINCE CHARLES CRESCENT,Resale,Strata,Condominium,1.0,3.0,Rest of Central Region,21,6,1,5,0,99,2012,90,9,0.09090909090909091,1,0,0,2,1.2246467991473532e-16,-1.0,2818664.8158948678
JADESCAPE,764.24,SHUNFU ROAD,New Sale,Strata,Condominium,1.0,20.0,Rest of Central Region,20,9,16,20,0,99,2018,97,2,0.020202020202020204,1,0,0,3,-1.0,-1.8369701987210297e-16,1380220.0722053756
